id	java_package	java_paths	source_root	files	loc	crate	wave	cycle	needs_split	deps	status	attempts	notes
bukkit.block.structure	org.bukkit.block.structure	org/bukkit/block/structure/Mirror.java,org/bukkit/block/structure/StructureRotation.java,org/bukkit/block/structure/UsageMode.java,org/bukkit/block/structure/package-info.java	paper-api	4	86	rivet-api	0				pending	0	
bukkit.craftbukkit.bootstrap	org.bukkit.craftbukkit.bootstrap	org/bukkit/craftbukkit/bootstrap/Main.java	paper-server	1	169	rivet-server	0				pending	0	
bukkit.inventory.recipe	org.bukkit.inventory.recipe	org/bukkit/inventory/recipe/CookingBookCategory.java,org/bukkit/inventory/recipe/CraftingBookCategory.java,org/bukkit/inventory/recipe/package-info.java	paper-api	3	31	rivet-api	0				pending	0	
bukkit.packs	org.bukkit.packs	org/bukkit/packs/ResourcePack.java,org/bukkit/packs/package-info.java	paper-api	2	56	rivet-api	0				pending	0	
ca.spottedleaf.dataconverter.converters	ca.spottedleaf.dataconverter.converters	ca/spottedleaf/dataconverter/converters/DataConverter.java	minecraft	1	54	rivet-server	0				pending	0	
ca.spottedleaf.dataconverter.converters.datatypes	ca.spottedleaf.dataconverter.converters.datatypes	ca/spottedleaf/dataconverter/converters/datatypes/DataHook.java,ca/spottedleaf/dataconverter/converters/datatypes/DataType.java,ca/spottedleaf/dataconverter/converters/datatypes/DataWalker.java	minecraft	3	39	rivet-server	0				pending	0	
ca.spottedleaf.dataconverter.minecraft.converters.advancements	ca.spottedleaf.dataconverter.minecraft.converters.advancements	ca/spottedleaf/dataconverter/minecraft/converters/advancements/ConverterAbstractAdvancementsRename.java,ca/spottedleaf/dataconverter/minecraft/converters/advancements/ConverterCriteriaRename.java	minecraft	2	70	rivet-server	0				pending	0	
ca.spottedleaf.dataconverter.minecraft.converters.attributes	ca.spottedleaf.dataconverter.minecraft.converters.attributes	ca/spottedleaf/dataconverter/minecraft/converters/attributes/ConverterAbstractAttributesRename.java,ca/spottedleaf/dataconverter/minecraft/converters/attributes/ConverterAbstractOldAttributesRename.java,ca/spottedleaf/dataconverter/minecraft/converters/attributes/ConverterAbstractPostV4307AttributesRename.java,ca/spottedleaf/dataconverter/minecraft/converters/attributes/ConverterEntityAttributesBaseValueUpdater.java	minecraft	4	223	rivet-server	0				pending	0	
ca.spottedleaf.dataconverter.minecraft.converters.blockname	ca.spottedleaf.dataconverter.minecraft.converters.blockname	ca/spottedleaf/dataconverter/minecraft/converters/blockname/ConverterAbstractBlockRename.java	minecraft	1	64	rivet-server	0				pending	0	
ca.spottedleaf.dataconverter.minecraft.converters.entity	ca.spottedleaf.dataconverter.minecraft.converters.entity	ca/spottedleaf/dataconverter/minecraft/converters/entity/ConverterAbstractEntityRename.java,ca/spottedleaf/dataconverter/minecraft/converters/entity/ConverterEntityToVariant.java,ca/spottedleaf/dataconverter/minecraft/converters/entity/ConverterEntityVariantRename.java,ca/spottedleaf/dataconverter/minecraft/converters/entity/ConverterFlattenEntity.java	minecraft	4	490	rivet-server	0				pending	0	
ca.spottedleaf.dataconverter.minecraft.converters.itemname	ca.spottedleaf.dataconverter.minecraft.converters.itemname	ca/spottedleaf/dataconverter/minecraft/converters/itemname/ConverterAbstractItemRename.java	minecraft	1	18	rivet-server	0				pending	0	
ca.spottedleaf.dataconverter.minecraft.converters.leveldat	ca.spottedleaf.dataconverter.minecraft.converters.leveldat	ca/spottedleaf/dataconverter/minecraft/converters/leveldat/ConverterRemoveFeatureFlag.java	minecraft	1	46	rivet-server	0				pending	0	
ca.spottedleaf.dataconverter.minecraft.converters.options	ca.spottedleaf.dataconverter.minecraft.converters.options	ca/spottedleaf/dataconverter/minecraft/converters/options/ConverterAbstractOptionsRename.java	minecraft	1	28	rivet-server	0				pending	0	
ca.spottedleaf.dataconverter.minecraft.converters.poi	ca.spottedleaf.dataconverter.minecraft.converters.poi	ca/spottedleaf/dataconverter/minecraft/converters/poi/ConverterAbstractPOIRename.java,ca/spottedleaf/dataconverter/minecraft/converters/poi/ConverterPoiDelete.java	minecraft	2	106	rivet-server	0				pending	0	
ca.spottedleaf.dataconverter.minecraft.converters.recipe	ca.spottedleaf.dataconverter.minecraft.converters.recipe	ca/spottedleaf/dataconverter/minecraft/converters/recipe/ConverterAbstractRecipeRename.java	minecraft	1	18	rivet-server	0				pending	0	
ca.spottedleaf.dataconverter.minecraft.converters.stats	ca.spottedleaf.dataconverter.minecraft.converters.stats	ca/spottedleaf/dataconverter/minecraft/converters/stats/ConverterAbstractStatsRename.java,ca/spottedleaf/dataconverter/minecraft/converters/stats/ConverterFlattenStats.java	minecraft	2	387	rivet-server	0				pending	0	
ca.spottedleaf.dataconverter.minecraft.converters.tileentity	ca.spottedleaf.dataconverter.minecraft.converters.tileentity	ca/spottedleaf/dataconverter/minecraft/converters/tileentity/ConverterAbstractTileEntityRemove.java,ca/spottedleaf/dataconverter/minecraft/converters/tileentity/ConverterAbstractTileEntityRename.java	minecraft	2	147	rivet-server	0				pending	0	
ca.spottedleaf.dataconverter.minecraft.datatypes	ca.spottedleaf.dataconverter.minecraft.datatypes	ca/spottedleaf/dataconverter/minecraft/datatypes/DynamicDataType.java,ca/spottedleaf/dataconverter/minecraft/datatypes/IDDataType.java,ca/spottedleaf/dataconverter/minecraft/datatypes/MCDataType.java,ca/spottedleaf/dataconverter/minecraft/datatypes/MCTypeRegistry.java,ca/spottedleaf/dataconverter/minecraft/datatypes/MCValueType.java	minecraft	5	929	rivet-server	0				pending	0	
ca.spottedleaf.dataconverter.minecraft.hooks	ca.spottedleaf.dataconverter.minecraft.hooks	ca/spottedleaf/dataconverter/minecraft/hooks/DataHookEnforceNamespacedID.java,ca/spottedleaf/dataconverter/minecraft/hooks/DataHookValueTypeEnforceNamespaced.java	minecraft	2	49	rivet-server	0				pending	0	
ca.spottedleaf.dataconverter.minecraft.walkers.block_name	ca.spottedleaf.dataconverter.minecraft.walkers.block_name	ca/spottedleaf/dataconverter/minecraft/walkers/block_name/DataWalkerBlockNames.java	minecraft	1	11	rivet-server	0				pending	0	
ca.spottedleaf.dataconverter.minecraft.walkers.game_event	ca.spottedleaf.dataconverter.minecraft.walkers.game_event	ca/spottedleaf/dataconverter/minecraft/walkers/game_event/GameEventListenerWalker.java	minecraft	1	21	rivet-server	0				pending	0	
ca.spottedleaf.dataconverter.minecraft.walkers.generic	ca.spottedleaf.dataconverter.minecraft.walkers.generic	ca/spottedleaf/dataconverter/minecraft/walkers/generic/DataWalkerListPaths.java,ca/spottedleaf/dataconverter/minecraft/walkers/generic/DataWalkerTypePaths.java,ca/spottedleaf/dataconverter/minecraft/walkers/generic/WalkerUtils.java	minecraft	3	271	rivet-server	0				pending	0	
ca.spottedleaf.dataconverter.minecraft.walkers.item_name	ca.spottedleaf.dataconverter.minecraft.walkers.item_name	ca/spottedleaf/dataconverter/minecraft/walkers/item_name/DataWalkerItemNames.java	minecraft	1	11	rivet-server	0				pending	0	
ca.spottedleaf.dataconverter.minecraft.walkers.itemstack	ca.spottedleaf.dataconverter.minecraft.walkers.itemstack	ca/spottedleaf/dataconverter/minecraft/walkers/itemstack/DataWalkerItemLists.java,ca/spottedleaf/dataconverter/minecraft/walkers/itemstack/DataWalkerItems.java	minecraft	2	24	rivet-server	0				pending	0	
ca.spottedleaf.dataconverter.minecraft.walkers.tile_entity	ca.spottedleaf.dataconverter.minecraft.walkers.tile_entity	ca/spottedleaf/dataconverter/minecraft/walkers/tile_entity/DataWalkerTileEntities.java	minecraft	1	12	rivet-server	0				pending	0	
ca.spottedleaf.dataconverter.types	ca.spottedleaf.dataconverter.types	ca/spottedleaf/dataconverter/types/ListType.java,ca/spottedleaf/dataconverter/types/MapType.java,ca/spottedleaf/dataconverter/types/ObjectType.java,ca/spottedleaf/dataconverter/types/TypeUtil.java,ca/spottedleaf/dataconverter/types/Types.java	minecraft	5	605	rivet-server	0				pending	0	
ca.spottedleaf.dataconverter.types.json	ca.spottedleaf.dataconverter.types.json	ca/spottedleaf/dataconverter/types/json/JsonListType.java,ca/spottedleaf/dataconverter/types/json/JsonMapType.java,ca/spottedleaf/dataconverter/types/json/JsonTypeUtil.java	minecraft	3	1163	rivet-server	0				pending	0	
ca.spottedleaf.moonrise.common.map	ca.spottedleaf.moonrise.common.map	ca/spottedleaf/moonrise/common/map/Int2IntArraySortedMap.java,ca/spottedleaf/moonrise/common/map/Int2ObjectArraySortedMap.java,ca/spottedleaf/moonrise/common/map/Long2IntArraySortedMap.java,ca/spottedleaf/moonrise/common/map/Long2ObjectArraySortedMap.java,ca/spottedleaf/moonrise/common/map/SynchronisedLong2BooleanMap.java,ca/spottedleaf/moonrise/common/map/SynchronisedLong2ObjectMap.java	paper-server	6	397	rivet-server	0				pending	0	
ca.spottedleaf.moonrise.common.set	ca.spottedleaf.moonrise.common.set	ca/spottedleaf/moonrise/common/set/OptimizedSmallEnumSet.java	paper-server	1	68	rivet-server	0				pending	0	
ca.spottedleaf.moonrise.patches.block_counting	ca.spottedleaf.moonrise.patches.block_counting	ca/spottedleaf/moonrise/patches/block_counting/BlockCountingBitStorage.java,ca/spottedleaf/moonrise/patches/block_counting/BlockCountingChunkSection.java	minecraft	2	21	rivet-server	0				pending	0	
ca.spottedleaf.moonrise.patches.blockstate_propertyaccess	ca.spottedleaf.moonrise.patches.blockstate_propertyaccess	ca/spottedleaf/moonrise/patches/blockstate_propertyaccess/PropertyAccess.java,ca/spottedleaf/moonrise/patches/blockstate_propertyaccess/PropertyAccessStateHolder.java	minecraft	2	23	rivet-server	0				pending	0	
ca.spottedleaf.moonrise.patches.chunk_system.queue	ca.spottedleaf.moonrise.patches.chunk_system.queue	ca/spottedleaf/moonrise/patches/chunk_system/queue/ChunkUnloadQueue.java	minecraft	1	144	rivet-server	0				pending	0	
ca.spottedleaf.moonrise.patches.chunk_system.server	ca.spottedleaf.moonrise.patches.chunk_system.server	ca/spottedleaf/moonrise/patches/chunk_system/server/ChunkSystemMinecraftServer.java	minecraft	1	11	rivet-server	0				pending	0	
ca.spottedleaf.moonrise.patches.chunk_system.ticks	ca.spottedleaf.moonrise.patches.chunk_system.ticks	ca/spottedleaf/moonrise/patches/chunk_system/ticks/ChunkSystemLevelChunkTicks.java	minecraft	1	9	rivet-server	0				pending	0	
ca.spottedleaf.moonrise.patches.fast_palette	ca.spottedleaf.moonrise.patches.fast_palette	ca/spottedleaf/moonrise/patches/fast_palette/FastPalette.java,ca/spottedleaf/moonrise/patches/fast_palette/FastPaletteData.java	minecraft	2	18	rivet-server	0				pending	0	
ca.spottedleaf.moonrise.patches.fluid	ca.spottedleaf.moonrise.patches.fluid	ca/spottedleaf/moonrise/patches/fluid/FluidFluidState.java	minecraft	1	5	rivet-server	0				pending	0	
ca.spottedleaf.moonrise.patches.starlight.blockstate	ca.spottedleaf.moonrise.patches.starlight.blockstate	ca/spottedleaf/moonrise/patches/starlight/blockstate/StarlightAbstractBlockState.java	minecraft	1	7	rivet-server	0				pending	0	
ca.spottedleaf.moonrise.patches.starlight.chunk	ca.spottedleaf.moonrise.patches.starlight.chunk	ca/spottedleaf/moonrise/patches/starlight/chunk/StarlightChunk.java	minecraft	1	18	rivet-server	0				pending	0	
ca.spottedleaf.moonrise.patches.starlight.storage	ca.spottedleaf.moonrise.patches.starlight.storage	ca/spottedleaf/moonrise/patches/starlight/storage/StarlightSectionData.java	minecraft	1	13	rivet-server	0				pending	0	
co.aikar.util	co.aikar.util	co/aikar/util/Counter.java,co/aikar/util/JSONUtil.java,co/aikar/util/LoadingIntMap.java,co/aikar/util/LoadingMap.java,co/aikar/util/MRUMapCache.java	paper-api	5	735	rivet-server	0				pending	0	
com.destroystokyo.paper.entity.villager	com.destroystokyo.paper.entity.villager	com/destroystokyo/paper/entity/villager/Reputation.java,com/destroystokyo/paper/entity/villager/ReputationType.java	paper-api	2	92	rivet-api	0				pending	0	
com.mojang.authlib.yggdrasil	com.mojang.authlib.yggdrasil	com/mojang/authlib/yggdrasil/YggdrasilGameProfileRepository.java	minecraft	1	135	rivet-server	0				pending	0	
com.mojang.brigadier	com.mojang.brigadier	com/mojang/brigadier/CommandDispatcher.java	minecraft	1	667	rivet-brigadier	0	3	yes	com.mojang.brigadier.builder,com.mojang.brigadier.exceptions,com.mojang.brigadier.suggestion,com.mojang.brigadier.tree	done	1	full upstream package ported (root, dispatcher, all classes); Paper patches depending on Minecraft/Adventure types stay // STUB(brigadier)
com.mojang.brigadier.builder	com.mojang.brigadier.builder	com/mojang/brigadier/builder/ArgumentBuilder.java	minecraft	1	107	rivet-brigadier	0	3	yes	com.mojang.brigadier,com.mojang.brigadier.tree	done	1	ArgumentBuilder/LiteralArgumentBuilder/RequiredArgumentBuilder ported
com.mojang.brigadier.exceptions	com.mojang.brigadier.exceptions	com/mojang/brigadier/exceptions/CommandSyntaxException.java	minecraft	1	83	rivet-brigadier	0	3	yes	com.mojang.brigadier	done	1	CommandSyntaxException+BuiltInExceptions ported; STUB: ENABLE_COMMAND_STACK_TRACES inert (no Java stack traces), componentMessage() blocked on Adventure types
com.mojang.brigadier.suggestion	com.mojang.brigadier.suggestion	com/mojang/brigadier/suggestion/IntegerSuggestion.java,com/mojang/brigadier/suggestion/Suggestion.java	minecraft	2	182	rivet-brigadier	0	3	yes	com.mojang.brigadier	done	1	Suggestion/IntegerSuggestion/SuggestionProvider/Suggestions/SuggestionsBuilder ported (OrderedCustomSuggestionProvider is not in upstream 1.3.10)
com.mojang.brigadier.tree	com.mojang.brigadier.tree	com/mojang/brigadier/tree/CommandNode.java,com/mojang/brigadier/tree/LiteralCommandNode.java	minecraft	2	372	rivet-brigadier	0	3	yes	com.mojang.brigadier,com.mojang.brigadier.builder,com.mojang.brigadier.exceptions,com.mojang.brigadier.suggestion	done	1	CommandNode/Literal/Argument/Root nodes ported (name-merge addChild, parse, equals/hashCode, createBuilder, canUse)
com.mojang.datafixers	com.mojang.datafixers	com/mojang/datafixers/DataFixerBuilder.java	minecraft	1	124	rivet-serialization	0				pending	0	
com.mojang.datafixers.util	com.mojang.datafixers.util	com/mojang/datafixers/util/Either.java	minecraft	1	248	rivet-serialization	0				pending	0	
com.mojang.logging	com.mojang.logging	com/mojang/logging/LogUtils.java	minecraft	1	70	rivet-server	0				pending	0	
mc.server.jsonrpc.security	net.minecraft.server.jsonrpc.security	net/minecraft/server/jsonrpc/security/AuthenticationHandler.java,net/minecraft/server/jsonrpc/security/JsonRpcSslContextProvider.java,net/minecraft/server/jsonrpc/security/SecurityConfig.java,net/minecraft/server/jsonrpc/security/package-info.java	minecraft	4	272	rivet-server	0				pending	0	
mc.server.jsonrpc.websocket	net.minecraft.server.jsonrpc.websocket	net/minecraft/server/jsonrpc/websocket/JsonToWebSocketEncoder.java,net/minecraft/server/jsonrpc/websocket/WebSocketToJsonCodec.java,net/minecraft/server/jsonrpc/websocket/package-info.java	minecraft	3	35	rivet-server	0				pending	0	
mc.util.filefix.virtualfilesystem.exception	net.minecraft.util.filefix.virtualfilesystem.exception	net/minecraft/util/filefix/virtualfilesystem/exception/CowFSCreationException.java,net/minecraft/util/filefix/virtualfilesystem/exception/CowFSDirectoryNotEmptyException.java,net/minecraft/util/filefix/virtualfilesystem/exception/CowFSFileAlreadyExistsException.java,net/minecraft/util/filefix/virtualfilesystem/exception/CowFSFileSystemException.java,net/minecraft/util/filefix/virtualfilesystem/exception/CowFSIllegalArgumentException.java,net/minecraft/util/filefix/virtualfilesystem/exception/CowFSNoSuchFileException.java,net/minecraft/util/filefix/virtualfilesystem/exception/CowFSNotDirectoryException.java,net/minecraft/util/filefix/virtualfilesystem/exception/CowFSSymlinkException.java,net/minecraft/util/filefix/virtualfilesystem/exception/package-info.java	minecraft	9	70	rivet-util	0				pending	0	
mc.util.parsing	net.minecraft.util.parsing	net/minecraft/util/parsing/package-info.java	minecraft	1	4	rivet-util	0				pending	0	
mc.util.profiling.jfr.callback	net.minecraft.util.profiling.jfr.callback	net/minecraft/util/profiling/jfr/callback/ProfiledDuration.java,net/minecraft/util/profiling/jfr/callback/package-info.java	minecraft	2	10	rivet-util	0				pending	0	
mc.world.level.validation	net.minecraft.world.level.validation	net/minecraft/world/level/validation/ContentValidationException.java,net/minecraft/world/level/validation/DirectoryValidator.java,net/minecraft/world/level/validation/ForbiddenSymlinkInfo.java,net/minecraft/world/level/validation/PathAllowList.java,net/minecraft/world/level/validation/package-info.java	minecraft	5	231	rivet-world	0				pending	0	
org.apache.logging.log4j.core.appender	org.apache.logging.log4j.core.appender	org/apache/logging/log4j/core/appender/AsyncAppender.java,org/apache/logging/log4j/core/appender/AsyncAppenderEventDispatcher.java	minecraft	2	782	rivet-server	0				pending	0	
paper.annotation	io.papermc.paper.annotation	io/papermc/paper/annotation/DoNotUse.java,io/papermc/paper/annotation/GeneratedClass.java	paper-api	2	37	rivet-api	0				pending	0	
paper.command.brigadier.argument.range	io.papermc.paper.command.brigadier.argument.range	io/papermc/paper/command/brigadier/argument/range/DoubleRangeProvider.java,io/papermc/paper/command/brigadier/argument/range/IntegerRangeProvider.java,io/papermc/paper/command/brigadier/argument/range/RangeProvider.java,io/papermc/paper/command/brigadier/argument/range/package-info.java	paper-api	4	49	rivet-api	0				pending	0	
paper.configuration.constraint	io.papermc.paper.configuration.constraint	io/papermc/paper/configuration/constraint/Constraint.java,io/papermc/paper/configuration/constraint/Constraints.java	paper-server	2	91	rivet-api	0				pending	0	
paper.configuration.serializer.collection	io.papermc.paper.configuration.serializer.collection	io/papermc/paper/configuration/serializer/collection/TableSerializer.java,io/papermc/paper/configuration/serializer/collection/package-info.java	paper-server	2	101	rivet-api	0				pending	0	
paper.configuration.serializer.collection.map	io.papermc.paper.configuration.serializer.collection.map	io/papermc/paper/configuration/serializer/collection/map/FastutilMapSerializer.java,io/papermc/paper/configuration/serializer/collection/map/MapSerializer.java,io/papermc/paper/configuration/serializer/collection/map/ThrowExceptions.java,io/papermc/paper/configuration/serializer/collection/map/WriteKeyBack.java,io/papermc/paper/configuration/serializer/collection/map/package-info.java	paper-server	5	290	rivet-api	0				pending	0	
paper.configuration.type.number	io.papermc.paper.configuration.type.number	io/papermc/paper/configuration/type/number/BelowZeroToEmpty.java,io/papermc/paper/configuration/type/number/DoubleOr.java,io/papermc/paper/configuration/type/number/IntOr.java,io/papermc/paper/configuration/type/number/OptionalNumSerializer.java,io/papermc/paper/configuration/type/number/package-info.java	paper-server	5	242	rivet-api	0				pending	0	
paper.enchantments	io.papermc.paper.enchantments	io/papermc/paper/enchantments/EnchantmentRarity.java	paper-api	1	28	rivet-api	0				pending	0	
paper.item	io.papermc.paper.item	io/papermc/paper/item/MapPostProcessing.java	paper-api	1	8	rivet-api	0				pending	0	
paper.log	io.papermc.paper.log	io/papermc/paper/log/CustomLogManager.java,io/papermc/paper/log/LogManagerShutdownThread.java,io/papermc/paper/log/LoggerShutdown.java	paper-server	3	70	rivet-api	0				pending	0	
paper.network	io.papermc.paper.network	io/papermc/paper/network/ChannelInitializeListener.java,io/papermc/paper/network/ChannelInitializeListenerHolder.java,io/papermc/paper/network/ConnectionEvent.java	paper-server	3	99	rivet-api	0				pending	0	
paper.plugin.loader.library	io.papermc.paper.plugin.loader.library	io/papermc/paper/plugin/loader/library/ClassPathLibrary.java,io/papermc/paper/plugin/loader/library/LibraryLoadingException.java,io/papermc/paper/plugin/loader/library/LibraryStore.java,io/papermc/paper/plugin/loader/library/PaperLibraryStore.java	paper-api,paper-server	4	83	rivet-api	0				pending	0	
paper.registry.data.client	io.papermc.paper.registry.data.client	io/papermc/paper/registry/data/client/ClientTextureAsset.java,io/papermc/paper/registry/data/client/ClientTextureAssetImpl.java	paper-api	2	97	rivet-api	0				pending	0	
paper.scoreboard.numbers	io.papermc.paper.scoreboard.numbers	io/papermc/paper/scoreboard/numbers/BlankFormatImpl.java,io/papermc/paper/scoreboard/numbers/FixedFormat.java,io/papermc/paper/scoreboard/numbers/FixedFormatImpl.java,io/papermc/paper/scoreboard/numbers/NumberFormat.java,io/papermc/paper/scoreboard/numbers/StyledFormat.java,io/papermc/paper/scoreboard/numbers/StyledFormatImpl.java	paper-api	6	133	rivet-api	0				pending	0	
paper.util.concurrent	io.papermc.paper.util.concurrent	io/papermc/paper/util/concurrent/ScalingThreadPool.java	paper-server	1	85	rivet-api	0				pending	0	
com.mojang.serialization	com.mojang.serialization	com/mojang/serialization/Dynamic.java	minecraft	1	248	rivet-serialization	1			com.mojang.datafixers,com.mojang.datafixers.util	pending	0	
paper.configuration.transformation.world.versioned	io.papermc.paper.configuration.transformation.world.versioned	io/papermc/paper/configuration/transformation/world/versioned/V29_ZeroWorldHeight.java,io/papermc/paper/configuration/transformation/world/versioned/V30_RenameFilterNbtFromSpawnEgg.java,io/papermc/paper/configuration/transformation/world/versioned/package-info.java	paper-server	3	78	rivet-api	1			io.papermc.paper.configuration.type.number	pending	0	
paper.plugin.loader.library.impl	io.papermc.paper.plugin.loader.library.impl	io/papermc/paper/plugin/loader/library/impl/JarLibrary.java,io/papermc/paper/plugin/loader/library/impl/MavenLibraryResolver.java	paper-api	2	210	rivet-api	1			io.papermc.paper.plugin.loader.library	pending	0	
mc.server.packs.metadata	net.minecraft.server.packs.metadata	net/minecraft/server/packs/metadata/MetadataSectionType.java,net/minecraft/server/packs/metadata/package-info.java	minecraft	2	20	rivet-server	2			com.mojang.serialization	pending	0	
mc.util.eventlog	net.minecraft.util.eventlog	net/minecraft/util/eventlog/EventLogDirectory.java,net/minecraft/util/eventlog/JsonEventLog.java,net/minecraft/util/eventlog/JsonEventLogReader.java,net/minecraft/util/eventlog/package-info.java	minecraft	4	377	rivet-util	2			com.mojang.serialization	pending	0	
bukkit.advancement	org.bukkit.advancement	org/bukkit/advancement/Advancement.java,org/bukkit/advancement/AdvancementDisplay.java,org/bukkit/advancement/AdvancementDisplayType.java,org/bukkit/advancement/AdvancementProgress.java,org/bukkit/advancement/AdvancementRequirement.java,org/bukkit/advancement/AdvancementRequirements.java,org/bukkit/advancement/package-info.java	paper-api	7	330	rivet-api	3	27	yes	org.bukkit,org.bukkit.inventory	pending	0	
bukkit.attribute	org.bukkit.attribute	org/bukkit/attribute/Attributable.java,org/bukkit/attribute/Attribute.java,org/bukkit/attribute/AttributeInstance.java,org/bukkit/attribute/AttributeModifier.java,org/bukkit/attribute/package-info.java	paper-api	5	623	rivet-api	3	27	yes	io.papermc.paper.registry,org.bukkit,org.bukkit.configuration.serialization,org.bukkit.entity,org.bukkit.inventory,org.bukkit.util	pending	0	
bukkit.ban	org.bukkit.ban	org/bukkit/ban/IpBanList.java,org/bukkit/ban/ProfileBanList.java,org/bukkit/ban/package-info.java	paper-api	3	85	rivet-api	3	27	yes	org.bukkit,org.bukkit.profile	pending	0	
bukkit.block	org.bukkit.block	org/bukkit/block/Banner.java,org/bukkit/block/Barrel.java,org/bukkit/block/Beacon.java,org/bukkit/block/Bed.java,org/bukkit/block/Beehive.java,org/bukkit/block/Bell.java,org/bukkit/block/Biome.java,org/bukkit/block/BlastFurnace.java,org/bukkit/block/Block.java,org/bukkit/block/BlockFace.java,org/bukkit/block/BlockState.java,org/bukkit/block/BlockSupport.java,org/bukkit/block/BlockType.java,org/bukkit/block/BrewingStand.java,org/bukkit/block/BrushableBlock.java,org/bukkit/block/CalibratedSculkSensor.java,org/bukkit/block/Campfire.java,org/bukkit/block/Chest.java,org/bukkit/block/ChiseledBookshelf.java,org/bukkit/block/CommandBlock.java,org/bukkit/block/Comparator.java,org/bukkit/block/Conduit.java,org/bukkit/block/Container.java,org/bukkit/block/CopperGolemStatue.java,org/bukkit/block/Crafter.java,org/bukkit/block/CreakingHeart.java,org/bukkit/block/CreatureSpawner.java,org/bukkit/block/DaylightDetector.java,org/bukkit/block/DecoratedPot.java,org/bukkit/block/Dispenser.java,org/bukkit/block/DoubleChest.java,org/bukkit/block/Dropper.java,org/bukkit/block/EnchantingTable.java,org/bukkit/block/EndGateway.java,org/bukkit/block/EnderChest.java,org/bukkit/block/EntityBlockStorage.java,org/bukkit/block/Furnace.java,org/bukkit/block/HangingSign.java,org/bukkit/block/Hopper.java,org/bukkit/block/Jigsaw.java,org/bukkit/block/Jukebox.java,org/bukkit/block/Lectern.java,org/bukkit/block/Lidded.java,org/bukkit/block/Lockable.java,org/bukkit/block/Orientation.java,org/bukkit/block/PistonMoveReaction.java,org/bukkit/block/PotentSulfur.java,org/bukkit/block/SculkCatalyst.java,org/bukkit/block/SculkSensor.java,org/bukkit/block/SculkShrieker.java,org/bukkit/block/Shelf.java,org/bukkit/block/ShulkerBox.java,org/bukkit/block/Sign.java,org/bukkit/block/Skull.java,org/bukkit/block/Smoker.java,org/bukkit/block/Structure.java,org/bukkit/block/SuspiciousSand.java,org/bukkit/block/TestBlock.java,org/bukkit/block/TestInstanceBlock.java,org/bukkit/block/TileState.java,org/bukkit/block/TrialSpawner.java,org/bukkit/block/Vault.java,org/bukkit/block/package-info.java	paper-api	63	7527	rivet-api	3	27	yes	com.destroystokyo.paper.loottable,io.papermc.paper,io.papermc.paper.block,io.papermc.paper.datacomponent.item,io.papermc.paper.registry,org.bukkit,org.bukkit.block.banner,org.bukkit.block.data,org.bukkit.block.data.type,org.bukkit.block.sign,org.bukkit.block.structure,org.bukkit.entity,org.bukkit.event.block,org.bukkit.event.entity,org.bukkit.inventory,org.bukkit.loot,org.bukkit.material,org.bukkit.metadata,org.bukkit.persistence,org.bukkit.potion,org.bukkit.profile,org.bukkit.projectiles,org.bukkit.spawner,org.bukkit.util	pending	0	
bukkit.block.banner	org.bukkit.block.banner	org/bukkit/block/banner/Pattern.java,org/bukkit/block/banner/PatternType.java,org/bukkit/block/banner/package-info.java	paper-api	3	310	rivet-api	3	27	yes	io.papermc.paper.registry,org.bukkit,org.bukkit.configuration.serialization,org.bukkit.util	pending	0	
bukkit.block.data	org.bukkit.block.data	org/bukkit/block/data/Ageable.java,org/bukkit/block/data/AnaloguePowerable.java,org/bukkit/block/data/Attachable.java,org/bukkit/block/data/Bisected.java,org/bukkit/block/data/BlockData.java,org/bukkit/block/data/Brushable.java,org/bukkit/block/data/Directional.java,org/bukkit/block/data/FaceAttachable.java,org/bukkit/block/data/Hangable.java,org/bukkit/block/data/Hatchable.java,org/bukkit/block/data/Levelled.java,org/bukkit/block/data/Lightable.java,org/bukkit/block/data/MultipleFacing.java,org/bukkit/block/data/Openable.java,org/bukkit/block/data/Orientable.java,org/bukkit/block/data/Powerable.java,org/bukkit/block/data/Rail.java,org/bukkit/block/data/Rotatable.java,org/bukkit/block/data/Segmentable.java,org/bukkit/block/data/SideChaining.java,org/bukkit/block/data/Snowable.java,org/bukkit/block/data/Waterlogged.java,org/bukkit/block/data/package-info.java	paper-api	23	1041	rivet-api	3	27	yes	org.bukkit,org.bukkit.block,org.bukkit.block.structure,org.bukkit.inventory	pending	0	
bukkit.block.data.type	org.bukkit.block.data.type	org/bukkit/block/data/type/AmethystCluster.java,org/bukkit/block/data/type/Bamboo.java,org/bukkit/block/data/type/Barrel.java,org/bukkit/block/data/type/Bed.java,org/bukkit/block/data/type/Beehive.java,org/bukkit/block/data/type/Bell.java,org/bukkit/block/data/type/BigDripleaf.java,org/bukkit/block/data/type/BrewingStand.java,org/bukkit/block/data/type/BubbleColumn.java,org/bukkit/block/data/type/Cake.java,org/bukkit/block/data/type/CalibratedSculkSensor.java,org/bukkit/block/data/type/Campfire.java,org/bukkit/block/data/type/Candle.java,org/bukkit/block/data/type/CaveVines.java,org/bukkit/block/data/type/CaveVinesPlant.java,org/bukkit/block/data/type/Chain.java,org/bukkit/block/data/type/Chest.java,org/bukkit/block/data/type/ChiseledBookshelf.java,org/bukkit/block/data/type/Cocoa.java,org/bukkit/block/data/type/CommandBlock.java,org/bukkit/block/data/type/Comparator.java,org/bukkit/block/data/type/CopperBulb.java,org/bukkit/block/data/type/CopperGolemStatue.java,org/bukkit/block/data/type/CoralWallFan.java,org/bukkit/block/data/type/Crafter.java,org/bukkit/block/data/type/CreakingHeart.java,org/bukkit/block/data/type/DaylightDetector.java,org/bukkit/block/data/type/DecoratedPot.java,org/bukkit/block/data/type/Dispenser.java,org/bukkit/block/data/type/Door.java,org/bukkit/block/data/type/DriedGhast.java,org/bukkit/block/data/type/Dripleaf.java,org/bukkit/block/data/type/EndPortalFrame.java,org/bukkit/block/data/type/EnderChest.java,org/bukkit/block/data/type/Farmland.java,org/bukkit/block/data/type/Fence.java,org/bukkit/block/data/type/Fire.java,org/bukkit/block/data/type/FlowerBed.java,org/bukkit/block/data/type/Furnace.java,org/bukkit/block/data/type/Gate.java,org/bukkit/block/data/type/GlassPane.java,org/bukkit/block/data/type/GlowLichen.java,org/bukkit/block/data/type/Grindstone.java,org/bukkit/block/data/type/HangingMoss.java,org/bukkit/block/data/type/HangingSign.java,org/bukkit/block/data/type/Hopper.java,org/bukkit/block/data/type/Jigsaw.java,org/bukkit/block/data/type/Jukebox.java,org/bukkit/block/data/type/Ladder.java,org/bukkit/block/data/type/Lantern.java,org/bukkit/block/data/type/LeafLitter.java,org/bukkit/block/data/type/Leaves.java,org/bukkit/block/data/type/Lectern.java,org/bukkit/block/data/type/Light.java,org/bukkit/block/data/type/LightningRod.java,org/bukkit/block/data/type/MangrovePropagule.java,org/bukkit/block/data/type/MossyCarpet.java,org/bukkit/block/data/type/NoteBlock.java,org/bukkit/block/data/type/Observer.java,org/bukkit/block/data/type/PinkPetals.java,org/bukkit/block/data/type/Piston.java,org/bukkit/block/data/type/PistonHead.java,org/bukkit/block/data/type/PitcherCrop.java,org/bukkit/block/data/type/PointedDripstone.java,org/bukkit/block/data/type/PotentSulfur.java,org/bukkit/block/data/type/RedstoneRail.java,org/bukkit/block/data/type/RedstoneWallTorch.java,org/bukkit/block/data/type/RedstoneWire.java,org/bukkit/block/data/type/Repeater.java,org/bukkit/block/data/type/ResinClump.java,org/bukkit/block/data/type/RespawnAnchor.java,org/bukkit/block/data/type/Sapling.java,org/bukkit/block/data/type/Scaffolding.java,org/bukkit/block/data/type/SculkCatalyst.java,org/bukkit/block/data/type/SculkSensor.java,org/bukkit/block/data/type/SculkShrieker.java,org/bukkit/block/data/type/SculkVein.java,org/bukkit/block/data/type/SeaPickle.java,org/bukkit/block/data/type/Shelf.java,org/bukkit/block/data/type/Sign.java,org/bukkit/block/data/type/Skull.java,org/bukkit/block/data/type/Slab.java,org/bukkit/block/data/type/SmallDripleaf.java,org/bukkit/block/data/type/Snow.java,org/bukkit/block/data/type/Speleothem.java,org/bukkit/block/data/type/Stairs.java,org/bukkit/block/data/type/StructureBlock.java,org/bukkit/block/data/type/Switch.java,org/bukkit/block/data/type/TNT.java,org/bukkit/block/data/type/TechnicalPiston.java,org/bukkit/block/data/type/TestBlock.java,org/bukkit/block/data/type/TrapDoor.java,org/bukkit/block/data/type/TrialSpawner.java,org/bukkit/block/data/type/Tripwire.java,org/bukkit/block/data/type/TripwireHook.java,org/bukkit/block/data/type/TurtleEgg.java,org/bukkit/block/data/type/Vault.java,org/bukkit/block/data/type/Wall.java,org/bukkit/block/data/type/WallHangingSign.java,org/bukkit/block/data/type/WallSign.java,org/bukkit/block/data/type/WallSkull.java,org/bukkit/block/data/type/package-info.java	paper-api	102	2830	rivet-api	3	27	yes	org.bukkit,org.bukkit.block,org.bukkit.block.data	pending	0	
bukkit.block.sign	org.bukkit.block.sign	org/bukkit/block/sign/Side.java,org/bukkit/block/sign/SignSide.java,org/bukkit/block/sign/package-info.java	paper-api	3	109	rivet-api	3	27	yes	org.bukkit.material	pending	0	
bukkit.block.spawner	org.bukkit.block.spawner	org/bukkit/block/spawner/SpawnRule.java,org/bukkit/block/spawner/SpawnerEntry.java,org/bukkit/block/spawner/package-info.java	paper-api	3	389	rivet-api	3	27	yes	org.bukkit.configuration.serialization,org.bukkit.entity,org.bukkit.inventory,org.bukkit.loot	pending	0	
bukkit.boss	org.bukkit.boss	org/bukkit/boss/BarColor.java,org/bukkit/boss/BarFlag.java,org/bukkit/boss/BarStyle.java,org/bukkit/boss/BossBar.java,org/bukkit/boss/DragonBattle.java,org/bukkit/boss/KeyedBossBar.java,org/bukkit/boss/package-info.java	paper-api	7	403	rivet-api	3	27	yes	org.bukkit,org.bukkit.entity	pending	0	
bukkit.command	org.bukkit.command	org/bukkit/command/BlockCommandSender.java,org/bukkit/command/BufferedCommandSender.java,org/bukkit/command/Command.java,org/bukkit/command/CommandException.java,org/bukkit/command/CommandExecutor.java,org/bukkit/command/CommandMap.java,org/bukkit/command/CommandSender.java,org/bukkit/command/ConsoleCommandSender.java,org/bukkit/command/FormattedCommandAlias.java,org/bukkit/command/MessageCommandSender.java,org/bukkit/command/MultipleCommandAlias.java,org/bukkit/command/PluginCommand.java,org/bukkit/command/PluginCommandYamlParser.java,org/bukkit/command/PluginIdentifiableCommand.java,org/bukkit/command/ProxiedCommandSender.java,org/bukkit/command/RemoteConsoleCommandSender.java,org/bukkit/command/SimpleCommandMap.java,org/bukkit/command/TabCompleter.java,org/bukkit/command/TabExecutor.java,org/bukkit/command/package-info.java	paper-api	20	1961	rivet-api	3	27	yes	org.bukkit,org.bukkit.block,org.bukkit.command.defaults,org.bukkit.conversations,org.bukkit.entity,org.bukkit.entity.minecart,org.bukkit.permissions,org.bukkit.plugin,org.bukkit.util	pending	0	
bukkit.command.defaults	org.bukkit.command.defaults	org/bukkit/command/defaults/BukkitCommand.java,org/bukkit/command/defaults/HelpCommand.java,org/bukkit/command/defaults/PluginsCommand.java,org/bukkit/command/defaults/ReloadCommand.java,org/bukkit/command/defaults/VersionCommand.java,org/bukkit/command/defaults/package-info.java	paper-api	6	691	rivet-api	3	27	yes	com.destroystokyo.paper.util,io.papermc.paper,org.bukkit,org.bukkit.command,org.bukkit.help,org.bukkit.plugin,org.bukkit.util	pending	0	
bukkit.configuration	org.bukkit.configuration	org/bukkit/configuration/Configuration.java,org/bukkit/configuration/ConfigurationOptions.java,org/bukkit/configuration/ConfigurationSection.java,org/bukkit/configuration/InvalidConfigurationException.java,org/bukkit/configuration/MemoryConfiguration.java,org/bukkit/configuration/MemoryConfigurationOptions.java,org/bukkit/configuration/MemorySection.java,org/bukkit/configuration/SectionPathData.java,org/bukkit/configuration/package-info.java	paper-api	9	2640	rivet-api	3	27	yes	org.bukkit,org.bukkit.configuration.serialization,org.bukkit.inventory,org.bukkit.util	pending	0	
bukkit.configuration.file	org.bukkit.configuration.file	org/bukkit/configuration/file/FileConfiguration.java,org/bukkit/configuration/file/FileConfigurationOptions.java,org/bukkit/configuration/file/YamlConfiguration.java,org/bukkit/configuration/file/YamlConfigurationOptions.java,org/bukkit/configuration/file/YamlConstructor.java,org/bukkit/configuration/file/YamlRepresenter.java,org/bukkit/configuration/file/package-info.java	paper-api	7	1064	rivet-api	3	27	yes	org.bukkit,org.bukkit.configuration,org.bukkit.configuration.serialization	pending	0	
bukkit.configuration.serialization	org.bukkit.configuration.serialization	org/bukkit/configuration/serialization/ConfigurationSerializable.java,org/bukkit/configuration/serialization/ConfigurationSerialization.java,org/bukkit/configuration/serialization/DelegateDeserialization.java,org/bukkit/configuration/serialization/SerializableAs.java,org/bukkit/configuration/serialization/package-info.java	paper-api	5	410	rivet-api	3	27	yes	org.bukkit,org.bukkit.attribute,org.bukkit.block.banner,org.bukkit.block.spawner,org.bukkit.configuration,org.bukkit.inventory,org.bukkit.potion,org.bukkit.util	pending	0	
bukkit.conversations	org.bukkit.conversations	org/bukkit/conversations/BooleanPrompt.java,org/bukkit/conversations/Conversable.java,org/bukkit/conversations/Conversation.java,org/bukkit/conversations/ConversationAbandonedEvent.java,org/bukkit/conversations/ConversationAbandonedListener.java,org/bukkit/conversations/ConversationCanceller.java,org/bukkit/conversations/ConversationContext.java,org/bukkit/conversations/ConversationFactory.java,org/bukkit/conversations/ConversationPrefix.java,org/bukkit/conversations/ExactMatchConversationCanceller.java,org/bukkit/conversations/FixedSetPrompt.java,org/bukkit/conversations/InactivityConversationCanceller.java,org/bukkit/conversations/ManuallyAbandonedConversationCanceller.java,org/bukkit/conversations/MessagePrompt.java,org/bukkit/conversations/NullConversationPrefix.java,org/bukkit/conversations/NumericPrompt.java,org/bukkit/conversations/PlayerNamePrompt.java,org/bukkit/conversations/PluginNameConversationPrefix.java,org/bukkit/conversations/Prompt.java,org/bukkit/conversations/RegexPrompt.java,org/bukkit/conversations/StringPrompt.java,org/bukkit/conversations/ValidatingPrompt.java,org/bukkit/conversations/package-info.java	paper-api	23	1634	rivet-api	3	27	yes	org.bukkit,org.bukkit.entity,org.bukkit.plugin	pending	0	
bukkit.craftbukkit	org.bukkit.craftbukkit	org/bukkit/craftbukkit/CraftArt.java,org/bukkit/craftbukkit/CraftChunk.java,org/bukkit/craftbukkit/CraftChunkSnapshot.java,org/bukkit/craftbukkit/CraftCrashReport.java,org/bukkit/craftbukkit/CraftEffect.java,org/bukkit/craftbukkit/CraftEquipmentSlot.java,org/bukkit/craftbukkit/CraftExplosionResult.java,org/bukkit/craftbukkit/CraftFluid.java,org/bukkit/craftbukkit/CraftFluidCollisionMode.java,org/bukkit/craftbukkit/CraftGameEvent.java,org/bukkit/craftbukkit/CraftGameRule.java,org/bukkit/craftbukkit/CraftHeightMap.java,org/bukkit/craftbukkit/CraftInput.java,org/bukkit/craftbukkit/CraftInventoryArmoredSaddledMount.java,org/bukkit/craftbukkit/CraftJukeboxSong.java,org/bukkit/craftbukkit/CraftLootTable.java,org/bukkit/craftbukkit/CraftMusicInstrument.java,org/bukkit/craftbukkit/CraftOfflinePlayer.java,org/bukkit/craftbukkit/CraftParticle.java,org/bukkit/craftbukkit/CraftRaid.java,org/bukkit/craftbukkit/CraftRegionAccessor.java,org/bukkit/craftbukkit/CraftRegistry.java,org/bukkit/craftbukkit/CraftServer.java,org/bukkit/craftbukkit/CraftServerLinks.java,org/bukkit/craftbukkit/CraftServerTickManager.java,org/bukkit/craftbukkit/CraftSound.java,org/bukkit/craftbukkit/CraftSoundGroup.java,org/bukkit/craftbukkit/CraftStatistic.java,org/bukkit/craftbukkit/CraftWorld.java,org/bukkit/craftbukkit/CraftWorldBorder.java,org/bukkit/craftbukkit/Main.java,org/bukkit/craftbukkit/Overridden.java	paper-server	32	9498	rivet-server	3	27	yes	com.mojang.brigadier,com.mojang.brigadier.exceptions,com.mojang.datafixers.util,com.mojang.serialization,io.papermc.paper,io.papermc.paper.adventure,io.papermc.paper.configuration,io.papermc.paper.datacomponent,io.papermc.paper.entity.poi,io.papermc.paper.raytracing,io.papermc.paper.registry,io.papermc.paper.registry.entry,io.papermc.paper.registry.set,io.papermc.paper.registry.tag,io.papermc.paper.util,io.papermc.paper.world,io.papermc.paper.world.flag,io.papermc.paper.world.migration,net.minecraft,net.minecraft.advancements,net.minecraft.commands,net.minecraft.commands.arguments,net.minecraft.core,net.minecraft.core.particles,net.minecraft.core.registries,net.minecraft.data.worldgen.features,net.minecraft.nbt,net.minecraft.network.chat.contents,net.minecraft.network.protocol.game,net.minecraft.resources,net.minecraft.server,net.minecraft.server.bossevents,net.minecraft.server.commands,net.minecraft.server.dedicated,net.minecraft.server.level,net.minecraft.server.players,net.minecraft.sounds,net.minecraft.stats,net.minecraft.tags,net.minecraft.util,net.minecraft.util.context,net.minecraft.util.datafix,net.minecraft.world,net.minecraft.world.attribute,net.minecraft.world.damagesource,net.minecraft.world.entity,net.minecraft.world.entity.ai.village,net.minecraft.world.entity.ai.village.poi,net.minecraft.world.entity.decoration.painting,net.minecraft.world.entity.item,net.minecraft.world.entity.npc,net.minecraft.world.entity.npc.wanderingtrader,net.minecraft.world.entity.player,net.minecraft.world.entity.raid,net.minecraft.world.inventory,net.minecraft.world.item,net.minecraft.world.item.crafting,net.minecraft.world.level,net.minecraft.world.level.biome,net.minecraft.world.level.block,net.minecraft.world.level.block.state,net.minecraft.world.level.chunk,net.minecraft.world.level.chunk.status,net.minecraft.world.level.dimension,net.minecraft.world.level.gameevent,net.minecraft.world.level.gamerules,net.minecraft.world.level.levelgen,net.minecraft.world.level.levelgen.feature,net.minecraft.world.level.levelgen.flat,net.minecraft.world.level.levelgen.structure,net.minecraft.world.level.lighting,net.minecraft.world.level.material,net.minecraft.world.level.saveddata.maps,net.minecraft.world.level.storage,net.minecraft.world.level.storage.loot,net.minecraft.world.level.storage.loot.parameters,net.minecraft.world.phys,net.minecraft.world.phys.shapes,org.bukkit,org.bukkit.ban,org.bukkit.block,org.bukkit.block.data,org.bukkit.boss,org.bukkit.command,org.bukkit.configuration,org.bukkit.configuration.file,org.bukkit.configuration.serialization,org.bukkit.craftbukkit.ban,org.bukkit.craftbukkit.block,org.bukkit.craftbukkit.block.data,org.bukkit.craftbukkit.boss,org.bukkit.craftbukkit.command,org.bukkit.craftbukkit.entity,org.bukkit.craftbukkit.event,org.bukkit.craftbukkit.generator,org.bukkit.craftbukkit.generator.structure,org.bukkit.craftbukkit.help,org.bukkit.craftbukkit.inventory,org.bukkit.craftbukkit.inventory.util,org.bukkit.craftbukkit.legacy,org.bukkit.craftbukkit.map,org.bukkit.craftbukkit.metadata,org.bukkit.craftbukkit.packs,org.bukkit.craftbukkit.profile,org.bukkit.craftbukkit.scheduler,org.bukkit.craftbukkit.scoreboard,org.bukkit.craftbukkit.structure,org.bukkit.craftbukkit.tag,org.bukkit.craftbukkit.util,org.bukkit.craftbukkit.util.permissions,org.bukkit.entity,org.bukkit.entity.minecart,org.bukkit.event.entity,org.bukkit.event.inventory,org.bukkit.event.server,org.bukkit.event.weather,org.bukkit.event.world,org.bukkit.generator,org.bukkit.generator.structure,org.bukkit.help,org.bukkit.inventory,org.bukkit.loot,org.bukkit.map,org.bukkit.material,org.bukkit.metadata,org.bukkit.packs,org.bukkit.permissions,org.bukkit.persistence,org.bukkit.plugin,org.bukkit.plugin.messaging,org.bukkit.potion,org.bukkit.profile,org.bukkit.scheduler,org.bukkit.scoreboard,org.bukkit.structure,org.bukkit.util,org.bukkit.util.permissions	pending	0	
bukkit.craftbukkit.advancement	org.bukkit.craftbukkit.advancement	org/bukkit/craftbukkit/advancement/CraftAdvancement.java,org/bukkit/craftbukkit/advancement/CraftAdvancementDisplay.java,org/bukkit/craftbukkit/advancement/CraftAdvancementProgress.java,org/bukkit/craftbukkit/advancement/CraftAdvancementRequirement.java,org/bukkit/craftbukkit/advancement/CraftAdvancementRequirements.java	paper-server	5	250	rivet-server	3	27	yes	net.minecraft.advancements,net.minecraft.server,org.bukkit,org.bukkit.advancement,org.bukkit.craftbukkit.inventory,org.bukkit.craftbukkit.util,org.bukkit.inventory	pending	0	
bukkit.craftbukkit.attribute	org.bukkit.craftbukkit.attribute	org/bukkit/craftbukkit/attribute/AttributeMappings.java,org/bukkit/craftbukkit/attribute/CraftAttribute.java,org/bukkit/craftbukkit/attribute/CraftAttributeInstance.java,org/bukkit/craftbukkit/attribute/CraftAttributeMap.java	paper-server	4	306	rivet-server	3	27	yes	io.papermc.paper.registry,io.papermc.paper.util,net.minecraft.core,net.minecraft.core.registries,net.minecraft.world.entity.ai.attributes,org.bukkit,org.bukkit.attribute,org.bukkit.craftbukkit,org.bukkit.craftbukkit.legacy,org.bukkit.craftbukkit.util	pending	0	
bukkit.craftbukkit.ban	org.bukkit.craftbukkit.ban	org/bukkit/craftbukkit/ban/CraftIpBanEntry.java,org/bukkit/craftbukkit/ban/CraftIpBanList.java,org/bukkit/craftbukkit/ban/CraftProfileBanEntry.java,org/bukkit/craftbukkit/ban/CraftProfileBanList.java	paper-server	4	520	rivet-server	3	27	yes	net.minecraft.server,net.minecraft.server.players,org.bukkit,org.bukkit.ban,org.bukkit.profile	pending	0	
bukkit.craftbukkit.block	org.bukkit.craftbukkit.block	org/bukkit/craftbukkit/block/CapturedBlockState.java,org/bukkit/craftbukkit/block/CraftBanner.java,org/bukkit/craftbukkit/block/CraftBarrel.java,org/bukkit/craftbukkit/block/CraftBeacon.java,org/bukkit/craftbukkit/block/CraftBeehive.java,org/bukkit/craftbukkit/block/CraftBell.java,org/bukkit/craftbukkit/block/CraftBiome.java,org/bukkit/craftbukkit/block/CraftBlastFurnace.java,org/bukkit/craftbukkit/block/CraftBlock.java,org/bukkit/craftbukkit/block/CraftBlockEntityState.java,org/bukkit/craftbukkit/block/CraftBlockState.java,org/bukkit/craftbukkit/block/CraftBlockStates.java,org/bukkit/craftbukkit/block/CraftBlockSupport.java,org/bukkit/craftbukkit/block/CraftBlockType.java,org/bukkit/craftbukkit/block/CraftBrewingStand.java,org/bukkit/craftbukkit/block/CraftBrushableBlock.java,org/bukkit/craftbukkit/block/CraftCalibratedSculkSensor.java,org/bukkit/craftbukkit/block/CraftCampfire.java,org/bukkit/craftbukkit/block/CraftChest.java,org/bukkit/craftbukkit/block/CraftChiseledBookshelf.java,org/bukkit/craftbukkit/block/CraftCommandBlock.java,org/bukkit/craftbukkit/block/CraftComparator.java,org/bukkit/craftbukkit/block/CraftConduit.java,org/bukkit/craftbukkit/block/CraftContainer.java,org/bukkit/craftbukkit/block/CraftCopperGolemStatue.java,org/bukkit/craftbukkit/block/CraftCrafter.java,org/bukkit/craftbukkit/block/CraftCreakingHeart.java,org/bukkit/craftbukkit/block/CraftCreatureSpawner.java,org/bukkit/craftbukkit/block/CraftDaylightDetector.java,org/bukkit/craftbukkit/block/CraftDecoratedPot.java,org/bukkit/craftbukkit/block/CraftDispenser.java,org/bukkit/craftbukkit/block/CraftDropper.java,org/bukkit/craftbukkit/block/CraftEnchantingTable.java,org/bukkit/craftbukkit/block/CraftEndGateway.java,org/bukkit/craftbukkit/block/CraftEndPortal.java,org/bukkit/craftbukkit/block/CraftEnderChest.java,org/bukkit/craftbukkit/block/CraftFurnace.java,org/bukkit/craftbukkit/block/CraftFurnaceFurnace.java,org/bukkit/craftbukkit/block/CraftHangingSign.java,org/bukkit/craftbukkit/block/CraftHopper.java,org/bukkit/craftbukkit/block/CraftJigsaw.java,org/bukkit/craftbukkit/block/CraftJukebox.java,org/bukkit/craftbukkit/block/CraftLectern.java,org/bukkit/craftbukkit/block/CraftLootable.java,org/bukkit/craftbukkit/block/CraftMovingPiston.java,org/bukkit/craftbukkit/block/CraftPotentSulfur.java,org/bukkit/craftbukkit/block/CraftSculkCatalyst.java,org/bukkit/craftbukkit/block/CraftSculkSensor.java,org/bukkit/craftbukkit/block/CraftSculkShrieker.java,org/bukkit/craftbukkit/block/CraftShelf.java,org/bukkit/craftbukkit/block/CraftShulkerBox.java,org/bukkit/craftbukkit/block/CraftSign.java,org/bukkit/craftbukkit/block/CraftSkull.java,org/bukkit/craftbukkit/block/CraftSmoker.java,org/bukkit/craftbukkit/block/CraftStructureBlock.java,org/bukkit/craftbukkit/block/CraftTestBlock.java,org/bukkit/craftbukkit/block/CraftTestInstanceBlock.java,org/bukkit/craftbukkit/block/CraftTrialSpawner.java,org/bukkit/craftbukkit/block/CraftTrialSpawnerConfiguration.java,org/bukkit/craftbukkit/block/CraftVault.java	paper-server	60	6895	rivet-server	3	27	yes	com.destroystokyo.paper.profile,com.mojang.datafixers.util,io.papermc.paper.adventure,io.papermc.paper.datacomponent.item,io.papermc.paper.registry,io.papermc.paper.util,net.minecraft.advancements.predicates,net.minecraft.core,net.minecraft.core.component,net.minecraft.core.registries,net.minecraft.nbt,net.minecraft.network.chat,net.minecraft.network.protocol,net.minecraft.network.protocol.game,net.minecraft.resources,net.minecraft.server,net.minecraft.server.level,net.minecraft.server.players,net.minecraft.sounds,net.minecraft.util,net.minecraft.util.random,net.minecraft.world,net.minecraft.world.entity,net.minecraft.world.entity.player,net.minecraft.world.item,net.minecraft.world.item.component,net.minecraft.world.item.context,net.minecraft.world.level,net.minecraft.world.level.block,net.minecraft.world.level.block.entity,net.minecraft.world.level.block.entity.trialspawner,net.minecraft.world.level.block.entity.vault,net.minecraft.world.level.block.piston,net.minecraft.world.level.block.state,net.minecraft.world.level.block.state.properties,net.minecraft.world.level.redstone,net.minecraft.world.level.storage,net.minecraft.world.phys,net.minecraft.world.phys.shapes,org.bukkit,org.bukkit.block,org.bukkit.block.banner,org.bukkit.block.data,org.bukkit.block.sign,org.bukkit.block.spawner,org.bukkit.block.structure,org.bukkit.craftbukkit,org.bukkit.craftbukkit.block.banner,org.bukkit.craftbukkit.block.data,org.bukkit.craftbukkit.block.sign,org.bukkit.craftbukkit.entity,org.bukkit.craftbukkit.event,org.bukkit.craftbukkit.inventory,org.bukkit.craftbukkit.potion,org.bukkit.craftbukkit.profile,org.bukkit.craftbukkit.projectiles,org.bukkit.craftbukkit.util,org.bukkit.entity,org.bukkit.event.block,org.bukkit.event.player,org.bukkit.event.world,org.bukkit.inventory,org.bukkit.loot,org.bukkit.material,org.bukkit.metadata,org.bukkit.persistence,org.bukkit.plugin,org.bukkit.potion,org.bukkit.profile,org.bukkit.projectiles,org.bukkit.spawner,org.bukkit.util	pending	0	
bukkit.craftbukkit.block.banner	org.bukkit.craftbukkit.block.banner	org/bukkit/craftbukkit/block/banner/CraftPatternType.java	paper-server	1	75	rivet-server	3	27	yes	io.papermc.paper.util,net.minecraft.core,net.minecraft.core.registries,net.minecraft.world.level.block.entity,org.bukkit.block.banner,org.bukkit.craftbukkit	pending	0	
bukkit.craftbukkit.block.data	org.bukkit.craftbukkit.block.data	org/bukkit/craftbukkit/block/data/CraftBlockData.java	paper-server	1	659	rivet-server	3	27	yes	com.mojang.brigadier,com.mojang.brigadier.exceptions,net.minecraft.commands.arguments.blocks,net.minecraft.core,net.minecraft.core.registries,net.minecraft.util,net.minecraft.world.entity,net.minecraft.world.entity.ai.attributes,net.minecraft.world.item.enchantment,net.minecraft.world.level,net.minecraft.world.level.block,net.minecraft.world.level.block.state,net.minecraft.world.level.block.state.properties,net.minecraft.world.phys.shapes,org.bukkit,org.bukkit.block,org.bukkit.block.data,org.bukkit.block.structure,org.bukkit.craftbukkit,org.bukkit.craftbukkit.block,org.bukkit.craftbukkit.inventory,org.bukkit.craftbukkit.util,org.bukkit.inventory	pending	0	
bukkit.craftbukkit.block.sign	org.bukkit.craftbukkit.block.sign	org/bukkit/craftbukkit/block/sign/CraftSignSide.java	paper-server	1	105	rivet-server	3	27	yes	net.minecraft.world.level.block.entity,org.bukkit,org.bukkit.block.sign	pending	0	
bukkit.craftbukkit.boss	org.bukkit.craftbukkit.boss	org/bukkit/craftbukkit/boss/CraftBossBar.java,org/bukkit/craftbukkit/boss/CraftDragonBattle.java,org/bukkit/craftbukkit/boss/CraftKeyedBossbar.java	paper-server	3	429	rivet-server	3	27	yes	io.papermc.paper.math,io.papermc.paper.util,net.minecraft.network.protocol.game,net.minecraft.server.bossevents,net.minecraft.server.level,net.minecraft.util,net.minecraft.world,net.minecraft.world.entity,net.minecraft.world.entity.boss.enderdragon,net.minecraft.world.level.block.state.pattern,net.minecraft.world.level.dimension.end,org.bukkit,org.bukkit.boss,org.bukkit.craftbukkit,org.bukkit.craftbukkit.entity,org.bukkit.craftbukkit.util,org.bukkit.entity	pending	0	
bukkit.craftbukkit.command	org.bukkit.craftbukkit.command	org/bukkit/craftbukkit/command/ConsoleCommandCompleter.java,org/bukkit/craftbukkit/command/CraftBlockCommandSender.java,org/bukkit/craftbukkit/command/CraftCommandMap.java,org/bukkit/craftbukkit/command/CraftConsoleCommandSender.java,org/bukkit/craftbukkit/command/CraftRemoteConsoleCommandSender.java,org/bukkit/craftbukkit/command/ProxiedNativeCommandSender.java,org/bukkit/craftbukkit/command/ServerCommandSender.java,org/bukkit/craftbukkit/command/VanillaCommandWrapper.java	paper-server	8	803	rivet-server	3	27	yes	com.mojang.brigadier,com.mojang.brigadier.tree,net.minecraft.commands,net.minecraft.network.chat,net.minecraft.server.dedicated,net.minecraft.server.level,net.minecraft.server.rcon,net.minecraft.world.level.block.entity,org.bukkit,org.bukkit.block,org.bukkit.command,org.bukkit.command.defaults,org.bukkit.conversations,org.bukkit.craftbukkit,org.bukkit.craftbukkit.block,org.bukkit.craftbukkit.conversations,org.bukkit.craftbukkit.entity,org.bukkit.craftbukkit.util,org.bukkit.entity.minecart,org.bukkit.event.server,org.bukkit.permissions,org.bukkit.plugin	pending	0	
bukkit.craftbukkit.configuration	org.bukkit.craftbukkit.configuration	org/bukkit/craftbukkit/configuration/ConfigSerializationUtil.java	paper-server	1	93	rivet-server	3	27	yes	net.minecraft.core,net.minecraft.resources,net.minecraft.tags,org.bukkit.configuration.serialization,org.bukkit.craftbukkit	pending	0	
bukkit.craftbukkit.conversations	org.bukkit.craftbukkit.conversations	org/bukkit/craftbukkit/conversations/ConversationTracker.java	paper-server	1	74	rivet-server	3	27	yes	org.bukkit,org.bukkit.conversations	pending	0	
bukkit.craftbukkit.damage	org.bukkit.craftbukkit.damage	org/bukkit/craftbukkit/damage/CraftDamageEffect.java,org/bukkit/craftbukkit/damage/CraftDamageSource.java,org/bukkit/craftbukkit/damage/CraftDamageSourceBuilder.java,org/bukkit/craftbukkit/damage/CraftDamageType.java	paper-server	4	289	rivet-server	3	27	yes	io.papermc.paper.registry,net.minecraft,net.minecraft.core,net.minecraft.core.registries,net.minecraft.world.damagesource,net.minecraft.world.phys,org.bukkit,org.bukkit.craftbukkit,org.bukkit.craftbukkit.entity,org.bukkit.craftbukkit.util,org.bukkit.damage,org.bukkit.entity	pending	0	
bukkit.craftbukkit.enchantments	org.bukkit.craftbukkit.enchantments	org/bukkit/craftbukkit/enchantments/CraftEnchantment.java	paper-server	1	248	rivet-server	3	27	yes	io.papermc.paper.registry,io.papermc.paper.util,net.minecraft.core,net.minecraft.core.registries,net.minecraft.tags,net.minecraft.util,org.bukkit,org.bukkit.craftbukkit,org.bukkit.craftbukkit.inventory,org.bukkit.craftbukkit.legacy,org.bukkit.craftbukkit.util,org.bukkit.enchantments,org.bukkit.inventory	pending	0	
bukkit.craftbukkit.entity	org.bukkit.craftbukkit.entity	org/bukkit/craftbukkit/entity/AbstractProjectile.java,org/bukkit/craftbukkit/entity/CraftAbstractArrow.java,org/bukkit/craftbukkit/entity/CraftAbstractCow.java,org/bukkit/craftbukkit/entity/CraftAbstractCubeMob.java,org/bukkit/craftbukkit/entity/CraftAbstractHorse.java,org/bukkit/craftbukkit/entity/CraftAbstractNautilus.java,org/bukkit/craftbukkit/entity/CraftAbstractSkeleton.java,org/bukkit/craftbukkit/entity/CraftAbstractVillager.java,org/bukkit/craftbukkit/entity/CraftAbstractWindCharge.java,org/bukkit/craftbukkit/entity/CraftAgeable.java,org/bukkit/craftbukkit/entity/CraftAllay.java,org/bukkit/craftbukkit/entity/CraftAmbient.java,org/bukkit/craftbukkit/entity/CraftAnimals.java,org/bukkit/craftbukkit/entity/CraftAreaEffectCloud.java,org/bukkit/craftbukkit/entity/CraftArmadillo.java,org/bukkit/craftbukkit/entity/CraftArmorStand.java,org/bukkit/craftbukkit/entity/CraftArrow.java,org/bukkit/craftbukkit/entity/CraftAxolotl.java,org/bukkit/craftbukkit/entity/CraftBat.java,org/bukkit/craftbukkit/entity/CraftBee.java,org/bukkit/craftbukkit/entity/CraftBlaze.java,org/bukkit/craftbukkit/entity/CraftBlockAttachedEntity.java,org/bukkit/craftbukkit/entity/CraftBlockDisplay.java,org/bukkit/craftbukkit/entity/CraftBoat.java,org/bukkit/craftbukkit/entity/CraftBogged.java,org/bukkit/craftbukkit/entity/CraftBreeze.java,org/bukkit/craftbukkit/entity/CraftBreezeWindCharge.java,org/bukkit/craftbukkit/entity/CraftCamel.java,org/bukkit/craftbukkit/entity/CraftCamelHusk.java,org/bukkit/craftbukkit/entity/CraftCat.java,org/bukkit/craftbukkit/entity/CraftCaveSpider.java,org/bukkit/craftbukkit/entity/CraftChestBoat.java,org/bukkit/craftbukkit/entity/CraftChestedHorse.java,org/bukkit/craftbukkit/entity/CraftChicken.java,org/bukkit/craftbukkit/entity/CraftCod.java,org/bukkit/craftbukkit/entity/CraftComplexPart.java,org/bukkit/craftbukkit/entity/CraftCopperGolem.java,org/bukkit/craftbukkit/entity/CraftCow.java,org/bukkit/craftbukkit/entity/CraftCreaking.java,org/bukkit/craftbukkit/entity/CraftCreature.java,org/bukkit/craftbukkit/entity/CraftCreeper.java,org/bukkit/craftbukkit/entity/CraftDisplay.java,org/bukkit/craftbukkit/entity/CraftDolphin.java,org/bukkit/craftbukkit/entity/CraftDonkey.java,org/bukkit/craftbukkit/entity/CraftDragonFireball.java,org/bukkit/craftbukkit/entity/CraftDrowned.java,org/bukkit/craftbukkit/entity/CraftEgg.java,org/bukkit/craftbukkit/entity/CraftElderGuardian.java,org/bukkit/craftbukkit/entity/CraftEnderCrystal.java,org/bukkit/craftbukkit/entity/CraftEnderDragon.java,org/bukkit/craftbukkit/entity/CraftEnderDragonPart.java,org/bukkit/craftbukkit/entity/CraftEnderPearl.java,org/bukkit/craftbukkit/entity/CraftEnderSignal.java,org/bukkit/craftbukkit/entity/CraftEnderman.java,org/bukkit/craftbukkit/entity/CraftEndermite.java,org/bukkit/craftbukkit/entity/CraftEnemy.java,org/bukkit/craftbukkit/entity/CraftEntity.java,org/bukkit/craftbukkit/entity/CraftEntityFactory.java,org/bukkit/craftbukkit/entity/CraftEntitySnapshot.java,org/bukkit/craftbukkit/entity/CraftEntityType.java,org/bukkit/craftbukkit/entity/CraftEntityTypes.java,org/bukkit/craftbukkit/entity/CraftEvoker.java,org/bukkit/craftbukkit/entity/CraftEvokerFangs.java,org/bukkit/craftbukkit/entity/CraftExperienceOrb.java,org/bukkit/craftbukkit/entity/CraftFallingBlock.java,org/bukkit/craftbukkit/entity/CraftFireball.java,org/bukkit/craftbukkit/entity/CraftFirework.java,org/bukkit/craftbukkit/entity/CraftFish.java,org/bukkit/craftbukkit/entity/CraftFishHook.java,org/bukkit/craftbukkit/entity/CraftFox.java,org/bukkit/craftbukkit/entity/CraftFrog.java,org/bukkit/craftbukkit/entity/CraftGhast.java,org/bukkit/craftbukkit/entity/CraftGiant.java,org/bukkit/craftbukkit/entity/CraftGlowItemFrame.java,org/bukkit/craftbukkit/entity/CraftGlowSquid.java,org/bukkit/craftbukkit/entity/CraftGoat.java,org/bukkit/craftbukkit/entity/CraftGolem.java,org/bukkit/craftbukkit/entity/CraftGuardian.java,org/bukkit/craftbukkit/entity/CraftHanging.java,org/bukkit/craftbukkit/entity/CraftHappyGhast.java,org/bukkit/craftbukkit/entity/CraftHoglin.java,org/bukkit/craftbukkit/entity/CraftHorse.java,org/bukkit/craftbukkit/entity/CraftHumanEntity.java,org/bukkit/craftbukkit/entity/CraftHusk.java,org/bukkit/craftbukkit/entity/CraftIllager.java,org/bukkit/craftbukkit/entity/CraftIllusioner.java,org/bukkit/craftbukkit/entity/CraftInteraction.java,org/bukkit/craftbukkit/entity/CraftIronGolem.java,org/bukkit/craftbukkit/entity/CraftItem.java,org/bukkit/craftbukkit/entity/CraftItemDisplay.java,org/bukkit/craftbukkit/entity/CraftItemFrame.java,org/bukkit/craftbukkit/entity/CraftLargeFireball.java,org/bukkit/craftbukkit/entity/CraftLeash.java,org/bukkit/craftbukkit/entity/CraftLightningStrike.java,org/bukkit/craftbukkit/entity/CraftLivingEntity.java,org/bukkit/craftbukkit/entity/CraftLlama.java,org/bukkit/craftbukkit/entity/CraftLlamaSpit.java,org/bukkit/craftbukkit/entity/CraftMagmaCube.java,org/bukkit/craftbukkit/entity/CraftMannequin.java,org/bukkit/craftbukkit/entity/CraftMarker.java,org/bukkit/craftbukkit/entity/CraftMinecart.java,org/bukkit/craftbukkit/entity/CraftMinecartChest.java,org/bukkit/craftbukkit/entity/CraftMinecartCommand.java,org/bukkit/craftbukkit/entity/CraftMinecartContainer.java,org/bukkit/craftbukkit/entity/CraftMinecartFurnace.java,org/bukkit/craftbukkit/entity/CraftMinecartHopper.java,org/bukkit/craftbukkit/entity/CraftMinecartMobSpawner.java,org/bukkit/craftbukkit/entity/CraftMinecartRideable.java,org/bukkit/craftbukkit/entity/CraftMinecartTNT.java,org/bukkit/craftbukkit/entity/CraftMob.java,org/bukkit/craftbukkit/entity/CraftMonster.java,org/bukkit/craftbukkit/entity/CraftMule.java,org/bukkit/craftbukkit/entity/CraftMushroomCow.java,org/bukkit/craftbukkit/entity/CraftNautilus.java,org/bukkit/craftbukkit/entity/CraftOcelot.java,org/bukkit/craftbukkit/entity/CraftOminousItemSpawner.java,org/bukkit/craftbukkit/entity/CraftPainting.java,org/bukkit/craftbukkit/entity/CraftPanda.java,org/bukkit/craftbukkit/entity/CraftParched.java,org/bukkit/craftbukkit/entity/CraftParrot.java,org/bukkit/craftbukkit/entity/CraftPhantom.java,org/bukkit/craftbukkit/entity/CraftPig.java,org/bukkit/craftbukkit/entity/CraftPigZombie.java,org/bukkit/craftbukkit/entity/CraftPiglin.java,org/bukkit/craftbukkit/entity/CraftPiglinAbstract.java,org/bukkit/craftbukkit/entity/CraftPiglinBrute.java,org/bukkit/craftbukkit/entity/CraftPillager.java,org/bukkit/craftbukkit/entity/CraftPlayer.java,org/bukkit/craftbukkit/entity/CraftPolarBear.java,org/bukkit/craftbukkit/entity/CraftProjectile.java,org/bukkit/craftbukkit/entity/CraftPufferFish.java,org/bukkit/craftbukkit/entity/CraftRabbit.java,org/bukkit/craftbukkit/entity/CraftRaider.java,org/bukkit/craftbukkit/entity/CraftRavager.java,org/bukkit/craftbukkit/entity/CraftSalmon.java,org/bukkit/craftbukkit/entity/CraftSheep.java,org/bukkit/craftbukkit/entity/CraftShulker.java,org/bukkit/craftbukkit/entity/CraftShulkerBullet.java,org/bukkit/craftbukkit/entity/CraftSilverfish.java,org/bukkit/craftbukkit/entity/CraftSizedFireball.java,org/bukkit/craftbukkit/entity/CraftSkeleton.java,org/bukkit/craftbukkit/entity/CraftSkeletonHorse.java,org/bukkit/craftbukkit/entity/CraftSlime.java,org/bukkit/craftbukkit/entity/CraftSmallFireball.java,org/bukkit/craftbukkit/entity/CraftSniffer.java,org/bukkit/craftbukkit/entity/CraftSnowball.java,org/bukkit/craftbukkit/entity/CraftSnowman.java,org/bukkit/craftbukkit/entity/CraftSpectralArrow.java,org/bukkit/craftbukkit/entity/CraftSpellcaster.java,org/bukkit/craftbukkit/entity/CraftSpider.java,org/bukkit/craftbukkit/entity/CraftSquid.java,org/bukkit/craftbukkit/entity/CraftStray.java,org/bukkit/craftbukkit/entity/CraftStrider.java,org/bukkit/craftbukkit/entity/CraftSulfurCube.java,org/bukkit/craftbukkit/entity/CraftTNTPrimed.java,org/bukkit/craftbukkit/entity/CraftTadpole.java,org/bukkit/craftbukkit/entity/CraftTameableAnimal.java,org/bukkit/craftbukkit/entity/CraftTextDisplay.java,org/bukkit/craftbukkit/entity/CraftThrowableProjectile.java,org/bukkit/craftbukkit/entity/CraftThrownExpBottle.java,org/bukkit/craftbukkit/entity/CraftThrownLingeringPotion.java,org/bukkit/craftbukkit/entity/CraftThrownPotion.java,org/bukkit/craftbukkit/entity/CraftThrownSplashPotion.java,org/bukkit/craftbukkit/entity/CraftTraderLlama.java,org/bukkit/craftbukkit/entity/CraftTrident.java,org/bukkit/craftbukkit/entity/CraftTropicalFish.java,org/bukkit/craftbukkit/entity/CraftTurtle.java,org/bukkit/craftbukkit/entity/CraftVehicle.java,org/bukkit/craftbukkit/entity/CraftVex.java,org/bukkit/craftbukkit/entity/CraftVillager.java,org/bukkit/craftbukkit/entity/CraftVillagerZombie.java,org/bukkit/craftbukkit/entity/CraftVindicator.java,org/bukkit/craftbukkit/entity/CraftWanderingTrader.java,org/bukkit/craftbukkit/entity/CraftWarden.java,org/bukkit/craftbukkit/entity/CraftWaterMob.java,org/bukkit/craftbukkit/entity/CraftWindCharge.java,org/bukkit/craftbukkit/entity/CraftWitch.java,org/bukkit/craftbukkit/entity/CraftWither.java,org/bukkit/craftbukkit/entity/CraftWitherSkeleton.java,org/bukkit/craftbukkit/entity/CraftWitherSkull.java,org/bukkit/craftbukkit/entity/CraftWolf.java,org/bukkit/craftbukkit/entity/CraftZoglin.java,org/bukkit/craftbukkit/entity/CraftZombie.java,org/bukkit/craftbukkit/entity/CraftZombieHorse.java,org/bukkit/craftbukkit/entity/CraftZombieNautilus.java	paper-server	185	18439	rivet-server	3	27	yes	com.destroystokyo.paper,com.destroystokyo.paper.entity.villager,com.destroystokyo.paper.event.player,com.mojang.brigadier.exceptions,com.mojang.datafixers.util,io.papermc.paper,io.papermc.paper.adventure,io.papermc.paper.connection,io.papermc.paper.datacomponent,io.papermc.paper.datacomponent.item,io.papermc.paper.dialog,io.papermc.paper.entity,io.papermc.paper.math,io.papermc.paper.registry,io.papermc.paper.util,io.papermc.paper.world,io.papermc.paper.world.damagesource,net.minecraft,net.minecraft.advancements,net.minecraft.core,net.minecraft.core.component,net.minecraft.core.registries,net.minecraft.nbt,net.minecraft.network.chat,net.minecraft.network.protocol.common,net.minecraft.network.protocol.common.custom,net.minecraft.network.protocol.game,net.minecraft.network.syncher,net.minecraft.resources,net.minecraft.server,net.minecraft.server.level,net.minecraft.server.network,net.minecraft.server.permissions,net.minecraft.server.players,net.minecraft.server.waypoints,net.minecraft.sounds,net.minecraft.util,net.minecraft.util.random,net.minecraft.world,net.minecraft.world.damagesource,net.minecraft.world.effect,net.minecraft.world.entity,net.minecraft.world.entity.ai.attributes,net.minecraft.world.entity.ai.gossip,net.minecraft.world.entity.ai.memory,net.minecraft.world.entity.ambient,net.minecraft.world.entity.animal,net.minecraft.world.entity.animal.allay,net.minecraft.world.entity.animal.camel,net.minecraft.world.entity.animal.chicken,net.minecraft.world.entity.animal.cow,net.minecraft.world.entity.animal.equine,net.minecraft.world.entity.animal.feline,net.minecraft.world.entity.animal.fish,net.minecraft.world.entity.animal.frog,net.minecraft.world.entity.animal.golem,net.minecraft.world.entity.animal.nautilus,net.minecraft.world.entity.animal.pig,net.minecraft.world.entity.animal.sheep,net.minecraft.world.entity.animal.wolf,net.minecraft.world.entity.boss.enderdragon,net.minecraft.world.entity.boss.enderdragon.phases,net.minecraft.world.entity.boss.wither,net.minecraft.world.entity.decoration,net.minecraft.world.entity.decoration.painting,net.minecraft.world.entity.item,net.minecraft.world.entity.monster,net.minecraft.world.entity.monster.creaking,net.minecraft.world.entity.monster.illager,net.minecraft.world.entity.monster.piglin,net.minecraft.world.entity.monster.skeleton,net.minecraft.world.entity.monster.warden,net.minecraft.world.entity.monster.zombie,net.minecraft.world.entity.npc.villager,net.minecraft.world.entity.player,net.minecraft.world.entity.projectile,net.minecraft.world.entity.projectile.arrow,net.minecraft.world.entity.projectile.hurtingprojectile,net.minecraft.world.entity.projectile.throwableitemprojectile,net.minecraft.world.entity.vehicle.boat,net.minecraft.world.entity.vehicle.minecart,net.minecraft.world.food,net.minecraft.world.inventory,net.minecraft.world.item,net.minecraft.world.item.alchemy,net.minecraft.world.item.component,net.minecraft.world.item.crafting,net.minecraft.world.item.trading,net.minecraft.world.level,net.minecraft.world.level.block,net.minecraft.world.level.block.entity,net.minecraft.world.level.block.state,net.minecraft.world.level.border,net.minecraft.world.level.portal,net.minecraft.world.level.saveddata.maps,net.minecraft.world.level.storage,net.minecraft.world.phys,net.minecraft.world.waypoints,org.bukkit,org.bukkit.attribute,org.bukkit.ban,org.bukkit.block,org.bukkit.block.data,org.bukkit.block.sign,org.bukkit.block.spawner,org.bukkit.boss,org.bukkit.configuration.serialization,org.bukkit.conversations,org.bukkit.craftbukkit,org.bukkit.craftbukkit.advancement,org.bukkit.craftbukkit.block,org.bukkit.craftbukkit.block.data,org.bukkit.craftbukkit.boss,org.bukkit.craftbukkit.conversations,org.bukkit.craftbukkit.damage,org.bukkit.craftbukkit.entity.boat,org.bukkit.craftbukkit.entity.memory,org.bukkit.craftbukkit.event,org.bukkit.craftbukkit.inventory,org.bukkit.craftbukkit.inventory.util,org.bukkit.craftbukkit.legacy,org.bukkit.craftbukkit.map,org.bukkit.craftbukkit.persistence,org.bukkit.craftbukkit.potion,org.bukkit.craftbukkit.scoreboard,org.bukkit.craftbukkit.util,org.bukkit.damage,org.bukkit.entity,org.bukkit.entity.boat,org.bukkit.entity.memory,org.bukkit.entity.minecart,org.bukkit.event.entity,org.bukkit.event.player,org.bukkit.inventory,org.bukkit.inventory.meta,org.bukkit.loot,org.bukkit.map,org.bukkit.material,org.bukkit.metadata,org.bukkit.permissions,org.bukkit.plugin,org.bukkit.plugin.messaging,org.bukkit.potion,org.bukkit.projectiles,org.bukkit.scoreboard,org.bukkit.util	pending	0	
bukkit.craftbukkit.entity.boat	org.bukkit.craftbukkit.entity.boat	org/bukkit/craftbukkit/entity/boat/CraftAcaciaBoat.java,org/bukkit/craftbukkit/entity/boat/CraftAcaciaChestBoat.java,org/bukkit/craftbukkit/entity/boat/CraftBambooChestRaft.java,org/bukkit/craftbukkit/entity/boat/CraftBambooRaft.java,org/bukkit/craftbukkit/entity/boat/CraftBirchBoat.java,org/bukkit/craftbukkit/entity/boat/CraftBirchChestBoat.java,org/bukkit/craftbukkit/entity/boat/CraftCherryBoat.java,org/bukkit/craftbukkit/entity/boat/CraftCherryChestBoat.java,org/bukkit/craftbukkit/entity/boat/CraftDarkOakBoat.java,org/bukkit/craftbukkit/entity/boat/CraftDarkOakChestBoat.java,org/bukkit/craftbukkit/entity/boat/CraftJungleBoat.java,org/bukkit/craftbukkit/entity/boat/CraftJungleChestBoat.java,org/bukkit/craftbukkit/entity/boat/CraftMangroveBoat.java,org/bukkit/craftbukkit/entity/boat/CraftMangroveChestBoat.java,org/bukkit/craftbukkit/entity/boat/CraftOakBoat.java,org/bukkit/craftbukkit/entity/boat/CraftOakChestBoat.java,org/bukkit/craftbukkit/entity/boat/CraftPaleOakBoat.java,org/bukkit/craftbukkit/entity/boat/CraftPaleOakChestBoat.java,org/bukkit/craftbukkit/entity/boat/CraftSpruceBoat.java,org/bukkit/craftbukkit/entity/boat/CraftSpruceChestBoat.java	paper-server	20	260	rivet-server	3	27	yes	net.minecraft.world.entity.vehicle.boat,org.bukkit.craftbukkit,org.bukkit.craftbukkit.entity,org.bukkit.entity.boat	pending	0	
bukkit.craftbukkit.entity.memory	org.bukkit.craftbukkit.entity.memory	org/bukkit/craftbukkit/entity/memory/CraftMemoryKey.java,org/bukkit/craftbukkit/entity/memory/CraftMemoryMapper.java	paper-server	2	78	rivet-server	3	27	yes	net.minecraft.core,net.minecraft.core.registries,net.minecraft.world.entity.ai.memory,org.bukkit,org.bukkit.craftbukkit,org.bukkit.craftbukkit.util,org.bukkit.entity.memory	pending	0	
bukkit.craftbukkit.event	org.bukkit.craftbukkit.event	org/bukkit/craftbukkit/event/CraftEventFactory.java,org/bukkit/craftbukkit/event/PortalEventResult.java	paper-server	2	2434	rivet-server	3	27	yes	com.mojang.datafixers.util,io.papermc.paper.adventure,io.papermc.paper.block.bed,io.papermc.paper.connection,io.papermc.paper.event.block,io.papermc.paper.event.connection,io.papermc.paper.event.entity,io.papermc.paper.event.player,net.minecraft,net.minecraft.commands,net.minecraft.core,net.minecraft.network,net.minecraft.network.chat,net.minecraft.network.protocol.game,net.minecraft.network.syncher,net.minecraft.server,net.minecraft.server.level,net.minecraft.server.players,net.minecraft.tags,net.minecraft.util,net.minecraft.world,net.minecraft.world.attribute,net.minecraft.world.damagesource,net.minecraft.world.effect,net.minecraft.world.entity,net.minecraft.world.entity.ai.attributes,net.minecraft.world.entity.animal,net.minecraft.world.entity.animal.fish,net.minecraft.world.entity.item,net.minecraft.world.entity.monster.illager,net.minecraft.world.entity.projectile,net.minecraft.world.entity.raid,net.minecraft.world.inventory,net.minecraft.world.item,net.minecraft.world.item.context,net.minecraft.world.item.crafting,net.minecraft.world.level,net.minecraft.world.level.block.entity,net.minecraft.world.level.block.state.properties,net.minecraft.world.level.gamerules,net.minecraft.world.level.redstone,net.minecraft.world.level.storage.loot,net.minecraft.world.level.storage.loot.parameters,net.minecraft.world.phys,org.bukkit,org.bukkit.block,org.bukkit.block.sign,org.bukkit.command,org.bukkit.craftbukkit,org.bukkit.craftbukkit.block,org.bukkit.craftbukkit.damage,org.bukkit.craftbukkit.entity,org.bukkit.craftbukkit.inventory,org.bukkit.craftbukkit.potion,org.bukkit.craftbukkit.util,org.bukkit.entity,org.bukkit.event,org.bukkit.event.block,org.bukkit.event.entity,org.bukkit.event.inventory,org.bukkit.event.player,org.bukkit.event.raid,org.bukkit.event.vehicle,org.bukkit.event.weather,org.bukkit.event.world,org.bukkit.inventory,org.bukkit.inventory.meta,org.bukkit.inventory.view,org.bukkit.potion,org.bukkit.util	pending	0	
bukkit.craftbukkit.generator	org.bukkit.craftbukkit.generator	org/bukkit/craftbukkit/generator/CraftBiomeParameterPoint.java,org/bukkit/craftbukkit/generator/CraftChunkData.java,org/bukkit/craftbukkit/generator/CraftLimitedRegion.java,org/bukkit/craftbukkit/generator/CraftWorldInfo.java,org/bukkit/craftbukkit/generator/CustomChunkGenerator.java,org/bukkit/craftbukkit/generator/CustomWorldChunkManager.java,org/bukkit/craftbukkit/generator/InternalChunkGenerator.java,org/bukkit/craftbukkit/generator/OldCraftChunkData.java	paper-server	8	1399	rivet-server	3	27	yes	com.mojang.serialization,io.papermc.paper,net.minecraft.core,net.minecraft.nbt,net.minecraft.resources,net.minecraft.server.level,net.minecraft.util,net.minecraft.util.random,net.minecraft.world.entity,net.minecraft.world.flag,net.minecraft.world.level,net.minecraft.world.level.biome,net.minecraft.world.level.block,net.minecraft.world.level.block.entity,net.minecraft.world.level.block.state,net.minecraft.world.level.chunk,net.minecraft.world.level.chunk.status,net.minecraft.world.level.dimension,net.minecraft.world.level.levelgen,net.minecraft.world.level.levelgen.blending,net.minecraft.world.level.levelgen.structure.templatesystem,net.minecraft.world.level.storage,org.bukkit,org.bukkit.block,org.bukkit.block.data,org.bukkit.craftbukkit,org.bukkit.craftbukkit.block,org.bukkit.craftbukkit.block.data,org.bukkit.craftbukkit.util,org.bukkit.entity,org.bukkit.event.entity,org.bukkit.generator,org.bukkit.material,org.bukkit.util	pending	0	
bukkit.craftbukkit.generator.structure	org.bukkit.craftbukkit.generator.structure	org/bukkit/craftbukkit/generator/structure/CraftGeneratedStructure.java,org/bukkit/craftbukkit/generator/structure/CraftStructure.java,org/bukkit/craftbukkit/generator/structure/CraftStructurePiece.java,org/bukkit/craftbukkit/generator/structure/CraftStructureType.java	paper-server	4	184	rivet-server	3	27	yes	io.papermc.paper.util,net.minecraft.core,net.minecraft.core.registries,net.minecraft.world.level.levelgen.structure,org.bukkit,org.bukkit.craftbukkit,org.bukkit.generator.structure,org.bukkit.persistence,org.bukkit.util	pending	0	
bukkit.craftbukkit.help	org.bukkit.craftbukkit.help	org/bukkit/craftbukkit/help/CommandAliasHelpTopic.java,org/bukkit/craftbukkit/help/CustomHelpTopic.java,org/bukkit/craftbukkit/help/CustomIndexHelpTopic.java,org/bukkit/craftbukkit/help/HelpTopicAmendment.java,org/bukkit/craftbukkit/help/HelpYamlReader.java,org/bukkit/craftbukkit/help/MultipleCommandAliasHelpTopic.java,org/bukkit/craftbukkit/help/MultipleCommandAliasHelpTopicFactory.java,org/bukkit/craftbukkit/help/SimpleHelpMap.java	paper-server	8	602	rivet-server	3	27	yes	org.bukkit,org.bukkit.command,org.bukkit.command.defaults,org.bukkit.configuration,org.bukkit.configuration.file,org.bukkit.craftbukkit,org.bukkit.craftbukkit.command,org.bukkit.help	pending	0	
bukkit.craftbukkit.inventory	org.bukkit.craftbukkit.inventory	org/bukkit/craftbukkit/inventory/CraftAbstractInventoryView.java,org/bukkit/craftbukkit/inventory/CraftBlastingRecipe.java,org/bukkit/craftbukkit/inventory/CraftBlockInventoryHolder.java,org/bukkit/craftbukkit/inventory/CraftCampfireRecipe.java,org/bukkit/craftbukkit/inventory/CraftComplexRecipe.java,org/bukkit/craftbukkit/inventory/CraftContainer.java,org/bukkit/craftbukkit/inventory/CraftEntityEquipment.java,org/bukkit/craftbukkit/inventory/CraftFurnaceRecipe.java,org/bukkit/craftbukkit/inventory/CraftInventory.java,org/bukkit/craftbukkit/inventory/CraftInventoryAnvil.java,org/bukkit/craftbukkit/inventory/CraftInventoryBeacon.java,org/bukkit/craftbukkit/inventory/CraftInventoryBrewer.java,org/bukkit/craftbukkit/inventory/CraftInventoryCartography.java,org/bukkit/craftbukkit/inventory/CraftInventoryChiseledBookshelf.java,org/bukkit/craftbukkit/inventory/CraftInventoryCrafter.java,org/bukkit/craftbukkit/inventory/CraftInventoryCrafting.java,org/bukkit/craftbukkit/inventory/CraftInventoryCustom.java,org/bukkit/craftbukkit/inventory/CraftInventoryDecoratedPot.java,org/bukkit/craftbukkit/inventory/CraftInventoryDoubleChest.java,org/bukkit/craftbukkit/inventory/CraftInventoryEnchanting.java,org/bukkit/craftbukkit/inventory/CraftInventoryFurnace.java,org/bukkit/craftbukkit/inventory/CraftInventoryGrindstone.java,org/bukkit/craftbukkit/inventory/CraftInventoryHorse.java,org/bukkit/craftbukkit/inventory/CraftInventoryJukebox.java,org/bukkit/craftbukkit/inventory/CraftInventoryLectern.java,org/bukkit/craftbukkit/inventory/CraftInventoryLlama.java,org/bukkit/craftbukkit/inventory/CraftInventoryLoom.java,org/bukkit/craftbukkit/inventory/CraftInventoryMerchant.java,org/bukkit/craftbukkit/inventory/CraftInventoryPlayer.java,org/bukkit/craftbukkit/inventory/CraftInventorySaddledHorse.java,org/bukkit/craftbukkit/inventory/CraftInventorySaddledMount.java,org/bukkit/craftbukkit/inventory/CraftInventoryShelf.java,org/bukkit/craftbukkit/inventory/CraftInventorySmithing.java,org/bukkit/craftbukkit/inventory/CraftInventoryStonecutter.java,org/bukkit/craftbukkit/inventory/CraftInventoryView.java,org/bukkit/craftbukkit/inventory/CraftItemCraftResult.java,org/bukkit/craftbukkit/inventory/CraftItemFactory.java,org/bukkit/craftbukkit/inventory/CraftItemFlag.java,org/bukkit/craftbukkit/inventory/CraftItemMetas.java,org/bukkit/craftbukkit/inventory/CraftItemStack.java,org/bukkit/craftbukkit/inventory/CraftItemType.java,org/bukkit/craftbukkit/inventory/CraftMenuType.java,org/bukkit/craftbukkit/inventory/CraftMerchant.java,org/bukkit/craftbukkit/inventory/CraftMerchantCustom.java,org/bukkit/craftbukkit/inventory/CraftMerchantRecipe.java,org/bukkit/craftbukkit/inventory/CraftMetaArmor.java,org/bukkit/craftbukkit/inventory/CraftMetaArmorStand.java,org/bukkit/craftbukkit/inventory/CraftMetaAxolotlBucket.java,org/bukkit/craftbukkit/inventory/CraftMetaBanner.java,org/bukkit/craftbukkit/inventory/CraftMetaBlockState.java,org/bukkit/craftbukkit/inventory/CraftMetaBook.java,org/bukkit/craftbukkit/inventory/CraftMetaBookSigned.java,org/bukkit/craftbukkit/inventory/CraftMetaBundle.java,org/bukkit/craftbukkit/inventory/CraftMetaCharge.java,org/bukkit/craftbukkit/inventory/CraftMetaColorableArmor.java,org/bukkit/craftbukkit/inventory/CraftMetaCompass.java,org/bukkit/craftbukkit/inventory/CraftMetaCrossbow.java,org/bukkit/craftbukkit/inventory/CraftMetaEnchantedBook.java,org/bukkit/craftbukkit/inventory/CraftMetaEntityTag.java,org/bukkit/craftbukkit/inventory/CraftMetaFirework.java,org/bukkit/craftbukkit/inventory/CraftMetaItem.java,org/bukkit/craftbukkit/inventory/CraftMetaKnowledgeBook.java,org/bukkit/craftbukkit/inventory/CraftMetaLeatherArmor.java,org/bukkit/craftbukkit/inventory/CraftMetaMap.java,org/bukkit/craftbukkit/inventory/CraftMetaMusicInstrument.java,org/bukkit/craftbukkit/inventory/CraftMetaOminousBottle.java,org/bukkit/craftbukkit/inventory/CraftMetaPotion.java,org/bukkit/craftbukkit/inventory/CraftMetaShield.java,org/bukkit/craftbukkit/inventory/CraftMetaSkull.java,org/bukkit/craftbukkit/inventory/CraftMetaSpawnEgg.java,org/bukkit/craftbukkit/inventory/CraftMetaSuspiciousStew.java,org/bukkit/craftbukkit/inventory/CraftMetaTropicalFishBucket.java,org/bukkit/craftbukkit/inventory/CraftRecipe.java,org/bukkit/craftbukkit/inventory/CraftResultInventory.java,org/bukkit/craftbukkit/inventory/CraftShapedRecipe.java,org/bukkit/craftbukkit/inventory/CraftShapelessRecipe.java,org/bukkit/craftbukkit/inventory/CraftSmithingTransformRecipe.java,org/bukkit/craftbukkit/inventory/CraftSmithingTrimRecipe.java,org/bukkit/craftbukkit/inventory/CraftSmokingRecipe.java,org/bukkit/craftbukkit/inventory/CraftStonecuttingRecipe.java,org/bukkit/craftbukkit/inventory/CraftTransmuteRecipe.java,org/bukkit/craftbukkit/inventory/InventoryIterator.java,org/bukkit/craftbukkit/inventory/RecipeIterator.java,org/bukkit/craftbukkit/inventory/SerializableMeta.java	paper-server	84	14955	rivet-server	3	27	yes	com.destroystokyo.paper.inventory.meta,com.mojang.brigadier,com.mojang.brigadier.exceptions,com.mojang.datafixers.util,com.mojang.serialization,io.papermc.paper.adventure,io.papermc.paper.datacomponent,io.papermc.paper.inventory.tooltip,io.papermc.paper.persistence,io.papermc.paper.registry,io.papermc.paper.registry.data.util,io.papermc.paper.registry.set,io.papermc.paper.util,net.minecraft,net.minecraft.advancements.predicates,net.minecraft.commands.arguments.item,net.minecraft.core,net.minecraft.core.component,net.minecraft.core.registries,net.minecraft.nbt,net.minecraft.network.chat,net.minecraft.network.protocol.game,net.minecraft.resources,net.minecraft.server,net.minecraft.server.level,net.minecraft.server.network,net.minecraft.sounds,net.minecraft.tags,net.minecraft.util,net.minecraft.world,net.minecraft.world.effect,net.minecraft.world.entity,net.minecraft.world.entity.player,net.minecraft.world.food,net.minecraft.world.inventory,net.minecraft.world.item,net.minecraft.world.item.alchemy,net.minecraft.world.item.component,net.minecraft.world.item.crafting,net.minecraft.world.item.enchantment,net.minecraft.world.item.equipment,net.minecraft.world.item.trading,net.minecraft.world.level,net.minecraft.world.level.block,net.minecraft.world.level.block.entity,net.minecraft.world.level.block.state,net.minecraft.world.level.saveddata.maps,net.minecraft.world.level.storage,org.bukkit,org.bukkit.attribute,org.bukkit.block,org.bukkit.block.banner,org.bukkit.block.data,org.bukkit.configuration.serialization,org.bukkit.craftbukkit,org.bukkit.craftbukkit.attribute,org.bukkit.craftbukkit.block,org.bukkit.craftbukkit.block.banner,org.bukkit.craftbukkit.block.data,org.bukkit.craftbukkit.configuration,org.bukkit.craftbukkit.enchantments,org.bukkit.craftbukkit.entity,org.bukkit.craftbukkit.inventory.components,org.bukkit.craftbukkit.inventory.tags,org.bukkit.craftbukkit.inventory.trim,org.bukkit.craftbukkit.inventory.util,org.bukkit.craftbukkit.inventory.view,org.bukkit.craftbukkit.legacy,org.bukkit.craftbukkit.persistence,org.bukkit.craftbukkit.potion,org.bukkit.craftbukkit.profile,org.bukkit.craftbukkit.tag,org.bukkit.craftbukkit.util,org.bukkit.damage,org.bukkit.enchantments,org.bukkit.entity,org.bukkit.event.inventory,org.bukkit.inventory,org.bukkit.inventory.meta,org.bukkit.inventory.meta.components,org.bukkit.inventory.meta.tags,org.bukkit.inventory.meta.trim,org.bukkit.inventory.recipe,org.bukkit.inventory.view.builder,org.bukkit.map,org.bukkit.material,org.bukkit.persistence,org.bukkit.potion,org.bukkit.profile,org.bukkit.util	pending	0	
bukkit.craftbukkit.inventory.components	org.bukkit.craftbukkit.inventory.components	org/bukkit/craftbukkit/inventory/components/CraftCustomModelDataComponent.java,org/bukkit/craftbukkit/inventory/components/CraftEquippableComponent.java,org/bukkit/craftbukkit/inventory/components/CraftFoodComponent.java,org/bukkit/craftbukkit/inventory/components/CraftJukeboxComponent.java,org/bukkit/craftbukkit/inventory/components/CraftToolComponent.java,org/bukkit/craftbukkit/inventory/components/CraftUseCooldownComponent.java	paper-server	6	997	rivet-server	3	27	yes	net.minecraft.core,net.minecraft.core.registries,net.minecraft.resources,net.minecraft.sounds,net.minecraft.world.food,net.minecraft.world.item,net.minecraft.world.item.component,net.minecraft.world.item.equipment,net.minecraft.world.level.block,org.bukkit,org.bukkit.configuration.serialization,org.bukkit.craftbukkit,org.bukkit.craftbukkit.block,org.bukkit.craftbukkit.configuration,org.bukkit.craftbukkit.entity,org.bukkit.craftbukkit.inventory,org.bukkit.craftbukkit.tag,org.bukkit.craftbukkit.util,org.bukkit.entity,org.bukkit.inventory,org.bukkit.inventory.meta.components	pending	0	
bukkit.craftbukkit.inventory.tags	org.bukkit.craftbukkit.inventory.tags	org/bukkit/craftbukkit/inventory/tags/DeprecatedContainerTagType.java,org/bukkit/craftbukkit/inventory/tags/DeprecatedCustomTagContainer.java,org/bukkit/craftbukkit/inventory/tags/DeprecatedItemAdapterContext.java,org/bukkit/craftbukkit/inventory/tags/DeprecatedItemTagType.java	paper-server	4	184	rivet-server	3	27	yes	org.bukkit,org.bukkit.craftbukkit.persistence,org.bukkit.inventory.meta.tags,org.bukkit.persistence	pending	0	
bukkit.craftbukkit.inventory.trim	org.bukkit.craftbukkit.inventory.trim	org/bukkit/craftbukkit/inventory/trim/CraftTrimMaterial.java,org/bukkit/craftbukkit/inventory/trim/CraftTrimPattern.java	paper-server	2	100	rivet-server	3	27	yes	io.papermc.paper.registry,net.minecraft.core,net.minecraft.core.registries,net.minecraft.network.chat.contents,org.bukkit.craftbukkit,org.bukkit.inventory.meta.trim	pending	0	
bukkit.craftbukkit.inventory.util	org.bukkit.craftbukkit.inventory.util	org/bukkit/craftbukkit/inventory/util/CraftBlockInventoryConverter.java,org/bukkit/craftbukkit/inventory/util/CraftCustomInventoryConverter.java,org/bukkit/craftbukkit/inventory/util/CraftInventoryCreator.java,org/bukkit/craftbukkit/inventory/util/CraftMenus.java	paper-server	4	467	rivet-server	3	27	yes	net.minecraft.core,net.minecraft.network.protocol.game,net.minecraft.server.level,net.minecraft.world,net.minecraft.world.entity.npc.villager,net.minecraft.world.inventory,net.minecraft.world.item.trading,net.minecraft.world.level.block,net.minecraft.world.level.block.entity,org.bukkit.craftbukkit.inventory,org.bukkit.craftbukkit.inventory.view.builder,org.bukkit.craftbukkit.util,org.bukkit.event.inventory,org.bukkit.inventory,org.bukkit.inventory.view,org.bukkit.inventory.view.builder	pending	0	
bukkit.craftbukkit.inventory.view	org.bukkit.craftbukkit.inventory.view	org/bukkit/craftbukkit/inventory/view/CraftAnvilView.java,org/bukkit/craftbukkit/inventory/view/CraftBeaconView.java,org/bukkit/craftbukkit/inventory/view/CraftBrewingStandView.java,org/bukkit/craftbukkit/inventory/view/CraftCrafterView.java,org/bukkit/craftbukkit/inventory/view/CraftEnchantmentView.java,org/bukkit/craftbukkit/inventory/view/CraftFurnaceView.java,org/bukkit/craftbukkit/inventory/view/CraftLecternView.java,org/bukkit/craftbukkit/inventory/view/CraftLoomView.java,org/bukkit/craftbukkit/inventory/view/CraftMerchantView.java,org/bukkit/craftbukkit/inventory/view/CraftStonecutterView.java	paper-server	10	484	rivet-server	3	27	yes	net.minecraft.core,net.minecraft.core.registries,net.minecraft.world.inventory,net.minecraft.world.item.crafting,net.minecraft.world.item.enchantment,net.minecraft.world.level.block.entity,org.bukkit.block.banner,org.bukkit.craftbukkit,org.bukkit.craftbukkit.block.banner,org.bukkit.craftbukkit.enchantments,org.bukkit.craftbukkit.inventory,org.bukkit.craftbukkit.potion,org.bukkit.enchantments,org.bukkit.entity,org.bukkit.inventory,org.bukkit.inventory.view,org.bukkit.potion	pending	0	
bukkit.craftbukkit.inventory.view.builder	org.bukkit.craftbukkit.inventory.view.builder	org/bukkit/craftbukkit/inventory/view/builder/CraftAbstractInventoryViewBuilder.java,org/bukkit/craftbukkit/inventory/view/builder/CraftAbstractLocationInventoryViewBuilder.java,org/bukkit/craftbukkit/inventory/view/builder/CraftAccessLocationInventoryViewBuilder.java,org/bukkit/craftbukkit/inventory/view/builder/CraftBlockEntityInventoryViewBuilder.java,org/bukkit/craftbukkit/inventory/view/builder/CraftDoubleChestInventoryViewBuilder.java,org/bukkit/craftbukkit/inventory/view/builder/CraftEnchantmentInventoryViewBuilder.java,org/bukkit/craftbukkit/inventory/view/builder/CraftMerchantInventoryViewBuilder.java,org/bukkit/craftbukkit/inventory/view/builder/CraftStandardInventoryViewBuilder.java,org/bukkit/craftbukkit/inventory/view/builder/package-info.java	paper-server	9	461	rivet-server	3	27	yes	io.papermc.paper.adventure,net.minecraft.core,net.minecraft.network.chat,net.minecraft.server.level,net.minecraft.world,net.minecraft.world.entity.npc.villager,net.minecraft.world.inventory,net.minecraft.world.level,net.minecraft.world.level.block,net.minecraft.world.level.block.entity,net.minecraft.world.level.block.state,org.bukkit,org.bukkit.craftbukkit,org.bukkit.craftbukkit.entity,org.bukkit.craftbukkit.inventory,org.bukkit.craftbukkit.util,org.bukkit.entity,org.bukkit.inventory,org.bukkit.inventory.view,org.bukkit.inventory.view.builder	pending	0	
bukkit.craftbukkit.legacy	org.bukkit.craftbukkit.legacy	org/bukkit/craftbukkit/legacy/CraftEvil.java,org/bukkit/craftbukkit/legacy/CraftLegacy.java,org/bukkit/craftbukkit/legacy/FieldRename.java,org/bukkit/craftbukkit/legacy/MaterialRerouting.java,org/bukkit/craftbukkit/legacy/MethodRerouting.java	paper-server	5	1813	rivet-server	3	27	yes	com.mojang.serialization,net.minecraft,net.minecraft.core.registries,net.minecraft.nbt,net.minecraft.resources,net.minecraft.server,net.minecraft.util.datafix,net.minecraft.util.datafix.fixes,net.minecraft.world.item,net.minecraft.world.level.block,net.minecraft.world.level.block.state,net.minecraft.world.level.block.state.properties,org.bukkit,org.bukkit.attribute,org.bukkit.block,org.bukkit.block.banner,org.bukkit.block.data,org.bukkit.craftbukkit.block,org.bukkit.craftbukkit.inventory,org.bukkit.craftbukkit.legacy.fieldrename,org.bukkit.craftbukkit.legacy.reroute,org.bukkit.craftbukkit.tag,org.bukkit.craftbukkit.util,org.bukkit.enchantments,org.bukkit.entity,org.bukkit.event.block,org.bukkit.event.entity,org.bukkit.event.inventory,org.bukkit.event.player,org.bukkit.generator,org.bukkit.inventory,org.bukkit.inventory.meta,org.bukkit.inventory.meta.components,org.bukkit.loot,org.bukkit.map,org.bukkit.material,org.bukkit.potion,org.bukkit.scoreboard	pending	0	
bukkit.craftbukkit.legacy.enums	org.bukkit.craftbukkit.legacy.enums	org/bukkit/craftbukkit/legacy/enums/DummyEnum.java,org/bukkit/craftbukkit/legacy/enums/EnumEvil.java,org/bukkit/craftbukkit/legacy/enums/ImposterEnumMap.java,org/bukkit/craftbukkit/legacy/enums/ImposterEnumSet.java	paper-server	4	778	rivet-server	3	27	yes	org.bukkit,org.bukkit.attribute,org.bukkit.block,org.bukkit.block.banner,org.bukkit.craftbukkit.legacy,org.bukkit.craftbukkit.legacy.reroute,org.bukkit.craftbukkit.util,org.bukkit.entity,org.bukkit.map,org.bukkit.util	pending	0	
bukkit.craftbukkit.legacy.fieldrename	org.bukkit.craftbukkit.legacy.fieldrename	org/bukkit/craftbukkit/legacy/fieldrename/FieldRenameData.java	paper-server	1	99	rivet-server	3	27	yes	org.bukkit,org.bukkit.craftbukkit.util	pending	0	
bukkit.craftbukkit.legacy.reroute	org.bukkit.craftbukkit.legacy.reroute	org/bukkit/craftbukkit/legacy/reroute/DoNotReroute.java,org/bukkit/craftbukkit/legacy/reroute/InjectCompatibility.java,org/bukkit/craftbukkit/legacy/reroute/InjectPluginName.java,org/bukkit/craftbukkit/legacy/reroute/InjectPluginVersion.java,org/bukkit/craftbukkit/legacy/reroute/NotInBukkit.java,org/bukkit/craftbukkit/legacy/reroute/RequireCompatibility.java,org/bukkit/craftbukkit/legacy/reroute/RequirePluginVersion.java,org/bukkit/craftbukkit/legacy/reroute/RequirePluginVersionData.java,org/bukkit/craftbukkit/legacy/reroute/Reroute.java,org/bukkit/craftbukkit/legacy/reroute/RerouteArgument.java,org/bukkit/craftbukkit/legacy/reroute/RerouteArgumentType.java,org/bukkit/craftbukkit/legacy/reroute/RerouteBuilder.java,org/bukkit/craftbukkit/legacy/reroute/RerouteMethodData.java,org/bukkit/craftbukkit/legacy/reroute/RerouteMethodName.java,org/bukkit/craftbukkit/legacy/reroute/RerouteReturn.java,org/bukkit/craftbukkit/legacy/reroute/RerouteReturnType.java,org/bukkit/craftbukkit/legacy/reroute/RerouteStatic.java	paper-server	17	601	rivet-server	3	27	yes	org.bukkit.craftbukkit.util	pending	0	
bukkit.craftbukkit.map	org.bukkit.craftbukkit.map	org/bukkit/craftbukkit/map/CraftMapCanvas.java,org/bukkit/craftbukkit/map/CraftMapColorCache.java,org/bukkit/craftbukkit/map/CraftMapCursor.java,org/bukkit/craftbukkit/map/CraftMapRenderer.java,org/bukkit/craftbukkit/map/CraftMapView.java,org/bukkit/craftbukkit/map/RenderData.java	paper-server	6	649	rivet-server	3	27	yes	io.papermc.paper.util,net.minecraft.core,net.minecraft.core.registries,net.minecraft.resources,net.minecraft.server,net.minecraft.server.level,net.minecraft.util,net.minecraft.world.level.saveddata.maps,org.bukkit,org.bukkit.craftbukkit,org.bukkit.craftbukkit.entity,org.bukkit.entity,org.bukkit.map	pending	0	
bukkit.craftbukkit.metadata	org.bukkit.craftbukkit.metadata	org/bukkit/craftbukkit/metadata/BlockMetadataStore.java,org/bukkit/craftbukkit/metadata/EntityMetadataStore.java,org/bukkit/craftbukkit/metadata/PlayerMetadataStore.java,org/bukkit/craftbukkit/metadata/WorldMetadataStore.java	paper-server	4	158	rivet-server	3	27	yes	org.bukkit,org.bukkit.block,org.bukkit.entity,org.bukkit.metadata,org.bukkit.plugin	pending	0	
bukkit.craftbukkit.packs	org.bukkit.craftbukkit.packs	org/bukkit/craftbukkit/packs/CraftResourcePack.java	paper-server	1	45	rivet-server	3	27	yes	net.minecraft.server,org.bukkit.craftbukkit.util,org.bukkit.packs	pending	0	
bukkit.craftbukkit.persistence	org.bukkit.craftbukkit.persistence	org/bukkit/craftbukkit/persistence/CraftPersistentDataAdapterContext.java,org/bukkit/craftbukkit/persistence/CraftPersistentDataContainer.java,org/bukkit/craftbukkit/persistence/CraftPersistentDataTypeRegistry.java,org/bukkit/craftbukkit/persistence/DirtyCraftPersistentDataContainer.java	paper-server	4	694	rivet-server	3	27	yes	com.mojang.serialization,net.minecraft.nbt,org.bukkit,org.bukkit.craftbukkit.util,org.bukkit.persistence	pending	0	
bukkit.craftbukkit.potion	org.bukkit.craftbukkit.potion	org/bukkit/craftbukkit/potion/CraftPotionEffectType.java,org/bukkit/craftbukkit/potion/CraftPotionEffectTypeCategory.java,org/bukkit/craftbukkit/potion/CraftPotionType.java,org/bukkit/craftbukkit/potion/CraftPotionUtil.java	paper-server	4	435	rivet-server	3	27	yes	io.papermc.paper.registry,io.papermc.paper.util,io.papermc.paper.world.flag,net.minecraft.core,net.minecraft.core.registries,net.minecraft.world.effect,net.minecraft.world.entity.ai.attributes,net.minecraft.world.item.alchemy,org.bukkit,org.bukkit.attribute,org.bukkit.craftbukkit,org.bukkit.craftbukkit.attribute,org.bukkit.craftbukkit.legacy,org.bukkit.craftbukkit.util,org.bukkit.potion	pending	0	
bukkit.craftbukkit.profile	org.bukkit.craftbukkit.profile	org/bukkit/craftbukkit/profile/CraftPlayerProfile.java,org/bukkit/craftbukkit/profile/CraftPlayerTextures.java,org/bukkit/craftbukkit/profile/CraftProfileProperty.java	paper-server	3	798	rivet-server	3	27	yes	com.mojang.datafixers.util,io.papermc.paper.profile,net.minecraft.server.dedicated,net.minecraft.server.players,net.minecraft.util,net.minecraft.world.entity.player,net.minecraft.world.item.component,org.bukkit,org.bukkit.configuration.serialization,org.bukkit.craftbukkit,org.bukkit.craftbukkit.configuration,org.bukkit.craftbukkit.util,org.bukkit.profile	pending	0	
bukkit.craftbukkit.projectiles	org.bukkit.craftbukkit.projectiles	org/bukkit/craftbukkit/projectiles/CraftBlockProjectileSource.java	paper-server	1	105	rivet-server	3	27	yes	net.minecraft.core,net.minecraft.core.dispenser,net.minecraft.server.level,net.minecraft.world.item,net.minecraft.world.level.block,net.minecraft.world.level.block.entity,org.bukkit,org.bukkit.block,org.bukkit.craftbukkit.block,org.bukkit.entity,org.bukkit.projectiles,org.bukkit.util	pending	0	
bukkit.craftbukkit.scheduler	org.bukkit.craftbukkit.scheduler	org/bukkit/craftbukkit/scheduler/CraftAsyncDebugger.java,org/bukkit/craftbukkit/scheduler/CraftAsyncScheduler.java,org/bukkit/craftbukkit/scheduler/CraftAsyncTask.java,org/bukkit/craftbukkit/scheduler/CraftFuture.java,org/bukkit/craftbukkit/scheduler/CraftScheduler.java,org/bukkit/craftbukkit/scheduler/CraftTask.java	paper-server	6	1163	rivet-server	3	27	yes	com.destroystokyo.paper,org.bukkit,org.bukkit.plugin,org.bukkit.scheduler	pending	0	
bukkit.craftbukkit.scoreboard	org.bukkit.craftbukkit.scoreboard	org/bukkit/craftbukkit/scoreboard/CraftCriteria.java,org/bukkit/craftbukkit/scoreboard/CraftObjective.java,org/bukkit/craftbukkit/scoreboard/CraftScore.java,org/bukkit/craftbukkit/scoreboard/CraftScoreboard.java,org/bukkit/craftbukkit/scoreboard/CraftScoreboardComponent.java,org/bukkit/craftbukkit/scoreboard/CraftScoreboardManager.java,org/bukkit/craftbukkit/scoreboard/CraftScoreboardTranslations.java,org/bukkit/craftbukkit/scoreboard/CraftTeam.java	paper-server	8	1285	rivet-server	3	27	yes	io.papermc.paper.adventure,net.minecraft.network.chat,net.minecraft.network.protocol.game,net.minecraft.server,net.minecraft.server.level,net.minecraft.world.scores,net.minecraft.world.scores.criteria,org.bukkit,org.bukkit.craftbukkit.entity,org.bukkit.craftbukkit.util,org.bukkit.scoreboard	pending	0	
bukkit.craftbukkit.structure	org.bukkit.craftbukkit.structure	org/bukkit/craftbukkit/structure/CraftPalette.java,org/bukkit/craftbukkit/structure/CraftStructure.java,org/bukkit/craftbukkit/structure/CraftStructureManager.java	paper-server	3	401	rivet-server	3	27	yes	net.minecraft.core,net.minecraft.nbt,net.minecraft.resources,net.minecraft.util,net.minecraft.world.entity,net.minecraft.world.level,net.minecraft.world.level.block,net.minecraft.world.level.levelgen.structure.templatesystem,net.minecraft.world.level.levelgen.structure.templatesystem.loader,net.minecraft.world.level.storage,org.bukkit,org.bukkit.block,org.bukkit.block.structure,org.bukkit.craftbukkit,org.bukkit.craftbukkit.block,org.bukkit.craftbukkit.util,org.bukkit.entity,org.bukkit.persistence,org.bukkit.structure,org.bukkit.util	pending	0	
bukkit.craftbukkit.tag	org.bukkit.craftbukkit.tag	org/bukkit/craftbukkit/tag/CraftBlockTag.java,org/bukkit/craftbukkit/tag/CraftDamageTag.java,org/bukkit/craftbukkit/tag/CraftEntityTag.java,org/bukkit/craftbukkit/tag/CraftFluidTag.java,org/bukkit/craftbukkit/tag/CraftGameEventTag.java,org/bukkit/craftbukkit/tag/CraftItemTag.java,org/bukkit/craftbukkit/tag/CraftTag.java	paper-server	7	239	rivet-server	3	27	yes	net.minecraft.core,net.minecraft.core.registries,net.minecraft.resources,net.minecraft.tags,net.minecraft.world.item,net.minecraft.world.level.block,org.bukkit,org.bukkit.craftbukkit,org.bukkit.craftbukkit.block,org.bukkit.craftbukkit.damage,org.bukkit.craftbukkit.entity,org.bukkit.craftbukkit.inventory,org.bukkit.craftbukkit.util,org.bukkit.damage,org.bukkit.entity	pending	0	
bukkit.craftbukkit.util	org.bukkit.craftbukkit.util	org/bukkit/craftbukkit/util/ApiVersion.java,org/bukkit/craftbukkit/util/BlockStateListPopulator.java,org/bukkit/craftbukkit/util/CapturedBlock.java,org/bukkit/craftbukkit/util/ClassTraverser.java,org/bukkit/craftbukkit/util/Commodore.java,org/bukkit/craftbukkit/util/CraftBiomeSearchResult.java,org/bukkit/craftbukkit/util/CraftBlockVector.java,org/bukkit/craftbukkit/util/CraftChatMessage.java,org/bukkit/craftbukkit/util/CraftDifficulty.java,org/bukkit/craftbukkit/util/CraftDimensionUtil.java,org/bukkit/craftbukkit/util/CraftIconCache.java,org/bukkit/craftbukkit/util/CraftLegacy.java,org/bukkit/craftbukkit/util/CraftLocation.java,org/bukkit/craftbukkit/util/CraftMagicNumbers.java,org/bukkit/craftbukkit/util/CraftNBTTagConfigSerializer.java,org/bukkit/craftbukkit/util/CraftNamespacedKey.java,org/bukkit/craftbukkit/util/CraftRayTraceResult.java,org/bukkit/craftbukkit/util/CraftSpawnCategory.java,org/bukkit/craftbukkit/util/CraftStructureSearchResult.java,org/bukkit/craftbukkit/util/CraftStructureTransformer.java,org/bukkit/craftbukkit/util/CraftVector.java,org/bukkit/craftbukkit/util/CraftVoxelShape.java,org/bukkit/craftbukkit/util/DelegatedLevelAccessor.java,org/bukkit/craftbukkit/util/DummyLevelAccessor.java,org/bukkit/craftbukkit/util/ForwardLogHandler.java,org/bukkit/craftbukkit/util/Handleable.java,org/bukkit/craftbukkit/util/JsonHelper.java,org/bukkit/craftbukkit/util/LazyHashSet.java,org/bukkit/craftbukkit/util/LazyPlayerSet.java,org/bukkit/craftbukkit/util/LimitedClassRemapper.java,org/bukkit/craftbukkit/util/RandomSourceWrapper.java,org/bukkit/craftbukkit/util/ServerShutdownThread.java,org/bukkit/craftbukkit/util/TransformerLevelAccessor.java,org/bukkit/craftbukkit/util/UnsafeList.java,org/bukkit/craftbukkit/util/Versioning.java,org/bukkit/craftbukkit/util/Waitable.java,org/bukkit/craftbukkit/util/WeakCollection.java	paper-server	37	5038	rivet-server	3	27	yes	com.mojang.brigadier,com.mojang.brigadier.exceptions,com.mojang.serialization,io.papermc.paper.adventure,io.papermc.paper.entity,io.papermc.paper.log,io.papermc.paper.registry,io.papermc.paper.util,net.minecraft,net.minecraft.advancements,net.minecraft.commands.arguments.item,net.minecraft.core,net.minecraft.core.particles,net.minecraft.core.registries,net.minecraft.nbt,net.minecraft.network.chat,net.minecraft.network.chat.contents,net.minecraft.resources,net.minecraft.server,net.minecraft.server.level,net.minecraft.sounds,net.minecraft.util,net.minecraft.util.datafix,net.minecraft.util.datafix.fixes,net.minecraft.world,net.minecraft.world.attribute,net.minecraft.world.entity,net.minecraft.world.entity.player,net.minecraft.world.flag,net.minecraft.world.item,net.minecraft.world.item.alchemy,net.minecraft.world.level,net.minecraft.world.level.biome,net.minecraft.world.level.block,net.minecraft.world.level.block.entity,net.minecraft.world.level.block.state,net.minecraft.world.level.border,net.minecraft.world.level.chunk,net.minecraft.world.level.chunk.status,net.minecraft.world.level.dimension,net.minecraft.world.level.entity,net.minecraft.world.level.gameevent,net.minecraft.world.level.levelgen,net.minecraft.world.level.levelgen.structure,net.minecraft.world.level.lighting,net.minecraft.world.level.material,net.minecraft.world.level.pathfinder,net.minecraft.world.level.storage,net.minecraft.world.phys,net.minecraft.world.phys.shapes,net.minecraft.world.ticks,org.bukkit,org.bukkit.advancement,org.bukkit.block,org.bukkit.block.data,org.bukkit.configuration,org.bukkit.craftbukkit,org.bukkit.craftbukkit.block,org.bukkit.craftbukkit.entity,org.bukkit.craftbukkit.generator,org.bukkit.craftbukkit.generator.structure,org.bukkit.craftbukkit.inventory,org.bukkit.craftbukkit.legacy,org.bukkit.craftbukkit.legacy.enums,org.bukkit.craftbukkit.legacy.reroute,org.bukkit.craftbukkit.potion,org.bukkit.enchantments,org.bukkit.entity,org.bukkit.event.entity,org.bukkit.event.world,org.bukkit.generator.structure,org.bukkit.inventory,org.bukkit.material,org.bukkit.plugin,org.bukkit.potion,org.bukkit.util	pending	0	
bukkit.craftbukkit.util.permissions	org.bukkit.craftbukkit.util.permissions	org/bukkit/craftbukkit/util/permissions/CommandPermissions.java,org/bukkit/craftbukkit/util/permissions/CraftDefaultPermissions.java	paper-server	2	131	rivet-server	3	27	yes	org.bukkit.permissions,org.bukkit.util.permissions	pending	0	
bukkit.damage	org.bukkit.damage	org/bukkit/damage/DamageEffect.java,org/bukkit/damage/DamageScaling.java,org/bukkit/damage/DamageSource.java,org/bukkit/damage/DamageType.java,org/bukkit/damage/DeathMessageType.java,org/bukkit/damage/package-info.java	paper-api	6	431	rivet-api	3	27	yes	io.papermc.paper,io.papermc.paper.registry,org.bukkit,org.bukkit.entity	pending	0	
bukkit.enchantments	org.bukkit.enchantments	org/bukkit/enchantments/Enchantment.java,org/bukkit/enchantments/EnchantmentOffer.java,org/bukkit/enchantments/EnchantmentTarget.java,org/bukkit/enchantments/EnchantmentWrapper.java,org/bukkit/enchantments/package-info.java	paper-api	5	853	rivet-api	3	27	yes	io.papermc.paper.registry,org.bukkit,org.bukkit.inventory	pending	0	
bukkit.entity	org.bukkit.entity	org/bukkit/entity/AbstractArrow.java,org/bukkit/entity/AbstractCow.java,org/bukkit/entity/AbstractCubeMob.java,org/bukkit/entity/AbstractHorse.java,org/bukkit/entity/AbstractNautilus.java,org/bukkit/entity/AbstractSkeleton.java,org/bukkit/entity/AbstractVillager.java,org/bukkit/entity/AbstractWindCharge.java,org/bukkit/entity/Ageable.java,org/bukkit/entity/Allay.java,org/bukkit/entity/Ambient.java,org/bukkit/entity/AnimalTamer.java,org/bukkit/entity/Animals.java,org/bukkit/entity/AreaEffectCloud.java,org/bukkit/entity/Armadillo.java,org/bukkit/entity/ArmorStand.java,org/bukkit/entity/Arrow.java,org/bukkit/entity/Axolotl.java,org/bukkit/entity/Bat.java,org/bukkit/entity/Bee.java,org/bukkit/entity/Blaze.java,org/bukkit/entity/BlockDisplay.java,org/bukkit/entity/Boat.java,org/bukkit/entity/Bogged.java,org/bukkit/entity/Boss.java,org/bukkit/entity/Breedable.java,org/bukkit/entity/Breeze.java,org/bukkit/entity/BreezeWindCharge.java,org/bukkit/entity/Camel.java,org/bukkit/entity/CamelHusk.java,org/bukkit/entity/Cat.java,org/bukkit/entity/CaveSpider.java,org/bukkit/entity/ChestBoat.java,org/bukkit/entity/ChestedHorse.java,org/bukkit/entity/Chicken.java,org/bukkit/entity/Cod.java,org/bukkit/entity/ComplexEntityPart.java,org/bukkit/entity/ComplexLivingEntity.java,org/bukkit/entity/CopperGolem.java,org/bukkit/entity/Cow.java,org/bukkit/entity/Creaking.java,org/bukkit/entity/Creature.java,org/bukkit/entity/Creeper.java,org/bukkit/entity/Damageable.java,org/bukkit/entity/Display.java,org/bukkit/entity/Dolphin.java,org/bukkit/entity/Donkey.java,org/bukkit/entity/DragonFireball.java,org/bukkit/entity/Drowned.java,org/bukkit/entity/Egg.java,org/bukkit/entity/ElderGuardian.java,org/bukkit/entity/EnderCrystal.java,org/bukkit/entity/EnderDragon.java,org/bukkit/entity/EnderDragonPart.java,org/bukkit/entity/EnderPearl.java,org/bukkit/entity/EnderSignal.java,org/bukkit/entity/Enderman.java,org/bukkit/entity/Endermite.java,org/bukkit/entity/Enemy.java,org/bukkit/entity/Entity.java,org/bukkit/entity/EntityCategory.java,org/bukkit/entity/EntityFactory.java,org/bukkit/entity/EntitySnapshot.java,org/bukkit/entity/EntityType.java,org/bukkit/entity/Evoker.java,org/bukkit/entity/EvokerFangs.java,org/bukkit/entity/ExperienceOrb.java,org/bukkit/entity/Explosive.java,org/bukkit/entity/FallingBlock.java,org/bukkit/entity/Fireball.java,org/bukkit/entity/Firework.java,org/bukkit/entity/Fish.java,org/bukkit/entity/FishHook.java,org/bukkit/entity/Flying.java,org/bukkit/entity/Fox.java,org/bukkit/entity/Frog.java,org/bukkit/entity/Ghast.java,org/bukkit/entity/Giant.java,org/bukkit/entity/GlowItemFrame.java,org/bukkit/entity/GlowSquid.java,org/bukkit/entity/Goat.java,org/bukkit/entity/Golem.java,org/bukkit/entity/Guardian.java,org/bukkit/entity/Hanging.java,org/bukkit/entity/HappyGhast.java,org/bukkit/entity/Hoglin.java,org/bukkit/entity/Horse.java,org/bukkit/entity/HumanEntity.java,org/bukkit/entity/Husk.java,org/bukkit/entity/Illager.java,org/bukkit/entity/Illusioner.java,org/bukkit/entity/Interaction.java,org/bukkit/entity/IronGolem.java,org/bukkit/entity/Item.java,org/bukkit/entity/ItemDisplay.java,org/bukkit/entity/ItemFrame.java,org/bukkit/entity/LargeFireball.java,org/bukkit/entity/LeashHitch.java,org/bukkit/entity/LightningStrike.java,org/bukkit/entity/LingeringPotion.java,org/bukkit/entity/LivingEntity.java,org/bukkit/entity/Llama.java,org/bukkit/entity/LlamaSpit.java,org/bukkit/entity/MagmaCube.java,org/bukkit/entity/Mannequin.java,org/bukkit/entity/Marker.java,org/bukkit/entity/Minecart.java,org/bukkit/entity/Mob.java,org/bukkit/entity/Monster.java,org/bukkit/entity/Mule.java,org/bukkit/entity/MushroomCow.java,org/bukkit/entity/NPC.java,org/bukkit/entity/Nautilus.java,org/bukkit/entity/Ocelot.java,org/bukkit/entity/OminousItemSpawner.java,org/bukkit/entity/Painting.java,org/bukkit/entity/Panda.java,org/bukkit/entity/Parched.java,org/bukkit/entity/Parrot.java,org/bukkit/entity/Phantom.java,org/bukkit/entity/Pig.java,org/bukkit/entity/PigZombie.java,org/bukkit/entity/Piglin.java,org/bukkit/entity/PiglinAbstract.java,org/bukkit/entity/PiglinBrute.java,org/bukkit/entity/Pillager.java,org/bukkit/entity/Player.java,org/bukkit/entity/PolarBear.java,org/bukkit/entity/Pose.java,org/bukkit/entity/Projectile.java,org/bukkit/entity/PufferFish.java,org/bukkit/entity/Rabbit.java,org/bukkit/entity/Raider.java,org/bukkit/entity/Ravager.java,org/bukkit/entity/Salmon.java,org/bukkit/entity/Shearable.java,org/bukkit/entity/Sheep.java,org/bukkit/entity/Shulker.java,org/bukkit/entity/ShulkerBullet.java,org/bukkit/entity/Silverfish.java,org/bukkit/entity/Sittable.java,org/bukkit/entity/SizedFireball.java,org/bukkit/entity/Skeleton.java,org/bukkit/entity/SkeletonHorse.java,org/bukkit/entity/Slime.java,org/bukkit/entity/SmallFireball.java,org/bukkit/entity/Sniffer.java,org/bukkit/entity/Snowball.java,org/bukkit/entity/Snowman.java,org/bukkit/entity/SpawnCategory.java,org/bukkit/entity/SpectralArrow.java,org/bukkit/entity/Spellcaster.java,org/bukkit/entity/Spider.java,org/bukkit/entity/SplashPotion.java,org/bukkit/entity/Squid.java,org/bukkit/entity/Steerable.java,org/bukkit/entity/Stray.java,org/bukkit/entity/Strider.java,org/bukkit/entity/SulfurCube.java,org/bukkit/entity/TNTPrimed.java,org/bukkit/entity/Tadpole.java,org/bukkit/entity/Tameable.java,org/bukkit/entity/TextDisplay.java,org/bukkit/entity/ThrowableProjectile.java,org/bukkit/entity/ThrownExpBottle.java,org/bukkit/entity/ThrownPotion.java,org/bukkit/entity/TippedArrow.java,org/bukkit/entity/TraderLlama.java,org/bukkit/entity/Trident.java,org/bukkit/entity/TropicalFish.java,org/bukkit/entity/Turtle.java,org/bukkit/entity/Vehicle.java,org/bukkit/entity/Vex.java,org/bukkit/entity/Villager.java,org/bukkit/entity/Vindicator.java,org/bukkit/entity/WanderingTrader.java,org/bukkit/entity/Warden.java,org/bukkit/entity/WaterMob.java,org/bukkit/entity/WindCharge.java,org/bukkit/entity/Witch.java,org/bukkit/entity/Wither.java,org/bukkit/entity/WitherSkeleton.java,org/bukkit/entity/WitherSkull.java,org/bukkit/entity/Wolf.java,org/bukkit/entity/Zoglin.java,org/bukkit/entity/Zombie.java,org/bukkit/entity/ZombieHorse.java,org/bukkit/entity/ZombieNautilus.java,org/bukkit/entity/ZombieVillager.java,org/bukkit/entity/package-info.java	paper-api	190	20824	rivet-api	3	27	yes	com.destroystokyo.paper,com.destroystokyo.paper.entity,io.papermc.paper,io.papermc.paper.connection,io.papermc.paper.datacomponent,io.papermc.paper.datacomponent.item,io.papermc.paper.entity,io.papermc.paper.event.entity,io.papermc.paper.math,io.papermc.paper.registry,io.papermc.paper.world,io.papermc.paper.world.damagesource,org.bukkit,org.bukkit.advancement,org.bukkit.attribute,org.bukkit.ban,org.bukkit.block,org.bukkit.block.data,org.bukkit.block.sign,org.bukkit.boss,org.bukkit.command,org.bukkit.conversations,org.bukkit.damage,org.bukkit.enchantments,org.bukkit.entity.boat,org.bukkit.entity.memory,org.bukkit.entity.minecart,org.bukkit.event.block,org.bukkit.event.entity,org.bukkit.event.hanging,org.bukkit.event.player,org.bukkit.inventory,org.bukkit.inventory.meta,org.bukkit.loot,org.bukkit.map,org.bukkit.material,org.bukkit.metadata,org.bukkit.persistence,org.bukkit.plugin,org.bukkit.plugin.messaging,org.bukkit.potion,org.bukkit.projectiles,org.bukkit.scoreboard,org.bukkit.util	pending	0	
bukkit.entity.boat	org.bukkit.entity.boat	org/bukkit/entity/boat/AcaciaBoat.java,org/bukkit/entity/boat/AcaciaChestBoat.java,org/bukkit/entity/boat/BambooChestRaft.java,org/bukkit/entity/boat/BambooRaft.java,org/bukkit/entity/boat/BirchBoat.java,org/bukkit/entity/boat/BirchChestBoat.java,org/bukkit/entity/boat/CherryBoat.java,org/bukkit/entity/boat/CherryChestBoat.java,org/bukkit/entity/boat/DarkOakBoat.java,org/bukkit/entity/boat/DarkOakChestBoat.java,org/bukkit/entity/boat/JungleBoat.java,org/bukkit/entity/boat/JungleChestBoat.java,org/bukkit/entity/boat/MangroveBoat.java,org/bukkit/entity/boat/MangroveChestBoat.java,org/bukkit/entity/boat/OakBoat.java,org/bukkit/entity/boat/OakChestBoat.java,org/bukkit/entity/boat/PaleOakBoat.java,org/bukkit/entity/boat/PaleOakChestBoat.java,org/bukkit/entity/boat/SpruceBoat.java,org/bukkit/entity/boat/SpruceChestBoat.java,org/bukkit/entity/boat/package-info.java	paper-api	21	184	rivet-api	3	27	yes	org.bukkit.entity	pending	0	
bukkit.entity.memory	org.bukkit.entity.memory	org/bukkit/entity/memory/MemoryKey.java,org/bukkit/entity/memory/package-info.java	paper-api	2	176	rivet-api	3	27	yes	org.bukkit	pending	0	
bukkit.entity.minecart	org.bukkit.entity.minecart	org/bukkit/entity/minecart/CommandMinecart.java,org/bukkit/entity/minecart/ExplosiveMinecart.java,org/bukkit/entity/minecart/HopperMinecart.java,org/bukkit/entity/minecart/PoweredMinecart.java,org/bukkit/entity/minecart/RideableMinecart.java,org/bukkit/entity/minecart/SpawnerMinecart.java,org/bukkit/entity/minecart/StorageMinecart.java,org/bukkit/entity/minecart/package-info.java	paper-api	8	254	rivet-api	3	27	yes	com.destroystokyo.paper.loottable,org.bukkit.entity,org.bukkit.inventory,org.bukkit.loot,org.bukkit.spawner	pending	0	
bukkit.event	org.bukkit.event	org/bukkit/event/Cancellable.java,org/bukkit/event/Event.java,org/bukkit/event/EventException.java,org/bukkit/event/EventHandler.java,org/bukkit/event/EventPriority.java,org/bukkit/event/HandlerList.java,org/bukkit/event/Listener.java,org/bukkit/event/package-info.java	paper-api	8	545	rivet-api	3	27	yes	org.bukkit,org.bukkit.plugin	pending	0	
bukkit.event.block	org.bukkit.event.block	org/bukkit/event/block/Action.java,org/bukkit/event/block/BellResonateEvent.java,org/bukkit/event/block/BellRingEvent.java,org/bukkit/event/block/BlockBreakEvent.java,org/bukkit/event/block/BlockBurnEvent.java,org/bukkit/event/block/BlockCanBuildEvent.java,org/bukkit/event/block/BlockCookEvent.java,org/bukkit/event/block/BlockDamageAbortEvent.java,org/bukkit/event/block/BlockDamageEvent.java,org/bukkit/event/block/BlockDispenseArmorEvent.java,org/bukkit/event/block/BlockDispenseEvent.java,org/bukkit/event/block/BlockDispenseLootEvent.java,org/bukkit/event/block/BlockDropItemEvent.java,org/bukkit/event/block/BlockEvent.java,org/bukkit/event/block/BlockExpEvent.java,org/bukkit/event/block/BlockExplodeEvent.java,org/bukkit/event/block/BlockFadeEvent.java,org/bukkit/event/block/BlockFertilizeEvent.java,org/bukkit/event/block/BlockFormEvent.java,org/bukkit/event/block/BlockFromToEvent.java,org/bukkit/event/block/BlockGrowEvent.java,org/bukkit/event/block/BlockIgniteEvent.java,org/bukkit/event/block/BlockMultiPlaceEvent.java,org/bukkit/event/block/BlockPhysicsEvent.java,org/bukkit/event/block/BlockPistonEvent.java,org/bukkit/event/block/BlockPistonExtendEvent.java,org/bukkit/event/block/BlockPistonRetractEvent.java,org/bukkit/event/block/BlockPlaceEvent.java,org/bukkit/event/block/BlockReceiveGameEvent.java,org/bukkit/event/block/BlockRedstoneEvent.java,org/bukkit/event/block/BlockShearEntityEvent.java,org/bukkit/event/block/BlockSpreadEvent.java,org/bukkit/event/block/BrewingStartEvent.java,org/bukkit/event/block/CampfireStartEvent.java,org/bukkit/event/block/CauldronLevelChangeEvent.java,org/bukkit/event/block/CrafterCraftEvent.java,org/bukkit/event/block/EntityBlockFormEvent.java,org/bukkit/event/block/FluidLevelChangeEvent.java,org/bukkit/event/block/InventoryBlockStartEvent.java,org/bukkit/event/block/LeavesDecayEvent.java,org/bukkit/event/block/MoistureChangeEvent.java,org/bukkit/event/block/NotePlayEvent.java,org/bukkit/event/block/SculkBloomEvent.java,org/bukkit/event/block/SignChangeEvent.java,org/bukkit/event/block/SpongeAbsorbEvent.java,org/bukkit/event/block/TNTPrimeEvent.java,org/bukkit/event/block/VaultDisplayItemEvent.java,org/bukkit/event/block/package-info.java	paper-api	48	3836	rivet-api	3	27	yes	org.bukkit,org.bukkit.block,org.bukkit.block.data,org.bukkit.block.sign,org.bukkit.entity,org.bukkit.event,org.bukkit.event.entity,org.bukkit.event.inventory,org.bukkit.event.world,org.bukkit.inventory,org.bukkit.loot,org.bukkit.util	pending	0	
bukkit.event.entity	org.bukkit.event.entity	org/bukkit/event/entity/AreaEffectCloudApplyEvent.java,org/bukkit/event/entity/ArrowBodyCountChangeEvent.java,org/bukkit/event/entity/BatToggleSleepEvent.java,org/bukkit/event/entity/CreatureSpawnEvent.java,org/bukkit/event/entity/CreeperPowerEvent.java,org/bukkit/event/entity/EnderDragonChangePhaseEvent.java,org/bukkit/event/entity/EntityAirChangeEvent.java,org/bukkit/event/entity/EntityBreakDoorEvent.java,org/bukkit/event/entity/EntityBreedEvent.java,org/bukkit/event/entity/EntityChangeBlockEvent.java,org/bukkit/event/entity/EntityCombustByBlockEvent.java,org/bukkit/event/entity/EntityCombustByEntityEvent.java,org/bukkit/event/entity/EntityCombustEvent.java,org/bukkit/event/entity/EntityCreatePortalEvent.java,org/bukkit/event/entity/EntityDamageByBlockEvent.java,org/bukkit/event/entity/EntityDamageByEntityEvent.java,org/bukkit/event/entity/EntityDamageEvent.java,org/bukkit/event/entity/EntityDeathEvent.java,org/bukkit/event/entity/EntityDismountEvent.java,org/bukkit/event/entity/EntityDropItemEvent.java,org/bukkit/event/entity/EntityEnterBlockEvent.java,org/bukkit/event/entity/EntityEnterLoveModeEvent.java,org/bukkit/event/entity/EntityEvent.java,org/bukkit/event/entity/EntityExhaustionEvent.java,org/bukkit/event/entity/EntityExplodeEvent.java,org/bukkit/event/entity/EntityInteractEvent.java,org/bukkit/event/entity/EntityKnockbackByEntityEvent.java,org/bukkit/event/entity/EntityKnockbackEvent.java,org/bukkit/event/entity/EntityMountEvent.java,org/bukkit/event/entity/EntityPickupItemEvent.java,org/bukkit/event/entity/EntityPlaceEvent.java,org/bukkit/event/entity/EntityPortalEnterEvent.java,org/bukkit/event/entity/EntityPortalEvent.java,org/bukkit/event/entity/EntityPortalExitEvent.java,org/bukkit/event/entity/EntityPoseChangeEvent.java,org/bukkit/event/entity/EntityPotionEffectEvent.java,org/bukkit/event/entity/EntityRegainHealthEvent.java,org/bukkit/event/entity/EntityRemoveEvent.java,org/bukkit/event/entity/EntityResurrectEvent.java,org/bukkit/event/entity/EntityShootBowEvent.java,org/bukkit/event/entity/EntitySpawnEvent.java,org/bukkit/event/entity/EntitySpellCastEvent.java,org/bukkit/event/entity/EntityTameEvent.java,org/bukkit/event/entity/EntityTargetEvent.java,org/bukkit/event/entity/EntityTargetLivingEntityEvent.java,org/bukkit/event/entity/EntityTeleportEvent.java,org/bukkit/event/entity/EntityToggleGlideEvent.java,org/bukkit/event/entity/EntityToggleSwimEvent.java,org/bukkit/event/entity/EntityTransformEvent.java,org/bukkit/event/entity/EntityUnleashEvent.java,org/bukkit/event/entity/ExpBottleEvent.java,org/bukkit/event/entity/ExplosionPrimeEvent.java,org/bukkit/event/entity/FireworkExplodeEvent.java,org/bukkit/event/entity/FoodLevelChangeEvent.java,org/bukkit/event/entity/HorseJumpEvent.java,org/bukkit/event/entity/ItemDespawnEvent.java,org/bukkit/event/entity/ItemMergeEvent.java,org/bukkit/event/entity/ItemSpawnEvent.java,org/bukkit/event/entity/LingeringPotionSplashEvent.java,org/bukkit/event/entity/PigZapEvent.java,org/bukkit/event/entity/PigZombieAngerEvent.java,org/bukkit/event/entity/PiglinBarterEvent.java,org/bukkit/event/entity/PlayerDeathEvent.java,org/bukkit/event/entity/PlayerLeashEntityEvent.java,org/bukkit/event/entity/PotionSplashEvent.java,org/bukkit/event/entity/ProjectileHitEvent.java,org/bukkit/event/entity/ProjectileLaunchEvent.java,org/bukkit/event/entity/SheepDyeWoolEvent.java,org/bukkit/event/entity/SheepRegrowWoolEvent.java,org/bukkit/event/entity/SlimeSplitEvent.java,org/bukkit/event/entity/SpawnerSpawnEvent.java,org/bukkit/event/entity/StriderTemperatureChangeEvent.java,org/bukkit/event/entity/TrialSpawnerSpawnEvent.java,org/bukkit/event/entity/VillagerAcquireTradeEvent.java,org/bukkit/event/entity/VillagerCareerChangeEvent.java,org/bukkit/event/entity/VillagerReplenishTradeEvent.java,org/bukkit/event/entity/package-info.java	paper-api	77	7405	rivet-api	3	27	yes	com.destroystokyo.paper.event.entity,io.papermc.paper.event.entity,org.bukkit,org.bukkit.attribute,org.bukkit.block,org.bukkit.block.data,org.bukkit.damage,org.bukkit.enchantments,org.bukkit.entity,org.bukkit.event,org.bukkit.event.world,org.bukkit.inventory,org.bukkit.potion,org.bukkit.util	pending	0	
bukkit.event.hanging	org.bukkit.event.hanging	org/bukkit/event/hanging/HangingBreakByEntityEvent.java,org/bukkit/event/hanging/HangingBreakEvent.java,org/bukkit/event/hanging/HangingEvent.java,org/bukkit/event/hanging/HangingPlaceEvent.java,org/bukkit/event/hanging/package-info.java	paper-api	5	279	rivet-api	3	27	yes	org.bukkit.block,org.bukkit.damage,org.bukkit.entity,org.bukkit.event,org.bukkit.inventory	pending	0	
bukkit.event.inventory	org.bukkit.event.inventory	org/bukkit/event/inventory/BrewEvent.java,org/bukkit/event/inventory/BrewingStandFuelEvent.java,org/bukkit/event/inventory/ClickType.java,org/bukkit/event/inventory/CraftItemEvent.java,org/bukkit/event/inventory/DragType.java,org/bukkit/event/inventory/FurnaceBurnEvent.java,org/bukkit/event/inventory/FurnaceExtractEvent.java,org/bukkit/event/inventory/FurnaceSmeltEvent.java,org/bukkit/event/inventory/FurnaceStartSmeltEvent.java,org/bukkit/event/inventory/HopperInventorySearchEvent.java,org/bukkit/event/inventory/InventoryAction.java,org/bukkit/event/inventory/InventoryClickEvent.java,org/bukkit/event/inventory/InventoryCloseEvent.java,org/bukkit/event/inventory/InventoryCreativeEvent.java,org/bukkit/event/inventory/InventoryDragEvent.java,org/bukkit/event/inventory/InventoryEvent.java,org/bukkit/event/inventory/InventoryInteractEvent.java,org/bukkit/event/inventory/InventoryMoveItemEvent.java,org/bukkit/event/inventory/InventoryOpenEvent.java,org/bukkit/event/inventory/InventoryPickupItemEvent.java,org/bukkit/event/inventory/InventoryType.java,org/bukkit/event/inventory/PrepareAnvilEvent.java,org/bukkit/event/inventory/PrepareGrindstoneEvent.java,org/bukkit/event/inventory/PrepareInventoryResultEvent.java,org/bukkit/event/inventory/PrepareItemCraftEvent.java,org/bukkit/event/inventory/PrepareSmithingEvent.java,org/bukkit/event/inventory/SmithItemEvent.java,org/bukkit/event/inventory/TradeSelectEvent.java,org/bukkit/event/inventory/package-info.java	paper-api	29	2468	rivet-api	3	27	yes	org.bukkit,org.bukkit.block,org.bukkit.entity,org.bukkit.event,org.bukkit.event.block,org.bukkit.inventory,org.bukkit.inventory.view,org.bukkit.plugin,org.bukkit.scheduler	pending	0	
bukkit.event.player	org.bukkit.event.player	org/bukkit/event/player/AsyncPlayerChatEvent.java,org/bukkit/event/player/AsyncPlayerChatPreviewEvent.java,org/bukkit/event/player/AsyncPlayerPreLoginEvent.java,org/bukkit/event/player/PlayerAdvancementDoneEvent.java,org/bukkit/event/player/PlayerAnimationEvent.java,org/bukkit/event/player/PlayerAnimationType.java,org/bukkit/event/player/PlayerArmorStandManipulateEvent.java,org/bukkit/event/player/PlayerAttemptPickupItemEvent.java,org/bukkit/event/player/PlayerBedEnterEvent.java,org/bukkit/event/player/PlayerBedLeaveEvent.java,org/bukkit/event/player/PlayerBucketEmptyEvent.java,org/bukkit/event/player/PlayerBucketEntityEvent.java,org/bukkit/event/player/PlayerBucketEvent.java,org/bukkit/event/player/PlayerBucketFillEvent.java,org/bukkit/event/player/PlayerBucketFishEvent.java,org/bukkit/event/player/PlayerChangedMainHandEvent.java,org/bukkit/event/player/PlayerChangedWorldEvent.java,org/bukkit/event/player/PlayerChannelEvent.java,org/bukkit/event/player/PlayerChatEvent.java,org/bukkit/event/player/PlayerChatTabCompleteEvent.java,org/bukkit/event/player/PlayerCommandPreprocessEvent.java,org/bukkit/event/player/PlayerCommandSendEvent.java,org/bukkit/event/player/PlayerDropItemEvent.java,org/bukkit/event/player/PlayerEditBookEvent.java,org/bukkit/event/player/PlayerEggThrowEvent.java,org/bukkit/event/player/PlayerEvent.java,org/bukkit/event/player/PlayerExpChangeEvent.java,org/bukkit/event/player/PlayerExpCooldownChangeEvent.java,org/bukkit/event/player/PlayerFishEvent.java,org/bukkit/event/player/PlayerGameModeChangeEvent.java,org/bukkit/event/player/PlayerHarvestBlockEvent.java,org/bukkit/event/player/PlayerHideEntityEvent.java,org/bukkit/event/player/PlayerInputEvent.java,org/bukkit/event/player/PlayerInteractAtEntityEvent.java,org/bukkit/event/player/PlayerInteractEntityEvent.java,org/bukkit/event/player/PlayerInteractEvent.java,org/bukkit/event/player/PlayerItemBreakEvent.java,org/bukkit/event/player/PlayerItemConsumeEvent.java,org/bukkit/event/player/PlayerItemDamageEvent.java,org/bukkit/event/player/PlayerItemHeldEvent.java,org/bukkit/event/player/PlayerItemMendEvent.java,org/bukkit/event/player/PlayerJoinEvent.java,org/bukkit/event/player/PlayerKickEvent.java,org/bukkit/event/player/PlayerLevelChangeEvent.java,org/bukkit/event/player/PlayerLinksSendEvent.java,org/bukkit/event/player/PlayerLocaleChangeEvent.java,org/bukkit/event/player/PlayerLoginEvent.java,org/bukkit/event/player/PlayerMoveEvent.java,org/bukkit/event/player/PlayerPickupArrowEvent.java,org/bukkit/event/player/PlayerPickupItemEvent.java,org/bukkit/event/player/PlayerPortalEvent.java,org/bukkit/event/player/PlayerPreLoginEvent.java,org/bukkit/event/player/PlayerQuitEvent.java,org/bukkit/event/player/PlayerRecipeBookClickEvent.java,org/bukkit/event/player/PlayerRecipeBookSettingsChangeEvent.java,org/bukkit/event/player/PlayerRecipeDiscoverEvent.java,org/bukkit/event/player/PlayerRegisterChannelEvent.java,org/bukkit/event/player/PlayerResourcePackStatusEvent.java,org/bukkit/event/player/PlayerRespawnEvent.java,org/bukkit/event/player/PlayerRiptideEvent.java,org/bukkit/event/player/PlayerShearEntityEvent.java,org/bukkit/event/player/PlayerShowEntityEvent.java,org/bukkit/event/player/PlayerSignOpenEvent.java,org/bukkit/event/player/PlayerSpawnChangeEvent.java,org/bukkit/event/player/PlayerStatisticIncrementEvent.java,org/bukkit/event/player/PlayerSwapHandItemsEvent.java,org/bukkit/event/player/PlayerTakeLecternBookEvent.java,org/bukkit/event/player/PlayerTeleportEvent.java,org/bukkit/event/player/PlayerToggleFlightEvent.java,org/bukkit/event/player/PlayerToggleSneakEvent.java,org/bukkit/event/player/PlayerToggleSprintEvent.java,org/bukkit/event/player/PlayerUnleashEntityEvent.java,org/bukkit/event/player/PlayerUnregisterChannelEvent.java,org/bukkit/event/player/PlayerVelocityEvent.java,org/bukkit/event/player/package-info.java	paper-api	75	7289	rivet-api	3	27	yes	com.destroystokyo.paper.event.player,com.destroystokyo.paper.profile,io.papermc.paper.block.bed,io.papermc.paper.connection,io.papermc.paper.datacomponent.item.consumable,io.papermc.paper.entity,io.papermc.paper.event.connection,io.papermc.paper.event.entity,io.papermc.paper.event.player,org.bukkit,org.bukkit.advancement,org.bukkit.block,org.bukkit.block.sign,org.bukkit.entity,org.bukkit.event,org.bukkit.event.block,org.bukkit.event.entity,org.bukkit.inventory,org.bukkit.inventory.meta,org.bukkit.material,org.bukkit.util	pending	0	
bukkit.event.raid	org.bukkit.event.raid	org/bukkit/event/raid/RaidEvent.java,org/bukkit/event/raid/RaidFinishEvent.java,org/bukkit/event/raid/RaidSpawnWaveEvent.java,org/bukkit/event/raid/RaidStopEvent.java,org/bukkit/event/raid/RaidTriggerEvent.java,org/bukkit/event/raid/package-info.java	paper-api	6	270	rivet-api	3	27	yes	org.bukkit,org.bukkit.entity,org.bukkit.event,org.bukkit.event.world	pending	0	
bukkit.event.server	org.bukkit.event.server	org/bukkit/event/server/BroadcastMessageEvent.java,org/bukkit/event/server/MapInitializeEvent.java,org/bukkit/event/server/PluginDisableEvent.java,org/bukkit/event/server/PluginEnableEvent.java,org/bukkit/event/server/PluginEvent.java,org/bukkit/event/server/RemoteServerCommandEvent.java,org/bukkit/event/server/ServerCommandEvent.java,org/bukkit/event/server/ServerEvent.java,org/bukkit/event/server/ServerListPingEvent.java,org/bukkit/event/server/ServerLoadEvent.java,org/bukkit/event/server/ServiceEvent.java,org/bukkit/event/server/ServiceRegisterEvent.java,org/bukkit/event/server/ServiceUnregisterEvent.java,org/bukkit/event/server/TabCompleteEvent.java,org/bukkit/event/server/package-info.java	paper-api	15	948	rivet-api	3	27	yes	org.bukkit,org.bukkit.command,org.bukkit.entity,org.bukkit.event,org.bukkit.event.player,org.bukkit.map,org.bukkit.plugin,org.bukkit.util	pending	0	
bukkit.event.vehicle	org.bukkit.event.vehicle	org/bukkit/event/vehicle/VehicleBlockCollisionEvent.java,org/bukkit/event/vehicle/VehicleCollisionEvent.java,org/bukkit/event/vehicle/VehicleCreateEvent.java,org/bukkit/event/vehicle/VehicleDamageEvent.java,org/bukkit/event/vehicle/VehicleDestroyEvent.java,org/bukkit/event/vehicle/VehicleEnterEvent.java,org/bukkit/event/vehicle/VehicleEntityCollisionEvent.java,org/bukkit/event/vehicle/VehicleEvent.java,org/bukkit/event/vehicle/VehicleExitEvent.java,org/bukkit/event/vehicle/VehicleMoveEvent.java,org/bukkit/event/vehicle/VehicleUpdateEvent.java,org/bukkit/event/vehicle/package-info.java	paper-api	12	591	rivet-api	3	27	yes	org.bukkit,org.bukkit.block,org.bukkit.damage,org.bukkit.entity,org.bukkit.event,org.bukkit.util	pending	0	
bukkit.event.weather	org.bukkit.event.weather	org/bukkit/event/weather/LightningStrikeEvent.java,org/bukkit/event/weather/ThunderChangeEvent.java,org/bukkit/event/weather/WeatherChangeEvent.java,org/bukkit/event/weather/WeatherEvent.java,org/bukkit/event/weather/package-info.java	paper-api	5	304	rivet-api	3	27	yes	org.bukkit,org.bukkit.entity,org.bukkit.event	pending	0	
bukkit.event.world	org.bukkit.event.world	org/bukkit/event/world/AsyncStructureGenerateEvent.java,org/bukkit/event/world/AsyncStructureSpawnEvent.java,org/bukkit/event/world/ChunkEvent.java,org/bukkit/event/world/ChunkLoadEvent.java,org/bukkit/event/world/ChunkPopulateEvent.java,org/bukkit/event/world/ChunkUnloadEvent.java,org/bukkit/event/world/ClockTimeSkipEvent.java,org/bukkit/event/world/EntitiesLoadEvent.java,org/bukkit/event/world/EntitiesUnloadEvent.java,org/bukkit/event/world/GenericGameEvent.java,org/bukkit/event/world/LootGenerateEvent.java,org/bukkit/event/world/PortalCreateEvent.java,org/bukkit/event/world/SpawnChangeEvent.java,org/bukkit/event/world/StructureGrowEvent.java,org/bukkit/event/world/TimeSkipEvent.java,org/bukkit/event/world/WorldEvent.java,org/bukkit/event/world/WorldInitEvent.java,org/bukkit/event/world/WorldLoadEvent.java,org/bukkit/event/world/WorldSaveEvent.java,org/bukkit/event/world/WorldUnloadEvent.java,org/bukkit/event/world/package-info.java	paper-api	21	1442	rivet-api	3	27	yes	org.bukkit,org.bukkit.block,org.bukkit.entity,org.bukkit.event,org.bukkit.event.entity,org.bukkit.generator,org.bukkit.generator.structure,org.bukkit.inventory,org.bukkit.loot,org.bukkit.util	pending	0	
bukkit.generator	org.bukkit.generator	org/bukkit/generator/BiomeParameterPoint.java,org/bukkit/generator/BiomeProvider.java,org/bukkit/generator/BlockPopulator.java,org/bukkit/generator/ChunkGenerator.java,org/bukkit/generator/LimitedRegion.java,org/bukkit/generator/WorldInfo.java,org/bukkit/generator/package-info.java	paper-api	7	1326	rivet-api	3	27	yes	io.papermc.paper.world.flag,org.bukkit,org.bukkit.block,org.bukkit.block.data,org.bukkit.event.world,org.bukkit.material,org.bukkit.util	pending	0	
bukkit.generator.structure	org.bukkit.generator.structure	org/bukkit/generator/structure/GeneratedStructure.java,org/bukkit/generator/structure/Structure.java,org/bukkit/generator/structure/StructurePiece.java,org/bukkit/generator/structure/StructureType.java,org/bukkit/generator/structure/package-info.java	paper-api	5	243	rivet-api	3	27	yes	io.papermc.paper.registry,org.bukkit,org.bukkit.persistence,org.bukkit.util	pending	0	
bukkit.help	org.bukkit.help	org/bukkit/help/GenericCommandHelpTopic.java,org/bukkit/help/HelpMap.java,org/bukkit/help/HelpTopic.java,org/bukkit/help/HelpTopicComparator.java,org/bukkit/help/HelpTopicFactory.java,org/bukkit/help/IndexHelpTopic.java,org/bukkit/help/package-info.java	paper-api	7	514	rivet-api	3	27	yes	org.bukkit,org.bukkit.command,org.bukkit.entity,org.bukkit.util	pending	0	
bukkit.inventory	org.bukkit.inventory	org/bukkit/inventory/AbstractHorseInventory.java,org/bukkit/inventory/AnvilInventory.java,org/bukkit/inventory/ArmoredHorseInventory.java,org/bukkit/inventory/ArmoredMountInventory.java,org/bukkit/inventory/ArmoredSaddledMountInventory.java,org/bukkit/inventory/BeaconInventory.java,org/bukkit/inventory/BlastingRecipe.java,org/bukkit/inventory/BlockInventoryHolder.java,org/bukkit/inventory/BrewerInventory.java,org/bukkit/inventory/CampfireRecipe.java,org/bukkit/inventory/CartographyInventory.java,org/bukkit/inventory/ChiseledBookshelfInventory.java,org/bukkit/inventory/ComplexRecipe.java,org/bukkit/inventory/CookingRecipe.java,org/bukkit/inventory/CrafterInventory.java,org/bukkit/inventory/CraftingInventory.java,org/bukkit/inventory/CraftingRecipe.java,org/bukkit/inventory/CreativeCategory.java,org/bukkit/inventory/DecoratedPotInventory.java,org/bukkit/inventory/DoubleChestInventory.java,org/bukkit/inventory/EmptyRecipeChoice.java,org/bukkit/inventory/EnchantingInventory.java,org/bukkit/inventory/EntityEquipment.java,org/bukkit/inventory/EquipmentSlot.java,org/bukkit/inventory/EquipmentSlotGroup.java,org/bukkit/inventory/FurnaceInventory.java,org/bukkit/inventory/FurnaceRecipe.java,org/bukkit/inventory/GrindstoneInventory.java,org/bukkit/inventory/HorseInventory.java,org/bukkit/inventory/Inventory.java,org/bukkit/inventory/InventoryHolder.java,org/bukkit/inventory/InventoryView.java,org/bukkit/inventory/ItemCraftResult.java,org/bukkit/inventory/ItemFactory.java,org/bukkit/inventory/ItemFlag.java,org/bukkit/inventory/ItemRarity.java,org/bukkit/inventory/ItemStack.java,org/bukkit/inventory/ItemType.java,org/bukkit/inventory/ItemTypeRecipeChoiceImpl.java,org/bukkit/inventory/JukeboxInventory.java,org/bukkit/inventory/LecternInventory.java,org/bukkit/inventory/LlamaInventory.java,org/bukkit/inventory/LoomInventory.java,org/bukkit/inventory/MainHand.java,org/bukkit/inventory/MenuType.java,org/bukkit/inventory/Merchant.java,org/bukkit/inventory/MerchantInventory.java,org/bukkit/inventory/MerchantRecipe.java,org/bukkit/inventory/MountInventory.java,org/bukkit/inventory/PlayerInventory.java,org/bukkit/inventory/Recipe.java,org/bukkit/inventory/RecipeChoice.java,org/bukkit/inventory/SaddledHorseInventory.java,org/bukkit/inventory/SaddledMountInventory.java,org/bukkit/inventory/ShapedRecipe.java,org/bukkit/inventory/ShapelessRecipe.java,org/bukkit/inventory/ShelfInventory.java,org/bukkit/inventory/SmithingInventory.java,org/bukkit/inventory/SmithingRecipe.java,org/bukkit/inventory/SmithingTransformRecipe.java,org/bukkit/inventory/SmithingTrimRecipe.java,org/bukkit/inventory/SmokingRecipe.java,org/bukkit/inventory/StonecutterInventory.java,org/bukkit/inventory/StonecuttingRecipe.java,org/bukkit/inventory/TransmuteRecipe.java,org/bukkit/inventory/package-info.java	paper-api	66	10703	rivet-api	3	27	yes	io.papermc.paper,io.papermc.paper.datacomponent,io.papermc.paper.registry,io.papermc.paper.registry.set,io.papermc.paper.registry.tag,org.bukkit,org.bukkit.attribute,org.bukkit.block,org.bukkit.configuration.serialization,org.bukkit.enchantments,org.bukkit.entity,org.bukkit.event.inventory,org.bukkit.inventory.meta,org.bukkit.inventory.meta.trim,org.bukkit.inventory.recipe,org.bukkit.inventory.view,org.bukkit.inventory.view.builder,org.bukkit.material,org.bukkit.persistence,org.bukkit.potion,org.bukkit.util	pending	0	
bukkit.inventory.meta	org.bukkit.inventory.meta	org/bukkit/inventory/meta/ArmorMeta.java,org/bukkit/inventory/meta/AxolotlBucketMeta.java,org/bukkit/inventory/meta/BannerMeta.java,org/bukkit/inventory/meta/BlockDataMeta.java,org/bukkit/inventory/meta/BlockStateMeta.java,org/bukkit/inventory/meta/BookMeta.java,org/bukkit/inventory/meta/BundleMeta.java,org/bukkit/inventory/meta/ColorableArmorMeta.java,org/bukkit/inventory/meta/CompassMeta.java,org/bukkit/inventory/meta/CrossbowMeta.java,org/bukkit/inventory/meta/Damageable.java,org/bukkit/inventory/meta/EnchantmentStorageMeta.java,org/bukkit/inventory/meta/FireworkEffectMeta.java,org/bukkit/inventory/meta/FireworkMeta.java,org/bukkit/inventory/meta/ItemMeta.java,org/bukkit/inventory/meta/KnowledgeBookMeta.java,org/bukkit/inventory/meta/LeatherArmorMeta.java,org/bukkit/inventory/meta/MapMeta.java,org/bukkit/inventory/meta/MusicInstrumentMeta.java,org/bukkit/inventory/meta/OminousBottleMeta.java,org/bukkit/inventory/meta/PotionMeta.java,org/bukkit/inventory/meta/Repairable.java,org/bukkit/inventory/meta/ShieldMeta.java,org/bukkit/inventory/meta/SkullMeta.java,org/bukkit/inventory/meta/SpawnEggMeta.java,org/bukkit/inventory/meta/SuspiciousStewMeta.java,org/bukkit/inventory/meta/TropicalFishBucketMeta.java,org/bukkit/inventory/meta/WritableBookMeta.java,org/bukkit/inventory/meta/package-info.java	paper-api	29	3366	rivet-api	3	27	yes	io.papermc.paper.datacomponent,io.papermc.paper.datacomponent.item,io.papermc.paper.registry.set,org.bukkit,org.bukkit.attribute,org.bukkit.block,org.bukkit.block.banner,org.bukkit.block.data,org.bukkit.configuration.serialization,org.bukkit.damage,org.bukkit.enchantments,org.bukkit.entity,org.bukkit.inventory,org.bukkit.inventory.meta.components,org.bukkit.inventory.meta.tags,org.bukkit.inventory.meta.trim,org.bukkit.map,org.bukkit.persistence,org.bukkit.potion,org.bukkit.profile	pending	0	
bukkit.inventory.meta.components	org.bukkit.inventory.meta.components	org/bukkit/inventory/meta/components/CustomModelDataComponent.java,org/bukkit/inventory/meta/components/EquippableComponent.java,org/bukkit/inventory/meta/components/FoodComponent.java,org/bukkit/inventory/meta/components/JukeboxPlayableComponent.java,org/bukkit/inventory/meta/components/ToolComponent.java,org/bukkit/inventory/meta/components/UseCooldownComponent.java,org/bukkit/inventory/meta/components/package-info.java	paper-api	7	644	rivet-api	3	27	yes	org.bukkit,org.bukkit.configuration.serialization,org.bukkit.entity,org.bukkit.inventory	pending	0	
bukkit.inventory.meta.tags	org.bukkit.inventory.meta.tags	org/bukkit/inventory/meta/tags/CustomItemTagContainer.java,org/bukkit/inventory/meta/tags/ItemTagAdapterContext.java,org/bukkit/inventory/meta/tags/ItemTagType.java,org/bukkit/inventory/meta/tags/package-info.java	paper-api	4	296	rivet-api	3	27	yes	org.bukkit,org.bukkit.inventory.meta,org.bukkit.persistence	pending	0	
bukkit.inventory.meta.trim	org.bukkit.inventory.meta.trim	org/bukkit/inventory/meta/trim/ArmorTrim.java,org/bukkit/inventory/meta/trim/TrimMaterial.java,org/bukkit/inventory/meta/trim/TrimPattern.java,org/bukkit/inventory/meta/trim/package-info.java	paper-api	4	288	rivet-api	3	27	yes	io.papermc.paper.registry,io.papermc.paper.registry.data,org.bukkit,org.bukkit.inventory.meta	pending	0	
bukkit.inventory.view	org.bukkit.inventory.view	org/bukkit/inventory/view/AnvilView.java,org/bukkit/inventory/view/BeaconView.java,org/bukkit/inventory/view/BrewingStandView.java,org/bukkit/inventory/view/CrafterView.java,org/bukkit/inventory/view/EnchantmentView.java,org/bukkit/inventory/view/FurnaceView.java,org/bukkit/inventory/view/LecternView.java,org/bukkit/inventory/view/LoomView.java,org/bukkit/inventory/view/MerchantView.java,org/bukkit/inventory/view/StonecutterView.java,org/bukkit/inventory/view/package-info.java	paper-api	11	548	rivet-api	3	27	yes	org.bukkit.block,org.bukkit.block.banner,org.bukkit.enchantments,org.bukkit.inventory,org.bukkit.potion	pending	0	
bukkit.inventory.view.builder	org.bukkit.inventory.view.builder	org/bukkit/inventory/view/builder/InventoryViewBuilder.java,org/bukkit/inventory/view/builder/LocationInventoryViewBuilder.java,org/bukkit/inventory/view/builder/MerchantInventoryViewBuilder.java,org/bukkit/inventory/view/builder/package-info.java	paper-api	4	148	rivet-api	3	27	yes	org.bukkit,org.bukkit.entity,org.bukkit.inventory	pending	0	
bukkit.loot	org.bukkit.loot	org/bukkit/loot/LootContext.java,org/bukkit/loot/LootTable.java,org/bukkit/loot/LootTables.java,org/bukkit/loot/Lootable.java,org/bukkit/loot/package-info.java	paper-api	5	584	rivet-api	3	27	yes	org.bukkit,org.bukkit.entity,org.bukkit.inventory	pending	0	
bukkit.map	org.bukkit.map	org/bukkit/map/MapCanvas.java,org/bukkit/map/MapCursor.java,org/bukkit/map/MapCursorCollection.java,org/bukkit/map/MapFont.java,org/bukkit/map/MapPalette.java,org/bukkit/map/MapRenderer.java,org/bukkit/map/MapView.java,org/bukkit/map/MinecraftFont.java,org/bukkit/map/package-info.java	paper-api	9	1970	rivet-api	3	27	yes	org.bukkit,org.bukkit.entity,org.bukkit.inventory.meta,org.bukkit.util	pending	0	
bukkit.material	org.bukkit.material	org/bukkit/material/Attachable.java,org/bukkit/material/Banner.java,org/bukkit/material/Bed.java,org/bukkit/material/Button.java,org/bukkit/material/Cake.java,org/bukkit/material/Cauldron.java,org/bukkit/material/Chest.java,org/bukkit/material/Coal.java,org/bukkit/material/CocoaPlant.java,org/bukkit/material/Colorable.java,org/bukkit/material/Command.java,org/bukkit/material/Comparator.java,org/bukkit/material/Crops.java,org/bukkit/material/DetectorRail.java,org/bukkit/material/Diode.java,org/bukkit/material/Directional.java,org/bukkit/material/DirectionalContainer.java,org/bukkit/material/Dispenser.java,org/bukkit/material/Door.java,org/bukkit/material/Dye.java,org/bukkit/material/EnderChest.java,org/bukkit/material/ExtendedRails.java,org/bukkit/material/FlowerPot.java,org/bukkit/material/Furnace.java,org/bukkit/material/FurnaceAndDispenser.java,org/bukkit/material/Gate.java,org/bukkit/material/Hopper.java,org/bukkit/material/Ladder.java,org/bukkit/material/Leaves.java,org/bukkit/material/Lever.java,org/bukkit/material/LongGrass.java,org/bukkit/material/MaterialData.java,org/bukkit/material/MonsterEggs.java,org/bukkit/material/Mushroom.java,org/bukkit/material/NetherWarts.java,org/bukkit/material/Observer.java,org/bukkit/material/Openable.java,org/bukkit/material/PistonBaseMaterial.java,org/bukkit/material/PistonExtensionMaterial.java,org/bukkit/material/PoweredRail.java,org/bukkit/material/PressurePlate.java,org/bukkit/material/PressureSensor.java,org/bukkit/material/Pumpkin.java,org/bukkit/material/Rails.java,org/bukkit/material/Redstone.java,org/bukkit/material/RedstoneTorch.java,org/bukkit/material/RedstoneWire.java,org/bukkit/material/Sandstone.java,org/bukkit/material/Sapling.java,org/bukkit/material/Sign.java,org/bukkit/material/SimpleAttachableMaterialData.java,org/bukkit/material/Skull.java,org/bukkit/material/SmoothBrick.java,org/bukkit/material/SpawnEgg.java,org/bukkit/material/Stairs.java,org/bukkit/material/Step.java,org/bukkit/material/TexturedMaterial.java,org/bukkit/material/Torch.java,org/bukkit/material/TrapDoor.java,org/bukkit/material/Tree.java,org/bukkit/material/Tripwire.java,org/bukkit/material/TripwireHook.java,org/bukkit/material/Vine.java,org/bukkit/material/Wood.java,org/bukkit/material/WoodenStep.java,org/bukkit/material/Wool.java,org/bukkit/material/package-info.java	paper-api	67	6666	rivet-api	3	27	yes	org.bukkit,org.bukkit.block,org.bukkit.entity,org.bukkit.inventory,org.bukkit.inventory.meta,org.bukkit.material.types	pending	0	
bukkit.material.types	org.bukkit.material.types	org/bukkit/material/types/MushroomBlockTexture.java,org/bukkit/material/types/package-info.java	paper-api	2	138	rivet-api	3	27	yes	org.bukkit.block	pending	0	
bukkit.metadata	org.bukkit.metadata	org/bukkit/metadata/FixedMetadataValue.java,org/bukkit/metadata/LazyMetadataValue.java,org/bukkit/metadata/MetadataConversionException.java,org/bukkit/metadata/MetadataEvaluationException.java,org/bukkit/metadata/MetadataStore.java,org/bukkit/metadata/MetadataStoreBase.java,org/bukkit/metadata/MetadataValue.java,org/bukkit/metadata/MetadataValueAdapter.java,org/bukkit/metadata/Metadatable.java,org/bukkit/metadata/package-info.java	paper-api	10	725	rivet-api	3	27	yes	org.bukkit.plugin,org.bukkit.util	pending	0	
bukkit.permissions	org.bukkit.permissions	org/bukkit/permissions/Permissible.java,org/bukkit/permissions/PermissibleBase.java,org/bukkit/permissions/Permission.java,org/bukkit/permissions/PermissionAttachment.java,org/bukkit/permissions/PermissionAttachmentInfo.java,org/bukkit/permissions/PermissionDefault.java,org/bukkit/permissions/PermissionRemovedExecutor.java,org/bukkit/permissions/ServerOperator.java,org/bukkit/permissions/package-info.java	paper-api	9	1115	rivet-api	3	27	yes	org.bukkit,org.bukkit.entity,org.bukkit.plugin	pending	0	
bukkit.persistence	org.bukkit.persistence	org/bukkit/persistence/ListPersistentDataType.java,org/bukkit/persistence/ListPersistentDataTypeProvider.java,org/bukkit/persistence/PersistentDataAdapterContext.java,org/bukkit/persistence/PersistentDataContainer.java,org/bukkit/persistence/PersistentDataHolder.java,org/bukkit/persistence/PersistentDataType.java,org/bukkit/persistence/package-info.java	paper-api	7	597	rivet-api	3	27	yes	org.bukkit	pending	0	
bukkit.plugin	org.bukkit.plugin	org/bukkit/plugin/AuthorNagException.java,org/bukkit/plugin/EventExecutor.java,org/bukkit/plugin/IllegalPluginAccessException.java,org/bukkit/plugin/InvalidDescriptionException.java,org/bukkit/plugin/InvalidPluginException.java,org/bukkit/plugin/Plugin.java,org/bukkit/plugin/PluginAwareness.java,org/bukkit/plugin/PluginBase.java,org/bukkit/plugin/PluginDescriptionFile.java,org/bukkit/plugin/PluginDescriptionResolver.java,org/bukkit/plugin/PluginLoadOrder.java,org/bukkit/plugin/PluginLoader.java,org/bukkit/plugin/PluginLogger.java,org/bukkit/plugin/PluginManager.java,org/bukkit/plugin/RegisteredListener.java,org/bukkit/plugin/RegisteredServiceProvider.java,org/bukkit/plugin/ServicePriority.java,org/bukkit/plugin/ServicesManager.java,org/bukkit/plugin/SimplePluginManager.java,org/bukkit/plugin/SimpleServicesManager.java,org/bukkit/plugin/TimedRegisteredListener.java,org/bukkit/plugin/UnknownDependencyException.java,org/bukkit/plugin/package-info.java	paper-api	23	4110	rivet-api	3	27	yes	io.papermc.paper.event.executor,org.bukkit,org.bukkit.command,org.bukkit.configuration.file,org.bukkit.event,org.bukkit.event.server,org.bukkit.generator,org.bukkit.permissions,org.bukkit.plugin.java,org.bukkit.util	pending	0	
bukkit.plugin.java	org.bukkit.plugin.java	org/bukkit/plugin/java/JavaPlugin.java,org/bukkit/plugin/java/JavaPluginLoader.java,org/bukkit/plugin/java/LibraryLoader.java,org/bukkit/plugin/java/PluginClassLoader.java,org/bukkit/plugin/java/package-info.java	paper-api	5	1431	rivet-api	3	27	yes	io.papermc.paper,io.papermc.paper.command.brigadier,io.papermc.paper.plugin.lifecycle.event.types,io.papermc.paper.plugin.loader.library.impl,org.bukkit,org.bukkit.command,org.bukkit.configuration.file,org.bukkit.configuration.serialization,org.bukkit.event,org.bukkit.event.server,org.bukkit.generator,org.bukkit.plugin	pending	0	
bukkit.plugin.messaging	org.bukkit.plugin.messaging	org/bukkit/plugin/messaging/ChannelNameTooLongException.java,org/bukkit/plugin/messaging/ChannelNotRegisteredException.java,org/bukkit/plugin/messaging/MessageTooLargeException.java,org/bukkit/plugin/messaging/Messenger.java,org/bukkit/plugin/messaging/PluginChannelDirection.java,org/bukkit/plugin/messaging/PluginMessageListener.java,org/bukkit/plugin/messaging/PluginMessageListenerRegistration.java,org/bukkit/plugin/messaging/PluginMessageRecipient.java,org/bukkit/plugin/messaging/ReservedChannelException.java,org/bukkit/plugin/messaging/StandardMessenger.java,org/bukkit/plugin/messaging/package-info.java	paper-api	11	1118	rivet-api	3	27	yes	io.papermc.paper.connection,org.bukkit,org.bukkit.entity,org.bukkit.plugin	pending	0	
bukkit.potion	org.bukkit.potion	org/bukkit/potion/PotionBrewer.java,org/bukkit/potion/PotionData.java,org/bukkit/potion/PotionEffect.java,org/bukkit/potion/PotionEffectType.java,org/bukkit/potion/PotionEffectTypeCategory.java,org/bukkit/potion/PotionEffectTypeWrapper.java,org/bukkit/potion/PotionType.java,org/bukkit/potion/package-info.java	paper-api	8	1228	rivet-api	3	27	yes	io.papermc.paper.registry,org.bukkit,org.bukkit.configuration.serialization,org.bukkit.entity	pending	0	
bukkit.profile	org.bukkit.profile	org/bukkit/profile/PlayerProfile.java,org/bukkit/profile/PlayerTextures.java,org/bukkit/profile/package-info.java	paper-api	3	234	rivet-api	3	27	yes	org.bukkit,org.bukkit.configuration.serialization	pending	0	
bukkit.projectiles	org.bukkit.projectiles	org/bukkit/projectiles/BlockProjectileSource.java,org/bukkit/projectiles/ProjectileSource.java,org/bukkit/projectiles/package-info.java	paper-api	3	88	rivet-api	3	27	yes	org.bukkit.block,org.bukkit.entity,org.bukkit.util	pending	0	
bukkit.scheduler	org.bukkit.scheduler	org/bukkit/scheduler/BukkitRunnable.java,org/bukkit/scheduler/BukkitScheduler.java,org/bukkit/scheduler/BukkitTask.java,org/bukkit/scheduler/BukkitWorker.java,org/bukkit/scheduler/package-info.java	paper-api	5	729	rivet-api	3	27	yes	org.bukkit,org.bukkit.plugin	pending	0	
bukkit.scoreboard	org.bukkit.scoreboard	org/bukkit/scoreboard/Criteria.java,org/bukkit/scoreboard/Criterias.java,org/bukkit/scoreboard/DisplaySlot.java,org/bukkit/scoreboard/NameTagVisibility.java,org/bukkit/scoreboard/Objective.java,org/bukkit/scoreboard/RenderType.java,org/bukkit/scoreboard/Score.java,org/bukkit/scoreboard/Scoreboard.java,org/bukkit/scoreboard/ScoreboardManager.java,org/bukkit/scoreboard/Team.java,org/bukkit/scoreboard/package-info.java	paper-api	11	1793	rivet-api	3	27	yes	io.papermc.paper,org.bukkit,org.bukkit.entity,org.bukkit.potion	pending	0	
bukkit.spawner	org.bukkit.spawner	org/bukkit/spawner/BaseSpawner.java,org/bukkit/spawner/Spawner.java,org/bukkit/spawner/TrialSpawnerConfiguration.java,org/bukkit/spawner/package-info.java	paper-api	4	444	rivet-api	3	27	yes	org.bukkit.block,org.bukkit.block.spawner,org.bukkit.entity,org.bukkit.entity.minecart,org.bukkit.inventory,org.bukkit.loot	pending	0	
bukkit.structure	org.bukkit.structure	org/bukkit/structure/Palette.java,org/bukkit/structure/Structure.java,org/bukkit/structure/StructureManager.java,org/bukkit/structure/package-info.java	paper-api	4	438	rivet-api	3	27	yes	org.bukkit,org.bukkit.block,org.bukkit.block.structure,org.bukkit.entity,org.bukkit.persistence,org.bukkit.util	pending	0	
bukkit.util	org.bukkit.util	org/bukkit/util/BiomeSearchResult.java,org/bukkit/util/BlockIterator.java,org/bukkit/util/BlockTransformer.java,org/bukkit/util/BlockVector.java,org/bukkit/util/BoundingBox.java,org/bukkit/util/CachedServerIcon.java,org/bukkit/util/ChatPaginator.java,org/bukkit/util/Consumer.java,org/bukkit/util/EntityTransformer.java,org/bukkit/util/EulerAngle.java,org/bukkit/util/FileUtil.java,org/bukkit/util/NumberConversions.java,org/bukkit/util/OldEnum.java,org/bukkit/util/RayTraceResult.java,org/bukkit/util/StringUtil.java,org/bukkit/util/StructureSearchResult.java,org/bukkit/util/Transformation.java,org/bukkit/util/Vector.java,org/bukkit/util/VoxelShape.java,org/bukkit/util/package-info.java	paper-api	20	3730	rivet-api	3	27	yes	org.bukkit,org.bukkit.block,org.bukkit.block.data,org.bukkit.configuration.serialization,org.bukkit.entity,org.bukkit.event.server,org.bukkit.generator,org.bukkit.generator.structure	pending	0	
bukkit.util.permissions	org.bukkit.util.permissions	org/bukkit/util/permissions/BroadcastPermissions.java,org/bukkit/util/permissions/CommandPermissions.java,org/bukkit/util/permissions/DefaultPermissions.java,org/bukkit/util/permissions/package-info.java	paper-api	4	149	rivet-api	3	27	yes	org.bukkit,org.bukkit.permissions	pending	0	
com.destroystokyo.paper	com.destroystokyo.paper	com/destroystokyo/paper/ClientOption.java,com/destroystokyo/paper/MaterialSetTag.java,com/destroystokyo/paper/MaterialTags.java,com/destroystokyo/paper/Metrics.java,com/destroystokyo/paper/Namespaced.java,com/destroystokyo/paper/NamespacedTag.java,com/destroystokyo/paper/PaperConfig.java,com/destroystokyo/paper/PaperSkinParts.java,com/destroystokyo/paper/PaperVersionFetcher.java,com/destroystokyo/paper/PaperWorldConfig.java,com/destroystokyo/paper/ParticleBuilder.java,com/destroystokyo/paper/ServerSchedulerReportingWrapper.java,com/destroystokyo/paper/SkinParts.java,com/destroystokyo/paper/Title.java,com/destroystokyo/paper/VersionHistoryManager.java	paper-api,paper-server	15	3594	rivet-api	3	27	yes	com.destroystokyo.paper.event.server,com.destroystokyo.paper.exception,com.destroystokyo.paper.util,io.papermc.paper,io.papermc.paper.tag,io.papermc.paper.util,net.minecraft.server,net.minecraft.world.entity.player,org.bukkit,org.bukkit.block,org.bukkit.block.data,org.bukkit.configuration.file,org.bukkit.craftbukkit.scheduler,org.bukkit.craftbukkit.util,org.bukkit.entity,org.bukkit.inventory,org.bukkit.plugin,org.bukkit.util	pending	0	
com.destroystokyo.paper.brigadier	com.destroystokyo.paper.brigadier	com/destroystokyo/paper/brigadier/BukkitBrigadierCommand.java,com/destroystokyo/paper/brigadier/BukkitBrigadierCommandSource.java	paper-api	2	41	rivet-api	3	27	yes	com.mojang.brigadier,com.mojang.brigadier.suggestion,org.bukkit,org.bukkit.command,org.bukkit.entity	pending	0	
com.destroystokyo.paper.entity	com.destroystokyo.paper.entity	com/destroystokyo/paper/entity/CraftRangedEntity.java,com/destroystokyo/paper/entity/PaperPathfinder.java,com/destroystokyo/paper/entity/Pathfinder.java,com/destroystokyo/paper/entity/RangedEntity.java,com/destroystokyo/paper/entity/TargetEntityInfo.java	paper-api,paper-server	5	550	rivet-api	3	27	yes	net.minecraft.world.entity,net.minecraft.world.entity.monster,net.minecraft.world.level.pathfinder,org.bukkit,org.bukkit.craftbukkit.entity,org.bukkit.craftbukkit.util,org.bukkit.entity,org.bukkit.util	pending	0	
com.destroystokyo.paper.event.entity	com.destroystokyo.paper.event.entity	com/destroystokyo/paper/event/entity/CreeperIgniteEvent.java,com/destroystokyo/paper/event/entity/EnderDragonFireballHitEvent.java,com/destroystokyo/paper/event/entity/EnderDragonFlameEvent.java,com/destroystokyo/paper/event/entity/EnderDragonShootFireballEvent.java,com/destroystokyo/paper/event/entity/EndermanAttackPlayerEvent.java,com/destroystokyo/paper/event/entity/EndermanEscapeEvent.java,com/destroystokyo/paper/event/entity/EntityAddToWorldEvent.java,com/destroystokyo/paper/event/entity/EntityJumpEvent.java,com/destroystokyo/paper/event/entity/EntityKnockbackByEntityEvent.java,com/destroystokyo/paper/event/entity/EntityPathfindEvent.java,com/destroystokyo/paper/event/entity/EntityRemoveFromWorldEvent.java,com/destroystokyo/paper/event/entity/EntityTeleportEndGatewayEvent.java,com/destroystokyo/paper/event/entity/EntityZapEvent.java,com/destroystokyo/paper/event/entity/ExperienceOrbMergeEvent.java,com/destroystokyo/paper/event/entity/PhantomPreSpawnEvent.java,com/destroystokyo/paper/event/entity/PlayerNaturallySpawnCreaturesEvent.java,com/destroystokyo/paper/event/entity/PreCreatureSpawnEvent.java,com/destroystokyo/paper/event/entity/PreSpawnerSpawnEvent.java,com/destroystokyo/paper/event/entity/ProjectileCollideEvent.java,com/destroystokyo/paper/event/entity/SkeletonHorseTrapEvent.java,com/destroystokyo/paper/event/entity/SlimeChangeDirectionEvent.java,com/destroystokyo/paper/event/entity/SlimePathfindEvent.java,com/destroystokyo/paper/event/entity/SlimeSwimEvent.java,com/destroystokyo/paper/event/entity/SlimeTargetLivingEntityEvent.java,com/destroystokyo/paper/event/entity/SlimeWanderEvent.java,com/destroystokyo/paper/event/entity/ThrownEggHatchEvent.java,com/destroystokyo/paper/event/entity/TurtleGoHomeEvent.java,com/destroystokyo/paper/event/entity/TurtleLayEggEvent.java,com/destroystokyo/paper/event/entity/TurtleStartDiggingEvent.java,com/destroystokyo/paper/event/entity/WitchConsumePotionEvent.java,com/destroystokyo/paper/event/entity/WitchReadyPotionEvent.java,com/destroystokyo/paper/event/entity/WitchThrowPotionEvent.java	paper-api	32	1973	rivet-api	3	27	yes	io.papermc.paper.event.entity,org.bukkit,org.bukkit.block,org.bukkit.entity,org.bukkit.event,org.bukkit.event.entity,org.bukkit.event.player,org.bukkit.inventory,org.bukkit.util	pending	0	
com.destroystokyo.paper.event.player	com.destroystokyo.paper.event.player	com/destroystokyo/paper/event/player/IllegalPacketEvent.java,com/destroystokyo/paper/event/player/PlayerAdvancementCriterionGrantEvent.java,com/destroystokyo/paper/event/player/PlayerArmorChangeEvent.java,com/destroystokyo/paper/event/player/PlayerAttackEntityCooldownResetEvent.java,com/destroystokyo/paper/event/player/PlayerClientOptionsChangeEvent.java,com/destroystokyo/paper/event/player/PlayerConnectionCloseEvent.java,com/destroystokyo/paper/event/player/PlayerElytraBoostEvent.java,com/destroystokyo/paper/event/player/PlayerHandshakeEvent.java,com/destroystokyo/paper/event/player/PlayerJumpEvent.java,com/destroystokyo/paper/event/player/PlayerLaunchProjectileEvent.java,com/destroystokyo/paper/event/player/PlayerPickupExperienceEvent.java,com/destroystokyo/paper/event/player/PlayerPostRespawnEvent.java,com/destroystokyo/paper/event/player/PlayerReadyArrowEvent.java,com/destroystokyo/paper/event/player/PlayerRecipeBookClickEvent.java,com/destroystokyo/paper/event/player/PlayerSetSpawnEvent.java,com/destroystokyo/paper/event/player/PlayerStartSpectatingEntityEvent.java,com/destroystokyo/paper/event/player/PlayerStopSpectatingEntityEvent.java,com/destroystokyo/paper/event/player/PlayerTeleportEndGatewayEvent.java,com/destroystokyo/paper/event/player/PlayerUseUnknownEntityEvent.java	paper-api	19	1855	rivet-api	3	27	yes	com.destroystokyo.paper,io.papermc.paper.event.player,org.bukkit,org.bukkit.advancement,org.bukkit.block,org.bukkit.entity,org.bukkit.event,org.bukkit.event.entity,org.bukkit.event.player,org.bukkit.inventory,org.bukkit.util	pending	0	
com.destroystokyo.paper.event.profile	com.destroystokyo.paper.event.profile	com/destroystokyo/paper/event/profile/FillProfileEvent.java,com/destroystokyo/paper/event/profile/LookupProfileEvent.java,com/destroystokyo/paper/event/profile/PreFillProfileEvent.java,com/destroystokyo/paper/event/profile/PreLookupProfileEvent.java,com/destroystokyo/paper/event/profile/ProfileWhitelistVerifyEvent.java	paper-api	5	473	rivet-api	3	27	yes	com.destroystokyo.paper.profile,org.bukkit,org.bukkit.event	pending	0	
com.destroystokyo.paper.event.server	com.destroystokyo.paper.event.server	com/destroystokyo/paper/event/server/AsyncTabCompleteEvent.java,com/destroystokyo/paper/event/server/GS4QueryEvent.java,com/destroystokyo/paper/event/server/PaperServerListPingEvent.java,com/destroystokyo/paper/event/server/ServerExceptionEvent.java,com/destroystokyo/paper/event/server/ServerTickEndEvent.java,com/destroystokyo/paper/event/server/ServerTickStartEvent.java,com/destroystokyo/paper/event/server/WhitelistToggleEvent.java	paper-api	7	1352	rivet-api	3	27	yes	com.destroystokyo.paper.exception,com.destroystokyo.paper.network,com.destroystokyo.paper.profile,io.papermc.paper.util,org.bukkit,org.bukkit.command,org.bukkit.entity,org.bukkit.event,org.bukkit.event.server,org.bukkit.profile,org.bukkit.util	pending	0	
com.destroystokyo.paper.exception	com.destroystokyo.paper.exception	com/destroystokyo/paper/exception/ServerCommandException.java,com/destroystokyo/paper/exception/ServerEventException.java,com/destroystokyo/paper/exception/ServerException.java,com/destroystokyo/paper/exception/ServerInternalException.java,com/destroystokyo/paper/exception/ServerPluginEnableDisableException.java,com/destroystokyo/paper/exception/ServerPluginException.java,com/destroystokyo/paper/exception/ServerPluginMessageException.java,com/destroystokyo/paper/exception/ServerSchedulerException.java,com/destroystokyo/paper/exception/ServerTabCompleteException.java	paper-api	9	353	rivet-api	3	27	yes	com.destroystokyo.paper.event.server,org.bukkit,org.bukkit.command,org.bukkit.entity,org.bukkit.event,org.bukkit.plugin,org.bukkit.scheduler	pending	0	
com.destroystokyo.paper.inventory.meta	com.destroystokyo.paper.inventory.meta	com/destroystokyo/paper/inventory/meta/ArmorStandMeta.java	paper-api	1	78	rivet-api	3	27	yes	org.bukkit.inventory.meta	pending	0	
com.destroystokyo.paper.io	com.destroystokyo.paper.io	com/destroystokyo/paper/io/SyncLoadFinder.java	paper-server	1	176	rivet-api	3	27	yes	com.mojang.datafixers.util,net.minecraft.world.level	pending	0	
com.destroystokyo.paper.loottable	com.destroystokyo.paper.loottable	com/destroystokyo/paper/loottable/LootableBlockInventory.java,com/destroystokyo/paper/loottable/LootableEntityInventory.java,com/destroystokyo/paper/loottable/LootableInventory.java,com/destroystokyo/paper/loottable/LootableInventoryReplenishEvent.java,com/destroystokyo/paper/loottable/PaperLootable.java,com/destroystokyo/paper/loottable/PaperLootableBlock.java,com/destroystokyo/paper/loottable/PaperLootableBlockInventory.java,com/destroystokyo/paper/loottable/PaperLootableEntity.java,com/destroystokyo/paper/loottable/PaperLootableEntityInventory.java,com/destroystokyo/paper/loottable/PaperLootableInventory.java,com/destroystokyo/paper/loottable/PaperLootableInventoryData.java	paper-api,paper-server	11	660	rivet-api	3	27	yes	com.mojang.serialization,io.papermc.paper.configuration,io.papermc.paper.configuration.type,net.minecraft.core,net.minecraft.nbt,net.minecraft.world,net.minecraft.world.entity.vehicle,net.minecraft.world.level,net.minecraft.world.level.storage,org.bukkit,org.bukkit.block,org.bukkit.craftbukkit,org.bukkit.craftbukkit.block,org.bukkit.entity,org.bukkit.event,org.bukkit.event.player,org.bukkit.loot	pending	0	
com.destroystokyo.paper.network	com.destroystokyo.paper.network	com/destroystokyo/paper/network/NetworkClient.java,com/destroystokyo/paper/network/PaperLegacyStatusClient.java,com/destroystokyo/paper/network/PaperNetworkClient.java,com/destroystokyo/paper/network/PaperServerListPingEventImpl.java,com/destroystokyo/paper/network/PaperStatusClient.java,com/destroystokyo/paper/network/StandardPaperServerListPingEventImpl.java,com/destroystokyo/paper/network/StatusClient.java	paper-api,paper-server	7	335	rivet-api	3	27	yes	com.destroystokyo.paper.event.server,com.destroystokyo.paper.profile,io.papermc.paper.adventure,net.minecraft,net.minecraft.network,net.minecraft.network.chat,net.minecraft.network.protocol.status,net.minecraft.server,net.minecraft.server.level,net.minecraft.server.players,org.bukkit.craftbukkit.util,org.bukkit.entity,org.bukkit.util	pending	0	
com.destroystokyo.paper.profile	com.destroystokyo.paper.profile	com/destroystokyo/paper/profile/CraftPlayerProfile.java,com/destroystokyo/paper/profile/PaperAuthenticationService.java,com/destroystokyo/paper/profile/PaperGameProfileRepository.java,com/destroystokyo/paper/profile/PaperMinecraftSessionService.java,com/destroystokyo/paper/profile/PlayerProfile.java,com/destroystokyo/paper/profile/ProfileProperty.java,com/destroystokyo/paper/profile/SharedPlayerProfile.java	paper-api,paper-server	7	987	rivet-api	3	27	yes	com.destroystokyo.paper.event.profile,com.mojang.datafixers.util,io.papermc.paper.configuration,io.papermc.paper.profile,net.minecraft.core,net.minecraft.server,net.minecraft.server.players,net.minecraft.util,net.minecraft.world.entity.player,net.minecraft.world.item.component,org.bukkit.configuration.serialization,org.bukkit.craftbukkit.configuration,org.bukkit.craftbukkit.entity,org.bukkit.craftbukkit.profile,org.bukkit.profile	pending	0	
com.destroystokyo.paper.util	com.destroystokyo.paper.util	com/destroystokyo/paper/util/SneakyThrow.java,com/destroystokyo/paper/util/VersionFetcher.java	paper-api	2	84	rivet-api	3	27	yes	org.bukkit	pending	0	
com.destroystokyo.paper.utils	com.destroystokyo.paper.utils	com/destroystokyo/paper/utils/PaperPluginLogger.java	paper-api	1	46	rivet-api	3	27	yes	io.papermc.paper.plugin.configuration,org.bukkit.plugin	pending	0	
io.papermc.paper	io.papermc.paper	io/papermc/paper/FeatureHooks.java,io/papermc/paper/InternalAPIBridge.java,io/papermc/paper/PaperBootstrap.java,io/papermc/paper/PaperServerInternalAPIBridge.java,io/papermc/paper/ServerBuildInfo.java,io/papermc/paper/ServerBuildInfoImpl.java,io/papermc/paper/SparksFly.java	minecraft,paper-api,paper-server	7	1084	rivet-api	3	27	yes	com.destroystokyo.paper,com.destroystokyo.paper.util,com.mojang.brigadier.exceptions,io.papermc.paper.adventure,io.papermc.paper.attribute,io.papermc.paper.command,io.papermc.paper.command.brigadier,io.papermc.paper.command.subcommands,io.papermc.paper.configuration,io.papermc.paper.datacomponent.item,io.papermc.paper.entity.poi,io.papermc.paper.plugin.entrypoint.classloader.group,io.papermc.paper.plugin.lifecycle.event,io.papermc.paper.plugin.provider.classloader,io.papermc.paper.util,io.papermc.paper.world.damagesource,net.minecraft,net.minecraft.commands,net.minecraft.core.registries,net.minecraft.nbt,net.minecraft.network.chat,net.minecraft.network.protocol.game,net.minecraft.server,net.minecraft.server.level,net.minecraft.util,net.minecraft.world.damagesource,net.minecraft.world.entity,net.minecraft.world.entity.ai.attributes,net.minecraft.world.entity.ai.village.poi,net.minecraft.world.entity.decoration,net.minecraft.world.level,net.minecraft.world.level.block,net.minecraft.world.level.block.state,net.minecraft.world.level.chunk,org.bukkit,org.bukkit.attribute,org.bukkit.block,org.bukkit.command,org.bukkit.craftbukkit,org.bukkit.craftbukkit.block,org.bukkit.craftbukkit.command,org.bukkit.craftbukkit.damage,org.bukkit.craftbukkit.entity,org.bukkit.craftbukkit.inventory,org.bukkit.craftbukkit.util,org.bukkit.damage,org.bukkit.entity,org.bukkit.inventory,org.bukkit.plugin,org.bukkit.plugin.java	pending	0	
mc.advancements	net.minecraft.advancements	net/minecraft/advancements/Advancement.java,net/minecraft/advancements/AdvancementHolder.java,net/minecraft/advancements/AdvancementNode.java,net/minecraft/advancements/AdvancementProgress.java,net/minecraft/advancements/AdvancementRequirements.java,net/minecraft/advancements/AdvancementRewards.java,net/minecraft/advancements/AdvancementTree.java,net/minecraft/advancements/AdvancementType.java,net/minecraft/advancements/CriterionProgress.java,net/minecraft/advancements/CriterionTriggerInstance.java,net/minecraft/advancements/DisplayInfo.java,net/minecraft/advancements/TreeNodePosition.java,net/minecraft/advancements/package-info.java	minecraft	13	1402	rivet-server	3	27	yes	com.mojang.serialization,net.minecraft,net.minecraft.advancements.triggers,net.minecraft.commands,net.minecraft.commands.functions,net.minecraft.core,net.minecraft.network,net.minecraft.network.chat,net.minecraft.network.codec,net.minecraft.resources,net.minecraft.server,net.minecraft.server.level,net.minecraft.server.permissions,net.minecraft.sounds,net.minecraft.util,net.minecraft.world.entity.item,net.minecraft.world.item,net.minecraft.world.item.crafting,net.minecraft.world.level,net.minecraft.world.level.storage.loot,net.minecraft.world.level.storage.loot.parameters	pending	0	
mc.advancements.predicates	net.minecraft.advancements.predicates	net/minecraft/advancements/predicates/BlockPredicate.java,net/minecraft/advancements/predicates/CollectionContentsPredicate.java,net/minecraft/advancements/predicates/CollectionCountsPredicate.java,net/minecraft/advancements/predicates/CollectionPredicate.java,net/minecraft/advancements/predicates/ContextAwarePredicate.java,net/minecraft/advancements/predicates/DamagePredicate.java,net/minecraft/advancements/predicates/DamageSourcePredicate.java,net/minecraft/advancements/predicates/DataComponentMatchers.java,net/minecraft/advancements/predicates/DistancePredicate.java,net/minecraft/advancements/predicates/EnchantmentPredicate.java,net/minecraft/advancements/predicates/FluidPredicate.java,net/minecraft/advancements/predicates/FoodPredicate.java,net/minecraft/advancements/predicates/GameTypePredicate.java,net/minecraft/advancements/predicates/InputPredicate.java,net/minecraft/advancements/predicates/ItemPredicate.java,net/minecraft/advancements/predicates/LightPredicate.java,net/minecraft/advancements/predicates/LocationPredicate.java,net/minecraft/advancements/predicates/MinMaxBounds.java,net/minecraft/advancements/predicates/MobEffectsPredicate.java,net/minecraft/advancements/predicates/NbtPredicate.java,net/minecraft/advancements/predicates/SingleComponentItemPredicate.java,net/minecraft/advancements/predicates/SlotsPredicate.java,net/minecraft/advancements/predicates/StatePropertiesPredicate.java,net/minecraft/advancements/predicates/TagPredicate.java,net/minecraft/advancements/predicates/package-info.java	minecraft	25	1907	rivet-server	3	27	yes	com.mojang.brigadier,com.mojang.brigadier.exceptions,com.mojang.datafixers.util,com.mojang.serialization,net.minecraft.advancements.predicates.entity,net.minecraft.core,net.minecraft.core.component,net.minecraft.core.component.predicates,net.minecraft.core.registries,net.minecraft.nbt,net.minecraft.network,net.minecraft.network.chat,net.minecraft.network.codec,net.minecraft.resources,net.minecraft.server.level,net.minecraft.tags,net.minecraft.util,net.minecraft.world.damagesource,net.minecraft.world.effect,net.minecraft.world.entity,net.minecraft.world.entity.player,net.minecraft.world.food,net.minecraft.world.inventory,net.minecraft.world.item,net.minecraft.world.item.component,net.minecraft.world.item.enchantment,net.minecraft.world.level,net.minecraft.world.level.biome,net.minecraft.world.level.block,net.minecraft.world.level.block.entity,net.minecraft.world.level.block.state,net.minecraft.world.level.block.state.pattern,net.minecraft.world.level.block.state.properties,net.minecraft.world.level.levelgen.structure,net.minecraft.world.level.material,net.minecraft.world.level.storage,net.minecraft.world.level.storage.loot,net.minecraft.world.level.storage.loot.predicates,net.minecraft.world.phys	pending	0	
mc.advancements.predicates.entity	net.minecraft.advancements.predicates.entity	net/minecraft/advancements/predicates/entity/CubeMobPredicate.java,net/minecraft/advancements/predicates/entity/DistanceToPlayerPredicate.java,net/minecraft/advancements/predicates/entity/EntityEffectsPredicate.java,net/minecraft/advancements/predicates/entity/EntityEquipmentPredicate.java,net/minecraft/advancements/predicates/entity/EntityExactDataComponentsPredicate.java,net/minecraft/advancements/predicates/entity/EntityFlagsPredicate.java,net/minecraft/advancements/predicates/entity/EntityLocationPredicate.java,net/minecraft/advancements/predicates/entity/EntityNbtPredicate.java,net/minecraft/advancements/predicates/entity/EntityPartialComponentsPredicate.java,net/minecraft/advancements/predicates/entity/EntityPredicate.java,net/minecraft/advancements/predicates/entity/EntitySlotsPredicate.java,net/minecraft/advancements/predicates/entity/EntitySubPredicate.java,net/minecraft/advancements/predicates/entity/EntitySubPredicates.java,net/minecraft/advancements/predicates/entity/EntityTagPredicate.java,net/minecraft/advancements/predicates/entity/EntityTypePredicate.java,net/minecraft/advancements/predicates/entity/FishingHookPredicate.java,net/minecraft/advancements/predicates/entity/LightningBoltPredicate.java,net/minecraft/advancements/predicates/entity/MovementAffectedByPredicate.java,net/minecraft/advancements/predicates/entity/MovementPredicate.java,net/minecraft/advancements/predicates/entity/PassengerPredicate.java,net/minecraft/advancements/predicates/entity/PeriodicEntityTickPredicate.java,net/minecraft/advancements/predicates/entity/PlayerPredicate.java,net/minecraft/advancements/predicates/entity/RaiderPredicate.java,net/minecraft/advancements/predicates/entity/SheepPredicate.java,net/minecraft/advancements/predicates/entity/SteppingOnPredicate.java,net/minecraft/advancements/predicates/entity/TargetedEntityPredicate.java,net/minecraft/advancements/predicates/entity/TeamPredicate.java,net/minecraft/advancements/predicates/entity/VehiclePredicate.java,net/minecraft/advancements/predicates/entity/package-info.java	minecraft	29	1477	rivet-server	3	27	yes	com.mojang.datafixers.util,com.mojang.serialization,net.minecraft.advancements,net.minecraft.advancements.predicates,net.minecraft.core,net.minecraft.core.component,net.minecraft.core.component.predicates,net.minecraft.core.registries,net.minecraft.resources,net.minecraft.server,net.minecraft.server.level,net.minecraft.stats,net.minecraft.tags,net.minecraft.util,net.minecraft.world.entity,net.minecraft.world.entity.animal.sheep,net.minecraft.world.entity.monster.cubemob,net.minecraft.world.entity.player,net.minecraft.world.entity.projectile,net.minecraft.world.entity.raid,net.minecraft.world.item,net.minecraft.world.item.crafting,net.minecraft.world.level.block.entity,net.minecraft.world.level.storage.loot,net.minecraft.world.level.storage.loot.parameters,net.minecraft.world.level.storage.loot.predicates,net.minecraft.world.phys,net.minecraft.world.scores	pending	0	
mc.advancements.triggers	net.minecraft.advancements.triggers	net/minecraft/advancements/triggers/AnyBlockInteractionTrigger.java,net/minecraft/advancements/triggers/BeeNestDestroyedTrigger.java,net/minecraft/advancements/triggers/BredAnimalsTrigger.java,net/minecraft/advancements/triggers/BrewedPotionTrigger.java,net/minecraft/advancements/triggers/ChangeDimensionTrigger.java,net/minecraft/advancements/triggers/ChanneledLightningTrigger.java,net/minecraft/advancements/triggers/ConstructBeaconTrigger.java,net/minecraft/advancements/triggers/ConsumeItemTrigger.java,net/minecraft/advancements/triggers/CriteriaTriggers.java,net/minecraft/advancements/triggers/Criterion.java,net/minecraft/advancements/triggers/CriterionTrigger.java,net/minecraft/advancements/triggers/CuredZombieVillagerTrigger.java,net/minecraft/advancements/triggers/DefaultBlockInteractionTrigger.java,net/minecraft/advancements/triggers/DistanceTrigger.java,net/minecraft/advancements/triggers/EffectsChangedTrigger.java,net/minecraft/advancements/triggers/EnchantedItemTrigger.java,net/minecraft/advancements/triggers/EnterBlockTrigger.java,net/minecraft/advancements/triggers/EntityHurtPlayerTrigger.java,net/minecraft/advancements/triggers/FallAfterExplosionTrigger.java,net/minecraft/advancements/triggers/FilledBucketTrigger.java,net/minecraft/advancements/triggers/FishingRodHookedTrigger.java,net/minecraft/advancements/triggers/ImpossibleTrigger.java,net/minecraft/advancements/triggers/InventoryChangeTrigger.java,net/minecraft/advancements/triggers/ItemDurabilityTrigger.java,net/minecraft/advancements/triggers/ItemUsedOnLocationTrigger.java,net/minecraft/advancements/triggers/KilledByArrowTrigger.java,net/minecraft/advancements/triggers/KilledTrigger.java,net/minecraft/advancements/triggers/LevitationTrigger.java,net/minecraft/advancements/triggers/LightningStrikeTrigger.java,net/minecraft/advancements/triggers/LootTableTrigger.java,net/minecraft/advancements/triggers/PickedUpItemTrigger.java,net/minecraft/advancements/triggers/PlayerHurtEntityTrigger.java,net/minecraft/advancements/triggers/PlayerInteractTrigger.java,net/minecraft/advancements/triggers/PlayerTrigger.java,net/minecraft/advancements/triggers/RecipeCraftedTrigger.java,net/minecraft/advancements/triggers/RecipeUnlockedTrigger.java,net/minecraft/advancements/triggers/ShotCrossbowTrigger.java,net/minecraft/advancements/triggers/SimpleCriterionTrigger.java,net/minecraft/advancements/triggers/SlideDownBlockTrigger.java,net/minecraft/advancements/triggers/SpearMobsTrigger.java,net/minecraft/advancements/triggers/StartRidingTrigger.java,net/minecraft/advancements/triggers/SummonedEntityTrigger.java,net/minecraft/advancements/triggers/TameAnimalTrigger.java,net/minecraft/advancements/triggers/TargetBlockTrigger.java,net/minecraft/advancements/triggers/TradeTrigger.java,net/minecraft/advancements/triggers/UsedEnderEyeTrigger.java,net/minecraft/advancements/triggers/UsedTotemTrigger.java,net/minecraft/advancements/triggers/UsingItemTrigger.java,net/minecraft/advancements/triggers/package-info.java	minecraft	49	2918	rivet-server	3	27	yes	com.mojang.serialization,net.minecraft.advancements,net.minecraft.advancements.predicates,net.minecraft.advancements.predicates.entity,net.minecraft.core,net.minecraft.core.registries,net.minecraft.resources,net.minecraft.server,net.minecraft.server.level,net.minecraft.util,net.minecraft.world.damagesource,net.minecraft.world.entity,net.minecraft.world.entity.animal,net.minecraft.world.entity.item,net.minecraft.world.entity.monster.zombie,net.minecraft.world.entity.npc.villager,net.minecraft.world.entity.player,net.minecraft.world.entity.projectile,net.minecraft.world.item,net.minecraft.world.item.alchemy,net.minecraft.world.item.crafting,net.minecraft.world.level,net.minecraft.world.level.block,net.minecraft.world.level.block.state,net.minecraft.world.level.block.state.properties,net.minecraft.world.level.storage.loot,net.minecraft.world.level.storage.loot.parameters,net.minecraft.world.level.storage.loot.predicates,net.minecraft.world.phys	pending	0	
mc.commands	net.minecraft.commands	net/minecraft/commands/ArgumentVisitor.java,net/minecraft/commands/BrigadierExceptions.java,net/minecraft/commands/CacheableFunction.java,net/minecraft/commands/CommandBuildContext.java,net/minecraft/commands/CommandResultCallback.java,net/minecraft/commands/CommandSigningContext.java,net/minecraft/commands/CommandSource.java,net/minecraft/commands/CommandSourceStack.java,net/minecraft/commands/Commands.java,net/minecraft/commands/ExecutionCommandSource.java,net/minecraft/commands/FunctionInstantiationException.java,net/minecraft/commands/ParserUtils.java,net/minecraft/commands/SharedSuggestionProvider.java,net/minecraft/commands/package-info.java	minecraft	14	2209	rivet-server	3	27	yes	com.mojang.brigadier,com.mojang.brigadier.builder,com.mojang.brigadier.exceptions,com.mojang.brigadier.suggestion,com.mojang.brigadier.tree,com.mojang.serialization,net.minecraft,net.minecraft.advancements,net.minecraft.commands.arguments,net.minecraft.commands.execution,net.minecraft.commands.functions,net.minecraft.commands.synchronization,net.minecraft.core,net.minecraft.core.registries,net.minecraft.data.registries,net.minecraft.gametest.framework,net.minecraft.network.chat,net.minecraft.network.protocol.game,net.minecraft.resources,net.minecraft.server,net.minecraft.server.commands,net.minecraft.server.commands.data,net.minecraft.server.level,net.minecraft.server.permissions,net.minecraft.sounds,net.minecraft.tags,net.minecraft.util,net.minecraft.util.profiling,net.minecraft.util.profiling.jfr,net.minecraft.world.entity,net.minecraft.world.flag,net.minecraft.world.level,net.minecraft.world.level.dimension,net.minecraft.world.level.gamerules,net.minecraft.world.phys	pending	0	
mc.commands.arguments	net.minecraft.commands.arguments	net/minecraft/commands/arguments/AngleArgument.java,net/minecraft/commands/arguments/ArgumentSignatures.java,net/minecraft/commands/arguments/ComponentArgument.java,net/minecraft/commands/arguments/CompoundTagArgument.java,net/minecraft/commands/arguments/DimensionArgument.java,net/minecraft/commands/arguments/EntityAnchorArgument.java,net/minecraft/commands/arguments/EntityArgument.java,net/minecraft/commands/arguments/GameModeArgument.java,net/minecraft/commands/arguments/GameProfileArgument.java,net/minecraft/commands/arguments/HeightmapTypeArgument.java,net/minecraft/commands/arguments/HexColorArgument.java,net/minecraft/commands/arguments/IdentifierArgument.java,net/minecraft/commands/arguments/MessageArgument.java,net/minecraft/commands/arguments/NbtPathArgument.java,net/minecraft/commands/arguments/NbtTagArgument.java,net/minecraft/commands/arguments/ObjectiveArgument.java,net/minecraft/commands/arguments/ObjectiveCriteriaArgument.java,net/minecraft/commands/arguments/OperationArgument.java,net/minecraft/commands/arguments/ParticleArgument.java,net/minecraft/commands/arguments/RangeArgument.java,net/minecraft/commands/arguments/ResourceArgument.java,net/minecraft/commands/arguments/ResourceKeyArgument.java,net/minecraft/commands/arguments/ResourceOrIdArgument.java,net/minecraft/commands/arguments/ResourceOrTagArgument.java,net/minecraft/commands/arguments/ResourceOrTagKeyArgument.java,net/minecraft/commands/arguments/ResourceSelectorArgument.java,net/minecraft/commands/arguments/ScoreHolderArgument.java,net/minecraft/commands/arguments/ScoreboardSlotArgument.java,net/minecraft/commands/arguments/SignedArgument.java,net/minecraft/commands/arguments/SlotArgument.java,net/minecraft/commands/arguments/SlotsArgument.java,net/minecraft/commands/arguments/StringRepresentableArgument.java,net/minecraft/commands/arguments/StyleArgument.java,net/minecraft/commands/arguments/TeamArgument.java,net/minecraft/commands/arguments/TeamColorArgument.java,net/minecraft/commands/arguments/TemplateMirrorArgument.java,net/minecraft/commands/arguments/TemplateRotationArgument.java,net/minecraft/commands/arguments/TimeArgument.java,net/minecraft/commands/arguments/UuidArgument.java,net/minecraft/commands/arguments/WaypointArgument.java,net/minecraft/commands/arguments/package-info.java	minecraft	41	4174	rivet-server	3	27	yes	com.mojang.brigadier,com.mojang.brigadier.exceptions,com.mojang.brigadier.suggestion,com.mojang.datafixers.util,com.mojang.serialization,net.minecraft.advancements,net.minecraft.advancements.predicates,net.minecraft.commands,net.minecraft.commands.arguments.coordinates,net.minecraft.commands.arguments.selector,net.minecraft.commands.synchronization,net.minecraft.core,net.minecraft.core.particles,net.minecraft.core.registries,net.minecraft.nbt,net.minecraft.network,net.minecraft.network.chat,net.minecraft.resources,net.minecraft.server,net.minecraft.server.dialog,net.minecraft.server.level,net.minecraft.server.network,net.minecraft.server.permissions,net.minecraft.server.players,net.minecraft.stats,net.minecraft.tags,net.minecraft.util,net.minecraft.util.parsing.packrat,net.minecraft.util.parsing.packrat.commands,net.minecraft.world.clock,net.minecraft.world.effect,net.minecraft.world.entity,net.minecraft.world.entity.ai.attributes,net.minecraft.world.inventory,net.minecraft.world.item.crafting,net.minecraft.world.item.enchantment,net.minecraft.world.level,net.minecraft.world.level.block,net.minecraft.world.level.levelgen,net.minecraft.world.level.levelgen.feature,net.minecraft.world.level.levelgen.structure,net.minecraft.world.level.levelgen.structure.pools,net.minecraft.world.level.storage.loot,net.minecraft.world.level.storage.loot.functions,net.minecraft.world.level.storage.loot.predicates,net.minecraft.world.phys,net.minecraft.world.scores,net.minecraft.world.scores.criteria,net.minecraft.world.timeline,net.minecraft.world.waypoints	pending	0	
mc.commands.arguments.blocks	net.minecraft.commands.arguments.blocks	net/minecraft/commands/arguments/blocks/BlockInput.java,net/minecraft/commands/arguments/blocks/BlockPredicateArgument.java,net/minecraft/commands/arguments/blocks/BlockStateArgument.java,net/minecraft/commands/arguments/blocks/BlockStateParser.java,net/minecraft/commands/arguments/blocks/package-info.java	minecraft	5	861	rivet-server	3	27	yes	com.mojang.brigadier,com.mojang.brigadier.exceptions,com.mojang.brigadier.suggestion,com.mojang.datafixers.util,net.minecraft.commands,net.minecraft.core,net.minecraft.core.registries,net.minecraft.nbt,net.minecraft.network.chat,net.minecraft.resources,net.minecraft.server.level,net.minecraft.tags,net.minecraft.util,net.minecraft.world.level.block,net.minecraft.world.level.block.entity,net.minecraft.world.level.block.state,net.minecraft.world.level.block.state.pattern,net.minecraft.world.level.block.state.properties,net.minecraft.world.level.storage	pending	0	
mc.commands.arguments.coordinates	net.minecraft.commands.arguments.coordinates	net/minecraft/commands/arguments/coordinates/BlockPosArgument.java,net/minecraft/commands/arguments/coordinates/ColumnPosArgument.java,net/minecraft/commands/arguments/coordinates/Coordinates.java,net/minecraft/commands/arguments/coordinates/LocalCoordinates.java,net/minecraft/commands/arguments/coordinates/RotationArgument.java,net/minecraft/commands/arguments/coordinates/SwizzleArgument.java,net/minecraft/commands/arguments/coordinates/Vec2Argument.java,net/minecraft/commands/arguments/coordinates/Vec3Argument.java,net/minecraft/commands/arguments/coordinates/WorldCoordinate.java,net/minecraft/commands/arguments/coordinates/WorldCoordinates.java,net/minecraft/commands/arguments/coordinates/package-info.java	minecraft	11	672	rivet-server	3	27	yes	com.mojang.brigadier,com.mojang.brigadier.exceptions,com.mojang.brigadier.suggestion,net.minecraft.commands,net.minecraft.core,net.minecraft.network.chat,net.minecraft.server.level,net.minecraft.world.level,net.minecraft.world.phys	pending	0	
mc.commands.arguments.item	net.minecraft.commands.arguments.item	net/minecraft/commands/arguments/item/ComponentPredicateParser.java,net/minecraft/commands/arguments/item/FunctionArgument.java,net/minecraft/commands/arguments/item/ItemArgument.java,net/minecraft/commands/arguments/item/ItemInput.java,net/minecraft/commands/arguments/item/ItemParser.java,net/minecraft/commands/arguments/item/ItemPredicateArgument.java,net/minecraft/commands/arguments/item/package-info.java	minecraft	7	960	rivet-server	3	27	yes	com.mojang.brigadier,com.mojang.brigadier.exceptions,com.mojang.brigadier.suggestion,com.mojang.datafixers.util,com.mojang.serialization,net.minecraft.advancements.predicates,net.minecraft.commands,net.minecraft.commands.functions,net.minecraft.core,net.minecraft.core.component,net.minecraft.core.component.predicates,net.minecraft.core.registries,net.minecraft.nbt,net.minecraft.network.chat,net.minecraft.resources,net.minecraft.tags,net.minecraft.util,net.minecraft.util.parsing.packrat,net.minecraft.util.parsing.packrat.commands,net.minecraft.world.item	pending	0	
mc.commands.arguments.selector	net.minecraft.commands.arguments.selector	net/minecraft/commands/arguments/selector/EntitySelector.java,net/minecraft/commands/arguments/selector/EntitySelectorParser.java,net/minecraft/commands/arguments/selector/package-info.java	minecraft	3	891	rivet-server	3	27	yes	com.mojang.brigadier,com.mojang.brigadier.exceptions,com.mojang.brigadier.suggestion,com.mojang.serialization,net.minecraft.advancements.predicates,net.minecraft.commands,net.minecraft.commands.arguments,net.minecraft.commands.arguments.selector.options,net.minecraft.network.chat,net.minecraft.server.level,net.minecraft.server.permissions,net.minecraft.util,net.minecraft.world.entity,net.minecraft.world.flag,net.minecraft.world.level.entity,net.minecraft.world.phys	pending	0	
mc.commands.arguments.selector.options	net.minecraft.commands.arguments.selector.options	net/minecraft/commands/arguments/selector/options/EntitySelectorOptions.java,net/minecraft/commands/arguments/selector/options/InvertableSetOptionState.java,net/minecraft/commands/arguments/selector/options/SetOnceOptionState.java,net/minecraft/commands/arguments/selector/options/package-info.java	minecraft	4	639	rivet-server	3	27	yes	com.mojang.brigadier,com.mojang.brigadier.exceptions,com.mojang.brigadier.suggestion,net.minecraft.advancements,net.minecraft.advancements.predicates,net.minecraft.commands,net.minecraft.commands.arguments.selector,net.minecraft.core,net.minecraft.core.registries,net.minecraft.nbt,net.minecraft.network.chat,net.minecraft.resources,net.minecraft.server,net.minecraft.server.level,net.minecraft.tags,net.minecraft.util,net.minecraft.world.entity,net.minecraft.world.item,net.minecraft.world.level,net.minecraft.world.level.storage,net.minecraft.world.level.storage.loot,net.minecraft.world.level.storage.loot.parameters,net.minecraft.world.level.storage.loot.predicates,net.minecraft.world.scores	pending	0	
mc.commands.execution	net.minecraft.commands.execution	net/minecraft/commands/execution/ChainModifiers.java,net/minecraft/commands/execution/CommandQueueEntry.java,net/minecraft/commands/execution/CustomCommandExecutor.java,net/minecraft/commands/execution/CustomModifierExecutor.java,net/minecraft/commands/execution/EntryAction.java,net/minecraft/commands/execution/ExecutionContext.java,net/minecraft/commands/execution/ExecutionControl.java,net/minecraft/commands/execution/Frame.java,net/minecraft/commands/execution/TraceCallbacks.java,net/minecraft/commands/execution/UnboundEntryAction.java,net/minecraft/commands/execution/package-info.java	minecraft	11	337	rivet-server	3	27	yes	com.mojang.brigadier,com.mojang.brigadier.exceptions,net.minecraft.commands,net.minecraft.commands.execution.tasks,net.minecraft.commands.functions,net.minecraft.resources,net.minecraft.util.profiling	pending	0	
mc.commands.execution.tasks	net.minecraft.commands.execution.tasks	net/minecraft/commands/execution/tasks/BuildContexts.java,net/minecraft/commands/execution/tasks/CallFunction.java,net/minecraft/commands/execution/tasks/ContinuationTask.java,net/minecraft/commands/execution/tasks/ExecuteCommand.java,net/minecraft/commands/execution/tasks/FallthroughTask.java,net/minecraft/commands/execution/tasks/IsolatedCall.java,net/minecraft/commands/execution/tasks/package-info.java	minecraft	7	361	rivet-server	3	27	yes	com.mojang.brigadier,com.mojang.brigadier.exceptions,net.minecraft.commands,net.minecraft.commands.execution,net.minecraft.commands.functions,net.minecraft.network.chat	pending	0	
mc.commands.functions	net.minecraft.commands.functions	net/minecraft/commands/functions/CommandFunction.java,net/minecraft/commands/functions/FunctionBuilder.java,net/minecraft/commands/functions/InstantiatedFunction.java,net/minecraft/commands/functions/MacroFunction.java,net/minecraft/commands/functions/PlainTextFunction.java,net/minecraft/commands/functions/StringTemplate.java,net/minecraft/commands/functions/package-info.java	minecraft	7	455	rivet-server	3	27	yes	com.mojang.brigadier,com.mojang.brigadier.exceptions,net.minecraft.commands,net.minecraft.commands.execution,net.minecraft.commands.execution.tasks,net.minecraft.nbt,net.minecraft.network.chat,net.minecraft.resources,net.minecraft.util	pending	0	
mc.commands.synchronization	net.minecraft.commands.synchronization	net/minecraft/commands/synchronization/ArgumentTypeInfo.java,net/minecraft/commands/synchronization/ArgumentTypeInfos.java,net/minecraft/commands/synchronization/ArgumentUtils.java,net/minecraft/commands/synchronization/SingletonArgumentInfo.java,net/minecraft/commands/synchronization/SuggestionProviders.java,net/minecraft/commands/synchronization/package-info.java	minecraft	6	454	rivet-server	3	27	yes	com.mojang.brigadier,com.mojang.brigadier.exceptions,com.mojang.brigadier.suggestion,com.mojang.brigadier.tree,com.mojang.serialization,net.minecraft.commands,net.minecraft.commands.arguments,net.minecraft.commands.arguments.blocks,net.minecraft.commands.arguments.coordinates,net.minecraft.commands.arguments.item,net.minecraft.commands.synchronization.brigadier,net.minecraft.core,net.minecraft.core.registries,net.minecraft.network,net.minecraft.resources,net.minecraft.server.permissions,net.minecraft.world.entity	pending	0	
mc.commands.synchronization.brigadier	net.minecraft.commands.synchronization.brigadier	net/minecraft/commands/synchronization/brigadier/DoubleArgumentInfo.java,net/minecraft/commands/synchronization/brigadier/FloatArgumentInfo.java,net/minecraft/commands/synchronization/brigadier/IntegerArgumentInfo.java,net/minecraft/commands/synchronization/brigadier/LongArgumentInfo.java,net/minecraft/commands/synchronization/brigadier/StringArgumentSerializer.java,net/minecraft/commands/synchronization/brigadier/package-info.java	minecraft	6	333	rivet-server	3	27	yes	net.minecraft.commands,net.minecraft.commands.synchronization,net.minecraft.network	pending	0	
mc.core	net.minecraft.core	net/minecraft/core/AxisCycle.java,net/minecraft/core/BlockBox.java,net/minecraft/core/BlockMath.java,net/minecraft/core/BlockPos.java,net/minecraft/core/ClientAsset.java,net/minecraft/core/Cloner.java,net/minecraft/core/Cursor3D.java,net/minecraft/core/DefaultedMappedRegistry.java,net/minecraft/core/DefaultedRegistry.java,net/minecraft/core/Direction.java,net/minecraft/core/Direction8.java,net/minecraft/core/FrontAndTop.java,net/minecraft/core/GlobalPos.java,net/minecraft/core/Holder.java,net/minecraft/core/HolderGetter.java,net/minecraft/core/HolderLookup.java,net/minecraft/core/HolderOwner.java,net/minecraft/core/HolderSet.java,net/minecraft/core/IdMap.java,net/minecraft/core/IdMapper.java,net/minecraft/core/LayeredRegistryAccess.java,net/minecraft/core/MappedRegistry.java,net/minecraft/core/NonNullList.java,net/minecraft/core/Position.java,net/minecraft/core/QuartPos.java,net/minecraft/core/RegistrationInfo.java,net/minecraft/core/Registry.java,net/minecraft/core/RegistryAccess.java,net/minecraft/core/RegistryCodecs.java,net/minecraft/core/RegistrySetBuilder.java,net/minecraft/core/RegistrySynchronization.java,net/minecraft/core/Rotations.java,net/minecraft/core/SectionPos.java,net/minecraft/core/TypedInstance.java,net/minecraft/core/UUIDUtil.java,net/minecraft/core/Vec3i.java,net/minecraft/core/WritableRegistry.java,net/minecraft/core/package-info.java	minecraft	38	5261	rivet-registry	3	27	yes	com.mojang.datafixers,com.mojang.datafixers.util,com.mojang.serialization,net.minecraft.core.component,net.minecraft.core.registries,net.minecraft.data.worldgen,net.minecraft.nbt,net.minecraft.network,net.minecraft.network.codec,net.minecraft.resources,net.minecraft.server,net.minecraft.server.packs.repository,net.minecraft.tags,net.minecraft.util,net.minecraft.world.entity,net.minecraft.world.flag,net.minecraft.world.level,net.minecraft.world.level.block,net.minecraft.world.level.chunk,net.minecraft.world.level.entity,net.minecraft.world.level.levelgen.structure,net.minecraft.world.phys	pending	0	position/value SCC (#125): Vec3i/BlockPos/MutableBlockPos/SectionPos/ChunkPos/GlobalPos + Position/Direction/AxisCycle/Cursor3D/Rotation delivered in rivet-registry::core; holder codecs (#126): Holder/HolderSet/HolderGetter/HolderLookup/HolderOwner + RegistryOps owner/getter views delivered; remaining mc.core classes (MappedRegistry/RegistryCodecs/RegistrySetBuilder/ClientAsset/Direction8/Rotations/QuartPos/etc.) + all protocol StreamCodecs (Holder/GlobalPos) pending
mc.core.cauldron	net.minecraft.core.cauldron	net/minecraft/core/cauldron/CauldronInteraction.java,net/minecraft/core/cauldron/CauldronInteractions.java,net/minecraft/core/cauldron/package-info.java	minecraft	3	427	rivet-registry	3	27	yes	com.mojang.serialization,net.minecraft.core,net.minecraft.core.component,net.minecraft.sounds,net.minecraft.stats,net.minecraft.tags,net.minecraft.util,net.minecraft.world,net.minecraft.world.entity.player,net.minecraft.world.item,net.minecraft.world.item.alchemy,net.minecraft.world.level,net.minecraft.world.level.block,net.minecraft.world.level.block.entity,net.minecraft.world.level.block.state,net.minecraft.world.level.gameevent,net.minecraft.world.level.material	pending	0	
mc.core.component	net.minecraft.core.component	net/minecraft/core/component/DataComponentExactPredicate.java,net/minecraft/core/component/DataComponentGetter.java,net/minecraft/core/component/DataComponentHolder.java,net/minecraft/core/component/DataComponentInitializers.java,net/minecraft/core/component/DataComponentLookup.java,net/minecraft/core/component/DataComponentMap.java,net/minecraft/core/component/DataComponentPatch.java,net/minecraft/core/component/DataComponentType.java,net/minecraft/core/component/DataComponents.java,net/minecraft/core/component/PatchedDataComponentMap.java,net/minecraft/core/component/TypedDataComponent.java,net/minecraft/core/component/package-info.java	minecraft	12	1829	rivet-registry	3	27	yes	com.mojang.serialization,net.minecraft.core,net.minecraft.core.registries,net.minecraft.network,net.minecraft.network.chat,net.minecraft.network.codec,net.minecraft.resources,net.minecraft.sounds,net.minecraft.util,net.minecraft.world,net.minecraft.world.damagesource,net.minecraft.world.entity,net.minecraft.world.entity.animal.axolotl,net.minecraft.world.entity.animal.chicken,net.minecraft.world.entity.animal.cow,net.minecraft.world.entity.animal.equine,net.minecraft.world.entity.animal.feline,net.minecraft.world.entity.animal.fish,net.minecraft.world.entity.animal.fox,net.minecraft.world.entity.animal.frog,net.minecraft.world.entity.animal.nautilus,net.minecraft.world.entity.animal.parrot,net.minecraft.world.entity.animal.pig,net.minecraft.world.entity.animal.rabbit,net.minecraft.world.entity.animal.wolf,net.minecraft.world.entity.decoration.painting,net.minecraft.world.entity.npc.villager,net.minecraft.world.food,net.minecraft.world.item,net.minecraft.world.item.alchemy,net.minecraft.world.item.component,net.minecraft.world.item.crafting,net.minecraft.world.item.enchantment,net.minecraft.world.item.equipment,net.minecraft.world.item.equipment.trim,net.minecraft.world.level.block.entity,net.minecraft.world.level.saveddata.maps	pending	0	
mc.core.component.predicates	net.minecraft.core.component.predicates	net/minecraft/core/component/predicates/AnyValue.java,net/minecraft/core/component/predicates/AttributeModifiersPredicate.java,net/minecraft/core/component/predicates/BundlePredicate.java,net/minecraft/core/component/predicates/ContainerPredicate.java,net/minecraft/core/component/predicates/CustomDataPredicate.java,net/minecraft/core/component/predicates/DamagePredicate.java,net/minecraft/core/component/predicates/DataComponentPredicate.java,net/minecraft/core/component/predicates/DataComponentPredicates.java,net/minecraft/core/component/predicates/EnchantmentsPredicate.java,net/minecraft/core/component/predicates/FireworkExplosionPredicate.java,net/minecraft/core/component/predicates/FireworksPredicate.java,net/minecraft/core/component/predicates/JukeboxPlayablePredicate.java,net/minecraft/core/component/predicates/PotionsPredicate.java,net/minecraft/core/component/predicates/TrimPredicate.java,net/minecraft/core/component/predicates/VillagerTypePredicate.java,net/minecraft/core/component/predicates/WritableBookPredicate.java,net/minecraft/core/component/predicates/WrittenBookPredicate.java,net/minecraft/core/component/predicates/package-info.java	minecraft	18	776	rivet-registry	3	27	yes	com.mojang.datafixers.util,com.mojang.serialization,net.minecraft.advancements.predicates,net.minecraft.core,net.minecraft.core.component,net.minecraft.core.registries,net.minecraft.network,net.minecraft.network.chat,net.minecraft.network.codec,net.minecraft.resources,net.minecraft.server.network,net.minecraft.world.entity,net.minecraft.world.entity.ai.attributes,net.minecraft.world.entity.npc.villager,net.minecraft.world.item,net.minecraft.world.item.alchemy,net.minecraft.world.item.component,net.minecraft.world.item.enchantment,net.minecraft.world.item.equipment.trim	pending	0	
mc.core.dispenser	net.minecraft.core.dispenser	net/minecraft/core/dispenser/BlockSource.java,net/minecraft/core/dispenser/BoatDispenseItemBehavior.java,net/minecraft/core/dispenser/DefaultDispenseItemBehavior.java,net/minecraft/core/dispenser/DispenseItemBehavior.java,net/minecraft/core/dispenser/EquipmentDispenseItemBehavior.java,net/minecraft/core/dispenser/FlintAndSteelDispenseItemBehavior.java,net/minecraft/core/dispenser/MinecartDispenseItemBehavior.java,net/minecraft/core/dispenser/OptionalDispenseItemBehavior.java,net/minecraft/core/dispenser/ProjectileDispenseBehavior.java,net/minecraft/core/dispenser/ShearsDispenseItemBehavior.java,net/minecraft/core/dispenser/ShulkerBoxDispenseBehavior.java,net/minecraft/core/dispenser/SpawnEggItemBehavior.java,net/minecraft/core/dispenser/SulfurCubeBlockDispenseItemBehavior.java,net/minecraft/core/dispenser/package-info.java	minecraft	14	1459	rivet-registry	3	27	yes	net.minecraft.core,net.minecraft.core.component,net.minecraft.core.particles,net.minecraft.server.level,net.minecraft.sounds,net.minecraft.tags,net.minecraft.util,net.minecraft.world.entity,net.minecraft.world.entity.animal.armadillo,net.minecraft.world.entity.animal.equine,net.minecraft.world.entity.decoration,net.minecraft.world.entity.item,net.minecraft.world.entity.monster.cubemob,net.minecraft.world.entity.projectile,net.minecraft.world.entity.vehicle.boat,net.minecraft.world.entity.vehicle.minecart,net.minecraft.world.item,net.minecraft.world.item.alchemy,net.minecraft.world.item.context,net.minecraft.world.level,net.minecraft.world.level.block,net.minecraft.world.level.block.entity,net.minecraft.world.level.block.state,net.minecraft.world.level.block.state.properties,net.minecraft.world.level.gameevent,net.minecraft.world.level.gamerules,net.minecraft.world.phys	pending	0	
mc.core.particles	net.minecraft.core.particles	net/minecraft/core/particles/BlockParticleOption.java,net/minecraft/core/particles/ColorParticleOption.java,net/minecraft/core/particles/DustColorTransitionOptions.java,net/minecraft/core/particles/DustParticleOptions.java,net/minecraft/core/particles/ExplosionParticleInfo.java,net/minecraft/core/particles/GeyserBaseParticleOptions.java,net/minecraft/core/particles/GeyserParticleOptions.java,net/minecraft/core/particles/ItemParticleOption.java,net/minecraft/core/particles/ParticleLimit.java,net/minecraft/core/particles/ParticleOptions.java,net/minecraft/core/particles/ParticleType.java,net/minecraft/core/particles/ParticleTypes.java,net/minecraft/core/particles/PowerParticleOption.java,net/minecraft/core/particles/ScalableParticleOptionsBase.java,net/minecraft/core/particles/SculkChargeParticleOptions.java,net/minecraft/core/particles/ShriekParticleOption.java,net/minecraft/core/particles/SimpleParticleType.java,net/minecraft/core/particles/SpellParticleOption.java,net/minecraft/core/particles/TrailParticleOption.java,net/minecraft/core/particles/VibrationParticleOption.java,net/minecraft/core/particles/package-info.java	minecraft	21	845	rivet-registry	3	27	yes	com.mojang.serialization,net.minecraft.core,net.minecraft.core.registries,net.minecraft.network,net.minecraft.network.codec,net.minecraft.util,net.minecraft.world.item,net.minecraft.world.level.block,net.minecraft.world.level.block.state,net.minecraft.world.level.gameevent,net.minecraft.world.phys	pending	0	
mc.core.registries	net.minecraft.core.registries	net/minecraft/core/registries/BuiltInRegistries.java,net/minecraft/core/registries/ConcurrentHolderGetter.java,net/minecraft/core/registries/Registries.java,net/minecraft/core/registries/package-info.java	minecraft	4	861	rivet-registry	3	27	yes	com.mojang.serialization,net.minecraft.advancements,net.minecraft.advancements.predicates.entity,net.minecraft.advancements.triggers,net.minecraft.commands.synchronization,net.minecraft.core,net.minecraft.core.component,net.minecraft.core.component.predicates,net.minecraft.core.particles,net.minecraft.gametest.framework,net.minecraft.network.chat,net.minecraft.network.chat.numbers,net.minecraft.resources,net.minecraft.server,net.minecraft.server.dialog,net.minecraft.server.dialog.action,net.minecraft.server.dialog.body,net.minecraft.server.dialog.input,net.minecraft.server.jsonrpc,net.minecraft.server.level,net.minecraft.server.permissions,net.minecraft.sounds,net.minecraft.stats,net.minecraft.tags,net.minecraft.util,net.minecraft.util.debug,net.minecraft.util.valueproviders,net.minecraft.world.attribute,net.minecraft.world.clock,net.minecraft.world.damagesource,net.minecraft.world.effect,net.minecraft.world.entity,net.minecraft.world.entity.ai.attributes,net.minecraft.world.entity.ai.memory,net.minecraft.world.entity.ai.sensing,net.minecraft.world.entity.ai.village.poi,net.minecraft.world.entity.animal.chicken,net.minecraft.world.entity.animal.cow,net.minecraft.world.entity.animal.feline,net.minecraft.world.entity.animal.frog,net.minecraft.world.entity.animal.nautilus,net.minecraft.world.entity.animal.pig,net.minecraft.world.entity.animal.wolf,net.minecraft.world.entity.decoration.painting,net.minecraft.world.entity.npc.villager,net.minecraft.world.entity.schedule,net.minecraft.world.entity.variant,net.minecraft.world.inventory,net.minecraft.world.item,net.minecraft.world.item.alchemy,net.minecraft.world.item.consume_effects,net.minecraft.world.item.crafting,net.minecraft.world.item.crafting.display,net.minecraft.world.item.enchantment,net.minecraft.world.item.enchantment.effects,net.minecraft.world.item.enchantment.providers,net.minecraft.world.item.equipment.trim,net.minecraft.world.item.slot,net.minecraft.world.item.trading,net.minecraft.world.level,net.minecraft.world.level.biome,net.minecraft.world.level.block,net.minecraft.world.level.block.entity,net.minecraft.world.level.block.entity.trialspawner,net.minecraft.world.level.chunk,net.minecraft.world.level.chunk.status,net.minecraft.world.level.dimension,net.minecraft.world.level.gameevent,net.minecraft.world.level.gamerules,net.minecraft.world.level.levelgen,net.minecraft.world.level.levelgen.blockpredicates,net.minecraft.world.level.levelgen.carver,net.minecraft.world.level.levelgen.feature,net.minecraft.world.level.levelgen.feature.featuresize,net.minecraft.world.level.levelgen.feature.foliageplacers,net.minecraft.world.level.levelgen.feature.rootplacers,net.minecraft.world.level.levelgen.feature.stateproviders,net.minecraft.world.level.levelgen.feature.treedecorators,net.minecraft.world.level.levelgen.feature.trunkplacers,net.minecraft.world.level.levelgen.flat,net.minecraft.world.level.levelgen.heightproviders,net.minecraft.world.level.levelgen.placement,net.minecraft.world.level.levelgen.presets,net.minecraft.world.level.levelgen.structure,net.minecraft.world.level.levelgen.structure.pieces,net.minecraft.world.level.levelgen.structure.placement,net.minecraft.world.level.levelgen.structure.pools,net.minecraft.world.level.levelgen.structure.pools.alias,net.minecraft.world.level.levelgen.structure.templatesystem,net.minecraft.world.level.levelgen.structure.templatesystem.rule.blockentity,net.minecraft.world.level.levelgen.synth,net.minecraft.world.level.material,net.minecraft.world.level.saveddata.maps,net.minecraft.world.level.storage.loot,net.minecraft.world.level.storage.loot.entries,net.minecraft.world.level.storage.loot.functions,net.minecraft.world.level.storage.loot.predicates,net.minecraft.world.level.storage.loot.providers.nbt,net.minecraft.world.level.storage.loot.providers.number,net.minecraft.world.level.storage.loot.providers.score,net.minecraft.world.timeline	pending	0	
mc.data	net.minecraft.data	net/minecraft/data/AtlasIds.java,net/minecraft/data/BlockFamilies.java,net/minecraft/data/BlockFamily.java,net/minecraft/data/CachedOutput.java,net/minecraft/data/DataGenerator.java,net/minecraft/data/DataProvider.java,net/minecraft/data/HashCache.java,net/minecraft/data/Main.java,net/minecraft/data/PackOutput.java,net/minecraft/data/package-info.java	minecraft	10	1624	rivet-registry	3	27	yes	com.mojang.serialization,net.minecraft,net.minecraft.core,net.minecraft.core.registries,net.minecraft.data.advancements.packs,net.minecraft.data.info,net.minecraft.data.loot.packs,net.minecraft.data.metadata,net.minecraft.data.recipes.packs,net.minecraft.data.registries,net.minecraft.data.structures,net.minecraft.data.tags,net.minecraft.network.chat,net.minecraft.resources,net.minecraft.server,net.minecraft.server.jsonrpc.dataprovider,net.minecraft.util,net.minecraft.world.flag,net.minecraft.world.item,net.minecraft.world.level.biome,net.minecraft.world.level.block,net.minecraft.world.level.block.entity,net.minecraft.world.level.levelgen.structure	pending	0	
mc.data.advancements	net.minecraft.data.advancements	net/minecraft/data/advancements/AdvancementProvider.java,net/minecraft/data/advancements/AdvancementSubProvider.java,net/minecraft/data/advancements/package-info.java	minecraft	3	77	rivet-registry	3	27	yes	net.minecraft.advancements,net.minecraft.core,net.minecraft.core.registries,net.minecraft.data,net.minecraft.resources	pending	0	
mc.data.advancements.packs	net.minecraft.data.advancements.packs	net/minecraft/data/advancements/packs/VanillaAdvancementProvider.java,net/minecraft/data/advancements/packs/VanillaAdventureAdvancements.java,net/minecraft/data/advancements/packs/VanillaHusbandryAdvancements.java,net/minecraft/data/advancements/packs/VanillaNetherAdvancements.java,net/minecraft/data/advancements/packs/VanillaStoryAdvancements.java,net/minecraft/data/advancements/packs/VanillaTheEndAdvancements.java,net/minecraft/data/advancements/packs/package-info.java	minecraft	7	3207	rivet-registry	3	27	yes	com.mojang.datafixers.util,net.minecraft.advancements,net.minecraft.advancements.predicates,net.minecraft.advancements.predicates.entity,net.minecraft.advancements.triggers,net.minecraft.core,net.minecraft.core.component,net.minecraft.core.component.predicates,net.minecraft.core.registries,net.minecraft.data,net.minecraft.data.advancements,net.minecraft.data.recipes.packs,net.minecraft.network.chat,net.minecraft.resources,net.minecraft.tags,net.minecraft.world.effect,net.minecraft.world.entity,net.minecraft.world.entity.animal.feline,net.minecraft.world.entity.animal.frog,net.minecraft.world.entity.animal.wolf,net.minecraft.world.entity.monster.piglin,net.minecraft.world.entity.raid,net.minecraft.world.item,net.minecraft.world.item.crafting,net.minecraft.world.item.enchantment,net.minecraft.world.level,net.minecraft.world.level.biome,net.minecraft.world.level.block,net.minecraft.world.level.block.entity,net.minecraft.world.level.block.state.properties,net.minecraft.world.level.levelgen.structure,net.minecraft.world.level.storage.loot,net.minecraft.world.level.storage.loot.predicates	pending	0	
mc.data.info	net.minecraft.data.info	net/minecraft/data/info/BiomeParametersDumpReport.java,net/minecraft/data/info/BlockListReport.java,net/minecraft/data/info/CommandsReport.java,net/minecraft/data/info/DatapackStructureReport.java,net/minecraft/data/info/PacketReport.java,net/minecraft/data/info/RegistryComponentsReport.java,net/minecraft/data/info/RegistryDumpReport.java,net/minecraft/data/info/package-info.java	minecraft	8	549	rivet-registry	3	27	yes	com.mojang.brigadier,com.mojang.serialization,net.minecraft.commands,net.minecraft.commands.synchronization,net.minecraft.core,net.minecraft.core.component,net.minecraft.core.registries,net.minecraft.data,net.minecraft.network,net.minecraft.network.protocol.configuration,net.minecraft.network.protocol.game,net.minecraft.network.protocol.handshake,net.minecraft.network.protocol.login,net.minecraft.network.protocol.status,net.minecraft.resources,net.minecraft.util,net.minecraft.world.level.biome,net.minecraft.world.level.block,net.minecraft.world.level.block.state,net.minecraft.world.level.block.state.properties	pending	0	
mc.data.loot	net.minecraft.data.loot	net/minecraft/data/loot/BlockLootSubProvider.java,net/minecraft/data/loot/EntityLootSubProvider.java,net/minecraft/data/loot/LootTableProvider.java,net/minecraft/data/loot/LootTableSubProvider.java,net/minecraft/data/loot/package-info.java	minecraft	5	1125	rivet-registry	3	27	yes	com.mojang.serialization,net.minecraft.advancements.predicates,net.minecraft.advancements.predicates.entity,net.minecraft.core,net.minecraft.core.component,net.minecraft.core.component.predicates,net.minecraft.core.registries,net.minecraft.data,net.minecraft.resources,net.minecraft.tags,net.minecraft.util,net.minecraft.util.context,net.minecraft.world,net.minecraft.world.entity,net.minecraft.world.entity.animal.frog,net.minecraft.world.flag,net.minecraft.world.item,net.minecraft.world.item.enchantment,net.minecraft.world.level,net.minecraft.world.level.block,net.minecraft.world.level.block.state.properties,net.minecraft.world.level.levelgen,net.minecraft.world.level.storage.loot,net.minecraft.world.level.storage.loot.entries,net.minecraft.world.level.storage.loot.functions,net.minecraft.world.level.storage.loot.parameters,net.minecraft.world.level.storage.loot.predicates,net.minecraft.world.level.storage.loot.providers.number	pending	0	
mc.data.loot.packs	net.minecraft.data.loot.packs	net/minecraft/data/loot/packs/TradeRebalanceChestLoot.java,net/minecraft/data/loot/packs/TradeRebalanceLootTableProvider.java,net/minecraft/data/loot/packs/VanillaArchaeologyLoot.java,net/minecraft/data/loot/packs/VanillaBlockInteractLoot.java,net/minecraft/data/loot/packs/VanillaBlockLoot.java,net/minecraft/data/loot/packs/VanillaChargedCreeperExplosionLoot.java,net/minecraft/data/loot/packs/VanillaChestLoot.java,net/minecraft/data/loot/packs/VanillaEntityInteractLoot.java,net/minecraft/data/loot/packs/VanillaEntityLoot.java,net/minecraft/data/loot/packs/VanillaEquipmentLoot.java,net/minecraft/data/loot/packs/VanillaFishingLoot.java,net/minecraft/data/loot/packs/VanillaGiftLoot.java,net/minecraft/data/loot/packs/VanillaLootTableProvider.java,net/minecraft/data/loot/packs/VanillaPiglinBarterLoot.java,net/minecraft/data/loot/packs/VanillaShearingLoot.java,net/minecraft/data/loot/packs/package-info.java	minecraft	16	6584	rivet-registry	3	27	yes	net.minecraft.advancements.predicates,net.minecraft.advancements.predicates.entity,net.minecraft.core,net.minecraft.core.component,net.minecraft.core.registries,net.minecraft.data,net.minecraft.data.loot,net.minecraft.network.chat,net.minecraft.resources,net.minecraft.tags,net.minecraft.world.effect,net.minecraft.world.entity,net.minecraft.world.entity.animal.chicken,net.minecraft.world.entity.animal.cow,net.minecraft.world.entity.animal.frog,net.minecraft.world.flag,net.minecraft.world.item,net.minecraft.world.item.alchemy,net.minecraft.world.item.enchantment,net.minecraft.world.item.equipment.trim,net.minecraft.world.level,net.minecraft.world.level.biome,net.minecraft.world.level.block,net.minecraft.world.level.block.state.properties,net.minecraft.world.level.saveddata.maps,net.minecraft.world.level.storage.loot,net.minecraft.world.level.storage.loot.entries,net.minecraft.world.level.storage.loot.functions,net.minecraft.world.level.storage.loot.parameters,net.minecraft.world.level.storage.loot.predicates,net.minecraft.world.level.storage.loot.providers.number	pending	0	
mc.data.metadata	net.minecraft.data.metadata	net/minecraft/data/metadata/PackMetadataGenerator.java,net/minecraft/data/metadata/package-info.java	minecraft	2	58	rivet-registry	3	27	yes	com.mojang.serialization,net.minecraft,net.minecraft.data,net.minecraft.network.chat,net.minecraft.server.packs,net.minecraft.server.packs.metadata,net.minecraft.server.packs.metadata.pack,net.minecraft.world.flag	pending	0	
mc.data.recipes	net.minecraft.data.recipes	net/minecraft/data/recipes/CustomCraftingRecipeBuilder.java,net/minecraft/data/recipes/RecipeBuilder.java,net/minecraft/data/recipes/RecipeCategory.java,net/minecraft/data/recipes/RecipeOutput.java,net/minecraft/data/recipes/RecipeProvider.java,net/minecraft/data/recipes/RecipeUnlockAdvancementBuilder.java,net/minecraft/data/recipes/ShapedRecipeBuilder.java,net/minecraft/data/recipes/ShapelessRecipeBuilder.java,net/minecraft/data/recipes/SimpleCookingRecipeBuilder.java,net/minecraft/data/recipes/SingleItemRecipeBuilder.java,net/minecraft/data/recipes/SmithingTransformRecipeBuilder.java,net/minecraft/data/recipes/SmithingTrimRecipeBuilder.java,net/minecraft/data/recipes/SpecialRecipeBuilder.java,net/minecraft/data/recipes/TransmuteRecipeBuilder.java,net/minecraft/data/recipes/package-info.java	minecraft	15	1767	rivet-registry	3	27	yes	com.mojang.datafixers.util,net.minecraft.advancements,net.minecraft.advancements.predicates,net.minecraft.advancements.triggers,net.minecraft.core,net.minecraft.core.component,net.minecraft.core.registries,net.minecraft.data,net.minecraft.resources,net.minecraft.tags,net.minecraft.world.flag,net.minecraft.world.item,net.minecraft.world.item.crafting,net.minecraft.world.item.equipment.trim,net.minecraft.world.level,net.minecraft.world.level.block	pending	0	
mc.data.recipes.packs	net.minecraft.data.recipes.packs	net/minecraft/data/recipes/packs/VanillaRecipeProvider.java,net/minecraft/data/recipes/packs/package-info.java	minecraft	2	2673	rivet-registry	3	27	yes	com.mojang.datafixers.util,net.minecraft.advancements.predicates,net.minecraft.advancements.triggers,net.minecraft.core,net.minecraft.core.registries,net.minecraft.data,net.minecraft.data.recipes,net.minecraft.resources,net.minecraft.tags,net.minecraft.world.flag,net.minecraft.world.item,net.minecraft.world.item.component,net.minecraft.world.item.crafting,net.minecraft.world.item.equipment.trim,net.minecraft.world.level,net.minecraft.world.level.block	pending	0	
mc.data.registries	net.minecraft.data.registries	net/minecraft/data/registries/RegistriesDatapackGenerator.java,net/minecraft/data/registries/RegistryPatchGenerator.java,net/minecraft/data/registries/TradeRebalanceRegistries.java,net/minecraft/data/registries/VanillaRegistries.java,net/minecraft/data/registries/package-info.java	minecraft	5	278	rivet-registry	3	27	yes	com.mojang.datafixers,com.mojang.serialization,net.minecraft.core,net.minecraft.core.registries,net.minecraft.data,net.minecraft.data.worldgen,net.minecraft.data.worldgen.biome,net.minecraft.data.worldgen.features,net.minecraft.data.worldgen.placement,net.minecraft.gametest.framework,net.minecraft.network.chat,net.minecraft.resources,net.minecraft.server.dialog,net.minecraft.util,net.minecraft.world.clock,net.minecraft.world.damagesource,net.minecraft.world.entity,net.minecraft.world.entity.animal.chicken,net.minecraft.world.entity.animal.cow,net.minecraft.world.entity.animal.feline,net.minecraft.world.entity.animal.frog,net.minecraft.world.entity.animal.nautilus,net.minecraft.world.entity.animal.pig,net.minecraft.world.entity.animal.wolf,net.minecraft.world.entity.decoration.painting,net.minecraft.world.item,net.minecraft.world.item.enchantment,net.minecraft.world.item.enchantment.providers,net.minecraft.world.item.equipment.trim,net.minecraft.world.item.trading,net.minecraft.world.level.biome,net.minecraft.world.level.block.entity,net.minecraft.world.level.block.entity.trialspawner,net.minecraft.world.level.levelgen,net.minecraft.world.level.levelgen.flat,net.minecraft.world.level.levelgen.placement,net.minecraft.world.level.levelgen.presets,net.minecraft.world.timeline	pending	0	
mc.data.structures	net.minecraft.data.structures	net/minecraft/data/structures/NbtToSnbt.java,net/minecraft/data/structures/SnbtDatafixer.java,net/minecraft/data/structures/SnbtToNbt.java,net/minecraft/data/structures/StructureUpdater.java,net/minecraft/data/structures/package-info.java	minecraft	5	306	rivet-registry	3	27	yes	com.mojang.brigadier.exceptions,net.minecraft,net.minecraft.core.registries,net.minecraft.data,net.minecraft.nbt,net.minecraft.server,net.minecraft.server.packs,net.minecraft.util,net.minecraft.util.datafix,net.minecraft.world.level.levelgen.structure.templatesystem	pending	0	
mc.data.tags	net.minecraft.data.tags	net/minecraft/data/tags/BannerPatternTagsProvider.java,net/minecraft/data/tags/BiomeTagsProvider.java,net/minecraft/data/tags/BlockItemTagAppender.java,net/minecraft/data/tags/BlockItemTagsProvider.java,net/minecraft/data/tags/DamageTypeTagsProvider.java,net/minecraft/data/tags/DialogTagsProvider.java,net/minecraft/data/tags/EnchantmentTagsProvider.java,net/minecraft/data/tags/EntityTypeTagsProvider.java,net/minecraft/data/tags/FeatureTagsProvider.java,net/minecraft/data/tags/FlatLevelGeneratorPresetTagsProvider.java,net/minecraft/data/tags/FluidTagsProvider.java,net/minecraft/data/tags/GameEventTagsProvider.java,net/minecraft/data/tags/InstrumentTagsProvider.java,net/minecraft/data/tags/PaintingVariantTagsProvider.java,net/minecraft/data/tags/PoiTypeTagsProvider.java,net/minecraft/data/tags/PotionTagsProvider.java,net/minecraft/data/tags/StructureTagsProvider.java,net/minecraft/data/tags/TagAppender.java,net/minecraft/data/tags/TagsProvider.java,net/minecraft/data/tags/TimelineTagsProvider.java,net/minecraft/data/tags/TradeRebalanceEnchantmentTagsProvider.java,net/minecraft/data/tags/TradeRebalanceTradeTagsProvider.java,net/minecraft/data/tags/VanillaBlockItemTagsProvider.java,net/minecraft/data/tags/VanillaBlockTagsProvider.java,net/minecraft/data/tags/VanillaEnchantmentTagsProvider.java,net/minecraft/data/tags/VanillaItemTagsProvider.java,net/minecraft/data/tags/VillagerTradesTagsProvider.java,net/minecraft/data/tags/WorldPresetTagsProvider.java,net/minecraft/data/tags/package-info.java	minecraft	29	4778	rivet-registry	3	27	yes	net.minecraft.core,net.minecraft.core.registries,net.minecraft.data,net.minecraft.data.worldgen.features,net.minecraft.references,net.minecraft.resources,net.minecraft.server.dialog,net.minecraft.tags,net.minecraft.util,net.minecraft.world.damagesource,net.minecraft.world.entity,net.minecraft.world.entity.ai.village.poi,net.minecraft.world.entity.decoration.painting,net.minecraft.world.item,net.minecraft.world.item.alchemy,net.minecraft.world.item.enchantment,net.minecraft.world.item.trading,net.minecraft.world.level.biome,net.minecraft.world.level.block,net.minecraft.world.level.block.entity,net.minecraft.world.level.gameevent,net.minecraft.world.level.gameevent.vibrations,net.minecraft.world.level.levelgen.feature,net.minecraft.world.level.levelgen.flat,net.minecraft.world.level.levelgen.presets,net.minecraft.world.level.levelgen.structure,net.minecraft.world.level.material,net.minecraft.world.timeline	pending	0	
mc.data.worldgen	net.minecraft.data.worldgen	net/minecraft/data/worldgen/AncientCityStructurePieces.java,net/minecraft/data/worldgen/AncientCityStructurePools.java,net/minecraft/data/worldgen/BastionBridgePools.java,net/minecraft/data/worldgen/BastionHoglinStablePools.java,net/minecraft/data/worldgen/BastionHousingUnitsPools.java,net/minecraft/data/worldgen/BastionPieces.java,net/minecraft/data/worldgen/BastionSharedPools.java,net/minecraft/data/worldgen/BastionTreasureRoomPools.java,net/minecraft/data/worldgen/BiomeDefaultFeatures.java,net/minecraft/data/worldgen/BootstrapContext.java,net/minecraft/data/worldgen/Carvers.java,net/minecraft/data/worldgen/DesertVillagePools.java,net/minecraft/data/worldgen/DimensionTypes.java,net/minecraft/data/worldgen/NoiseData.java,net/minecraft/data/worldgen/PillagerOutpostPools.java,net/minecraft/data/worldgen/PlainVillagePools.java,net/minecraft/data/worldgen/Pools.java,net/minecraft/data/worldgen/ProcessorLists.java,net/minecraft/data/worldgen/SavannaVillagePools.java,net/minecraft/data/worldgen/SnowyVillagePools.java,net/minecraft/data/worldgen/StructureSets.java,net/minecraft/data/worldgen/Structures.java,net/minecraft/data/worldgen/SurfaceRuleData.java,net/minecraft/data/worldgen/TaigaVillagePools.java,net/minecraft/data/worldgen/TerrainProvider.java,net/minecraft/data/worldgen/TrailRuinsStructurePools.java,net/minecraft/data/worldgen/TrialChambersStructurePools.java,net/minecraft/data/worldgen/VillagePools.java,net/minecraft/data/worldgen/package-info.java	minecraft	29	6359	rivet-registry	3	27	yes	com.mojang.datafixers.util,com.mojang.serialization,net.minecraft.core,net.minecraft.core.particles,net.minecraft.core.registries,net.minecraft.data.worldgen.biome,net.minecraft.data.worldgen.placement,net.minecraft.resources,net.minecraft.sounds,net.minecraft.tags,net.minecraft.util,net.minecraft.util.random,net.minecraft.util.valueproviders,net.minecraft.world.attribute,net.minecraft.world.clock,net.minecraft.world.entity,net.minecraft.world.level,net.minecraft.world.level.biome,net.minecraft.world.level.block,net.minecraft.world.level.dimension,net.minecraft.world.level.levelgen,net.minecraft.world.level.levelgen.carver,net.minecraft.world.level.levelgen.heightproviders,net.minecraft.world.level.levelgen.placement,net.minecraft.world.level.levelgen.structure,net.minecraft.world.level.levelgen.structure.placement,net.minecraft.world.level.levelgen.structure.pools,net.minecraft.world.level.levelgen.structure.pools.alias,net.minecraft.world.level.levelgen.structure.structures,net.minecraft.world.level.levelgen.structure.templatesystem,net.minecraft.world.level.levelgen.structure.templatesystem.rule.blockentity,net.minecraft.world.level.levelgen.synth,net.minecraft.world.level.storage.loot,net.minecraft.world.timeline	pending	0	
mc.data.worldgen.biome	net.minecraft.data.worldgen.biome	net/minecraft/data/worldgen/biome/BiomeData.java,net/minecraft/data/worldgen/biome/EndBiomes.java,net/minecraft/data/worldgen/biome/NetherBiomes.java,net/minecraft/data/worldgen/biome/OverworldBiomes.java,net/minecraft/data/worldgen/biome/package-info.java	minecraft	5	1364	rivet-registry	3	27	yes	net.minecraft.core,net.minecraft.core.particles,net.minecraft.core.registries,net.minecraft.data.worldgen,net.minecraft.data.worldgen.placement,net.minecraft.sounds,net.minecraft.util,net.minecraft.world.attribute,net.minecraft.world.attribute.modifier,net.minecraft.world.entity,net.minecraft.world.level.biome,net.minecraft.world.level.levelgen,net.minecraft.world.level.levelgen.carver,net.minecraft.world.level.levelgen.placement	pending	0	
mc.data.worldgen.features	net.minecraft.data.worldgen.features	net/minecraft/data/worldgen/features/AquaticFeatures.java,net/minecraft/data/worldgen/features/CaveFeatures.java,net/minecraft/data/worldgen/features/EndFeatures.java,net/minecraft/data/worldgen/features/FeatureUtils.java,net/minecraft/data/worldgen/features/MiscOverworldFeatures.java,net/minecraft/data/worldgen/features/NetherFeatures.java,net/minecraft/data/worldgen/features/OreFeatures.java,net/minecraft/data/worldgen/features/PileFeatures.java,net/minecraft/data/worldgen/features/TreeFeatures.java,net/minecraft/data/worldgen/features/VegetationFeatures.java,net/minecraft/data/worldgen/features/package-info.java	minecraft	11	2840	rivet-registry	3	27	yes	net.minecraft.core,net.minecraft.core.registries,net.minecraft.data.worldgen,net.minecraft.data.worldgen.placement,net.minecraft.resources,net.minecraft.server.level,net.minecraft.tags,net.minecraft.util,net.minecraft.util.random,net.minecraft.util.valueproviders,net.minecraft.world.level.biome,net.minecraft.world.level.block,net.minecraft.world.level.block.state,net.minecraft.world.level.block.state.properties,net.minecraft.world.level.levelgen,net.minecraft.world.level.levelgen.blockpredicates,net.minecraft.world.level.levelgen.feature,net.minecraft.world.level.levelgen.feature.configurations,net.minecraft.world.level.levelgen.feature.featuresize,net.minecraft.world.level.levelgen.feature.foliageplacers,net.minecraft.world.level.levelgen.feature.rootplacers,net.minecraft.world.level.levelgen.feature.stateproviders,net.minecraft.world.level.levelgen.feature.treedecorators,net.minecraft.world.level.levelgen.feature.trunkplacers,net.minecraft.world.level.levelgen.placement,net.minecraft.world.level.levelgen.structure.templatesystem,net.minecraft.world.level.levelgen.synth,net.minecraft.world.level.material	pending	0	
mc.data.worldgen.placement	net.minecraft.data.worldgen.placement	net/minecraft/data/worldgen/placement/AquaticPlacements.java,net/minecraft/data/worldgen/placement/CavePlacements.java,net/minecraft/data/worldgen/placement/EndPlacements.java,net/minecraft/data/worldgen/placement/MiscOverworldPlacements.java,net/minecraft/data/worldgen/placement/NetherPlacements.java,net/minecraft/data/worldgen/placement/OrePlacements.java,net/minecraft/data/worldgen/placement/PlacementUtils.java,net/minecraft/data/worldgen/placement/TreePlacements.java,net/minecraft/data/worldgen/placement/VegetationPlacements.java,net/minecraft/data/worldgen/placement/VillagePlacements.java,net/minecraft/data/worldgen/placement/package-info.java	minecraft	11	2414	rivet-registry	3	27	yes	net.minecraft.core,net.minecraft.core.registries,net.minecraft.data.worldgen,net.minecraft.data.worldgen.features,net.minecraft.resources,net.minecraft.server.level,net.minecraft.util,net.minecraft.util.random,net.minecraft.util.valueproviders,net.minecraft.world.level.block,net.minecraft.world.level.levelgen,net.minecraft.world.level.levelgen.blockpredicates,net.minecraft.world.level.levelgen.feature,net.minecraft.world.level.levelgen.feature.configurations,net.minecraft.world.level.levelgen.heightproviders,net.minecraft.world.level.levelgen.placement,net.minecraft.world.level.material	pending	0	
mc.gametest.framework	net.minecraft.gametest.framework	net/minecraft/gametest/framework/BlockBasedTestInstance.java,net/minecraft/gametest/framework/BuiltinTestFunctions.java,net/minecraft/gametest/framework/ExhaustedAttemptsException.java,net/minecraft/gametest/framework/FailedTestTracker.java,net/minecraft/gametest/framework/FunctionGameTestInstance.java,net/minecraft/gametest/framework/GameTestAssertException.java,net/minecraft/gametest/framework/GameTestAssertPosException.java,net/minecraft/gametest/framework/GameTestBatch.java,net/minecraft/gametest/framework/GameTestBatchFactory.java,net/minecraft/gametest/framework/GameTestBatchListener.java,net/minecraft/gametest/framework/GameTestEntityBuilder.java,net/minecraft/gametest/framework/GameTestEnvironments.java,net/minecraft/gametest/framework/GameTestEvent.java,net/minecraft/gametest/framework/GameTestException.java,net/minecraft/gametest/framework/GameTestHelper.java,net/minecraft/gametest/framework/GameTestInfo.java,net/minecraft/gametest/framework/GameTestInstance.java,net/minecraft/gametest/framework/GameTestInstances.java,net/minecraft/gametest/framework/GameTestListener.java,net/minecraft/gametest/framework/GameTestMainUtil.java,net/minecraft/gametest/framework/GameTestMobBuilder.java,net/minecraft/gametest/framework/GameTestRunner.java,net/minecraft/gametest/framework/GameTestSequence.java,net/minecraft/gametest/framework/GameTestServer.java,net/minecraft/gametest/framework/GameTestTicker.java,net/minecraft/gametest/framework/GameTestTimeoutException.java,net/minecraft/gametest/framework/GeneratedTest.java,net/minecraft/gametest/framework/GlobalTestReporter.java,net/minecraft/gametest/framework/JUnitLikeTestReporter.java,net/minecraft/gametest/framework/LogTestReporter.java,net/minecraft/gametest/framework/MultipleTestTracker.java,net/minecraft/gametest/framework/ReportGameListener.java,net/minecraft/gametest/framework/RetryOptions.java,net/minecraft/gametest/framework/StructureGridSpawner.java,net/minecraft/gametest/framework/StructureUtils.java,net/minecraft/gametest/framework/TestCommand.java,net/minecraft/gametest/framework/TestData.java,net/minecraft/gametest/framework/TestEnvironmentDefinition.java,net/minecraft/gametest/framework/TestFinder.java,net/minecraft/gametest/framework/TestFunctionLoader.java,net/minecraft/gametest/framework/TestInstanceFinder.java,net/minecraft/gametest/framework/TestPosFinder.java,net/minecraft/gametest/framework/TestReporter.java,net/minecraft/gametest/framework/UnknownGameTestException.java,net/minecraft/gametest/framework/package-info.java	minecraft	45	5185	rivet-oracle	3	27	yes	com.mojang.brigadier,com.mojang.brigadier.builder,com.mojang.brigadier.exceptions,com.mojang.brigadier.suggestion,com.mojang.datafixers.util,com.mojang.serialization,net.minecraft,net.minecraft.commands,net.minecraft.commands.arguments,net.minecraft.commands.arguments.blocks,net.minecraft.commands.functions,net.minecraft.core,net.minecraft.core.component,net.minecraft.core.registries,net.minecraft.data.worldgen,net.minecraft.gizmos,net.minecraft.network,net.minecraft.network.chat,net.minecraft.network.protocol,net.minecraft.network.protocol.game,net.minecraft.resources,net.minecraft.server,net.minecraft.server.commands,net.minecraft.server.level,net.minecraft.server.level.progress,net.minecraft.server.network,net.minecraft.server.notifications,net.minecraft.server.packs.repository,net.minecraft.server.permissions,net.minecraft.server.players,net.minecraft.tags,net.minecraft.util,net.minecraft.util.datafix,net.minecraft.util.debugchart,net.minecraft.world,net.minecraft.world.attribute,net.minecraft.world.clock,net.minecraft.world.damagesource,net.minecraft.world.effect,net.minecraft.world.entity,net.minecraft.world.entity.ai.village.poi,net.minecraft.world.entity.item,net.minecraft.world.entity.npc,net.minecraft.world.entity.player,net.minecraft.world.flag,net.minecraft.world.item,net.minecraft.world.item.alchemy,net.minecraft.world.item.context,net.minecraft.world.level,net.minecraft.world.level.biome,net.minecraft.world.level.block,net.minecraft.world.level.block.entity,net.minecraft.world.level.block.state,net.minecraft.world.level.block.state.properties,net.minecraft.world.level.dimension,net.minecraft.world.level.gamerules,net.minecraft.world.level.levelgen,net.minecraft.world.level.levelgen.presets,net.minecraft.world.level.levelgen.structure,net.minecraft.world.level.levelgen.structure.templatesystem,net.minecraft.world.level.pathfinder,net.minecraft.world.level.storage,net.minecraft.world.phys,net.minecraft.world.timeline	pending	0	
mc.gizmos	net.minecraft.gizmos	net/minecraft/gizmos/ArrowGizmo.java,net/minecraft/gizmos/CircleGizmo.java,net/minecraft/gizmos/CuboidGizmo.java,net/minecraft/gizmos/Gizmo.java,net/minecraft/gizmos/GizmoCollector.java,net/minecraft/gizmos/GizmoPrimitives.java,net/minecraft/gizmos/GizmoProperties.java,net/minecraft/gizmos/GizmoStyle.java,net/minecraft/gizmos/Gizmos.java,net/minecraft/gizmos/LineGizmo.java,net/minecraft/gizmos/PointGizmo.java,net/minecraft/gizmos/RectGizmo.java,net/minecraft/gizmos/SimpleGizmoCollector.java,net/minecraft/gizmos/TextGizmo.java,net/minecraft/gizmos/package-info.java	minecraft	15	552	rivet-server	3	27	yes	net.minecraft.core,net.minecraft.util,net.minecraft.world.entity,net.minecraft.world.phys	pending	0	
mc.locale	net.minecraft.locale	net/minecraft/locale/DeprecatedTranslationsInfo.java,net/minecraft/locale/Language.java,net/minecraft/locale/package-info.java	minecraft	3	176	rivet-server	3	27	yes	com.mojang.serialization,net.minecraft.network.chat,net.minecraft.util	pending	0	
mc.nbt	net.minecraft.nbt	net/minecraft/nbt/ByteArrayTag.java,net/minecraft/nbt/ByteTag.java,net/minecraft/nbt/CollectionTag.java,net/minecraft/nbt/CompoundTag.java,net/minecraft/nbt/DoubleTag.java,net/minecraft/nbt/EndTag.java,net/minecraft/nbt/FloatTag.java,net/minecraft/nbt/IntArrayTag.java,net/minecraft/nbt/IntTag.java,net/minecraft/nbt/ListTag.java,net/minecraft/nbt/LongArrayTag.java,net/minecraft/nbt/LongTag.java,net/minecraft/nbt/NbtAccounter.java,net/minecraft/nbt/NbtAccounterException.java,net/minecraft/nbt/NbtException.java,net/minecraft/nbt/NbtFormatException.java,net/minecraft/nbt/NumericTag.java,net/minecraft/nbt/PrimitiveTag.java,net/minecraft/nbt/ReportedNbtException.java,net/minecraft/nbt/ShortTag.java,net/minecraft/nbt/StreamTagVisitor.java,net/minecraft/nbt/StringTag.java,net/minecraft/nbt/Tag.java,net/minecraft/nbt/TagType.java,net/minecraft/nbt/TagTypes.java,net/minecraft/nbt/TagVisitor.java,net/minecraft/nbt/package-info.java	minecraft	27	3109	rivet-nbt	3	nbt		com.mojang.serialization,net.minecraft,net.minecraft.util	done	1	cycle nbt (mc.nbt/snbt/ops): Tag.toString -> StringTagVisitor (snbt), StringTag -> SnbtGrammar (snbt), CompoundTag -> NbtOps.INSTANCE (ops)
mc.nbt.ops	net.minecraft.nbt	net/minecraft/nbt/NbtOps.java	minecraft	1	508	rivet-nbt	3	nbt		com.mojang.datafixers.util,com.mojang.serialization,net.minecraft.util	done	0	cycle nbt (mc.nbt/snbt/ops): NbtOps is DynamicOps<Tag> over core; core CompoundTag -> NbtOps.INSTANCE; TagParser (snbt) -> NbtOps
mc.nbt.snbt	net.minecraft.nbt	net/minecraft/nbt/SnbtGrammar.java,net/minecraft/nbt/SnbtOperations.java,net/minecraft/nbt/SnbtPrinterTagVisitor.java,net/minecraft/nbt/StringTagVisitor.java,net/minecraft/nbt/TagParser.java	minecraft	5	1515	rivet-nbt	3	nbt		com.mojang.brigadier,com.mojang.brigadier.exceptions,com.mojang.serialization,net.minecraft.core,net.minecraft.network.chat,net.minecraft.util,net.minecraft.util.parsing.packrat,net.minecraft.util.parsing.packrat.commands	done	1	cycle nbt (mc.nbt/snbt/ops): core Tag.toString -> StringTagVisitor, StringTag -> SnbtGrammar; TagParser -> NbtOps (ops)
mc.network	net.minecraft.network	net/minecraft/network/BandwidthDebugMonitor.java,net/minecraft/network/CipherBase.java,net/minecraft/network/CipherDecoder.java,net/minecraft/network/CipherEncoder.java,net/minecraft/network/ClientboundPacketListener.java,net/minecraft/network/CompressionDecoder.java,net/minecraft/network/CompressionEncoder.java,net/minecraft/network/Connection.java,net/minecraft/network/ConnectionProtocol.java,net/minecraft/network/DisconnectionDetails.java,net/minecraft/network/HandlerNames.java,net/minecraft/network/HashedPatchMap.java,net/minecraft/network/HashedStack.java,net/minecraft/network/HiddenByteBuf.java,net/minecraft/network/LocalFrameDecoder.java,net/minecraft/network/LocalFrameEncoder.java,net/minecraft/network/LpVec3.java,net/minecraft/network/MonitoredLocalFrameDecoder.java,net/minecraft/network/PacketBundlePacker.java,net/minecraft/network/PacketBundleUnpacker.java,net/minecraft/network/PacketDecoder.java,net/minecraft/network/PacketEncoder.java,net/minecraft/network/PacketListener.java,net/minecraft/network/PacketProcessor.java,net/minecraft/network/PacketSendListener.java,net/minecraft/network/ProtocolInfo.java,net/minecraft/network/ProtocolSwapHandler.java,net/minecraft/network/RateKickingConnection.java,net/minecraft/network/RegistryFriendlyByteBuf.java,net/minecraft/network/ServerboundPacketListener.java,net/minecraft/network/SkipPacketDecoderException.java,net/minecraft/network/SkipPacketEncoderException.java,net/minecraft/network/SkipPacketException.java,net/minecraft/network/TickablePacketListener.java,net/minecraft/network/UnconfiguredPipelineHandler.java,net/minecraft/network/package-info.java	minecraft	36	2393	rivet-protocol	3	27	yes	com.mojang.datafixers,mc.network.buf,mc.network.framing,net.minecraft,net.minecraft.core,net.minecraft.core.component,net.minecraft.core.registries,net.minecraft.network.chat,net.minecraft.network.codec,net.minecraft.network.protocol,net.minecraft.network.protocol.common,net.minecraft.network.protocol.handshake,net.minecraft.network.protocol.login,net.minecraft.network.protocol.status,net.minecraft.server,net.minecraft.server.network,net.minecraft.util,net.minecraft.util.debugchart,net.minecraft.util.profiling.jfr,net.minecraft.world.item,net.minecraft.world.phys	pending	0	
mc.network.buf	net.minecraft.network	net/minecraft/network/FriendlyByteBuf.java,net/minecraft/network/Utf8String.java,net/minecraft/network/VarInt.java,net/minecraft/network/VarLong.java	minecraft	4	1883	rivet-protocol	3	27		com.mojang.datafixers.util,com.mojang.serialization,net.minecraft.core,net.minecraft.core.registries,net.minecraft.nbt,net.minecraft.network.codec,net.minecraft.resources,net.minecraft.util,net.minecraft.world.level,net.minecraft.world.phys	done	1	Delivered VarInt/VarLong/Utf8String/FriendlyByteBuf registry-independent byte surface (scalars, varints, bounded arrays, uuid, nullable/optional/list/map, nbt bridge). Registry/JOML/crypto/codec paths (Identifier/ResourceKey, BlockPos/ChunkPos, readEnum-by-class, Instant, BitSet sets) deferred to later units; #82 stays open until blockPos/chunkPos + cargo-fuzz land
mc.network.chat	net.minecraft.network.chat	net/minecraft/network/chat/ChatDecorator.java,net/minecraft/network/chat/ChatType.java,net/minecraft/network/chat/ChatTypeDecoration.java,net/minecraft/network/chat/ClickEvent.java,net/minecraft/network/chat/CommonComponents.java,net/minecraft/network/chat/Component.java,net/minecraft/network/chat/ComponentContents.java,net/minecraft/network/chat/ComponentSerialization.java,net/minecraft/network/chat/ComponentUtils.java,net/minecraft/network/chat/FilterMask.java,net/minecraft/network/chat/FontDescription.java,net/minecraft/network/chat/FormattedText.java,net/minecraft/network/chat/HoverEvent.java,net/minecraft/network/chat/LastSeenMessages.java,net/minecraft/network/chat/LastSeenMessagesTracker.java,net/minecraft/network/chat/LastSeenMessagesValidator.java,net/minecraft/network/chat/LastSeenTrackedEntry.java,net/minecraft/network/chat/LocalChatSession.java,net/minecraft/network/chat/MessageSignature.java,net/minecraft/network/chat/MessageSignatureCache.java,net/minecraft/network/chat/MutableComponent.java,net/minecraft/network/chat/OutgoingChatMessage.java,net/minecraft/network/chat/PlayerChatMessage.java,net/minecraft/network/chat/RemoteChatSession.java,net/minecraft/network/chat/ResolutionContext.java,net/minecraft/network/chat/SignableCommand.java,net/minecraft/network/chat/SignedMessageBody.java,net/minecraft/network/chat/SignedMessageChain.java,net/minecraft/network/chat/SignedMessageLink.java,net/minecraft/network/chat/SignedMessageValidator.java,net/minecraft/network/chat/Style.java,net/minecraft/network/chat/SubStringSource.java,net/minecraft/network/chat/TextColor.java,net/minecraft/network/chat/ThrowingComponent.java,net/minecraft/network/chat/package-info.java	minecraft	35	3806	rivet-text	3	27	yes	com.mojang.brigadier,com.mojang.brigadier.exceptions,com.mojang.brigadier.tree,com.mojang.datafixers,com.mojang.datafixers.util,com.mojang.serialization,net.minecraft,net.minecraft.commands,net.minecraft.commands.arguments,net.minecraft.commands.arguments.selector,net.minecraft.core,net.minecraft.core.registries,net.minecraft.data.worldgen,net.minecraft.locale,net.minecraft.nbt,net.minecraft.network,net.minecraft.network.chat.contents,net.minecraft.network.chat.contents.data,net.minecraft.network.chat.contents.objects,net.minecraft.network.codec,net.minecraft.resources,net.minecraft.server.dialog,net.minecraft.server.level,net.minecraft.util,net.minecraft.world.entity,net.minecraft.world.entity.player,net.minecraft.world.item,net.minecraft.world.item.component,net.minecraft.world.level	pending	0	
mc.network.chat.contents	net.minecraft.network.chat.contents	net/minecraft/network/chat/contents/KeybindContents.java,net/minecraft/network/chat/contents/KeybindResolver.java,net/minecraft/network/chat/contents/NbtContents.java,net/minecraft/network/chat/contents/ObjectContents.java,net/minecraft/network/chat/contents/PlainTextContents.java,net/minecraft/network/chat/contents/ScoreContents.java,net/minecraft/network/chat/contents/SelectorContents.java,net/minecraft/network/chat/contents/TranslatableContents.java,net/minecraft/network/chat/contents/TranslatableFormatException.java,net/minecraft/network/chat/contents/package-info.java	minecraft	10	738	rivet-text	3	27	yes	com.mojang.brigadier,com.mojang.brigadier.exceptions,com.mojang.datafixers,com.mojang.datafixers.util,com.mojang.serialization,net.minecraft.commands,net.minecraft.commands.arguments,net.minecraft.commands.arguments.selector,net.minecraft.locale,net.minecraft.nbt,net.minecraft.network.chat,net.minecraft.network.chat.contents.data,net.minecraft.network.chat.contents.objects,net.minecraft.network.chat.numbers,net.minecraft.resources,net.minecraft.server,net.minecraft.util,net.minecraft.world.entity,net.minecraft.world.scores	pending	0	
mc.network.chat.contents.data	net.minecraft.network.chat.contents.data	net/minecraft/network/chat/contents/data/BlockDataSource.java,net/minecraft/network/chat/contents/data/DataSource.java,net/minecraft/network/chat/contents/data/DataSources.java,net/minecraft/network/chat/contents/data/EntityDataSource.java,net/minecraft/network/chat/contents/data/StorageDataSource.java,net/minecraft/network/chat/contents/data/package-info.java	minecraft	6	145	rivet-text	3	27	yes	com.mojang.brigadier,com.mojang.brigadier.exceptions,com.mojang.serialization,net.minecraft.advancements.predicates,net.minecraft.commands,net.minecraft.commands.arguments.coordinates,net.minecraft.commands.arguments.selector,net.minecraft.core,net.minecraft.nbt,net.minecraft.network.chat,net.minecraft.resources,net.minecraft.server.level,net.minecraft.util,net.minecraft.world.entity,net.minecraft.world.level.block.entity	pending	0	
mc.network.chat.contents.objects	net.minecraft.network.chat.contents.objects	net/minecraft/network/chat/contents/objects/AtlasSprite.java,net/minecraft/network/chat/contents/objects/ObjectInfo.java,net/minecraft/network/chat/contents/objects/ObjectInfos.java,net/minecraft/network/chat/contents/objects/PlayerSprite.java,net/minecraft/network/chat/contents/objects/package-info.java	minecraft	5	100	rivet-text	3	27	yes	com.mojang.serialization,net.minecraft.data,net.minecraft.network.chat,net.minecraft.resources,net.minecraft.util,net.minecraft.world.item.component	pending	0	
mc.network.chat.numbers	net.minecraft.network.chat.numbers	net/minecraft/network/chat/numbers/BlankFormat.java,net/minecraft/network/chat/numbers/FixedFormat.java,net/minecraft/network/chat/numbers/NumberFormat.java,net/minecraft/network/chat/numbers/NumberFormatType.java,net/minecraft/network/chat/numbers/NumberFormatTypes.java,net/minecraft/network/chat/numbers/StyledFormat.java,net/minecraft/network/chat/numbers/package-info.java	minecraft	7	167	rivet-text	3	27	yes	com.mojang.serialization,net.minecraft,net.minecraft.core,net.minecraft.core.registries,net.minecraft.network,net.minecraft.network.chat,net.minecraft.network.codec	pending	0	
mc.network.codec	net.minecraft.network.codec	net/minecraft/network/codec/ByteBufCodecs.java,net/minecraft/network/codec/IdDispatchCodec.java,net/minecraft/network/codec/StreamCodec.java,net/minecraft/network/codec/StreamDecoder.java,net/minecraft/network/codec/StreamEncoder.java,net/minecraft/network/codec/StreamMemberEncoder.java,net/minecraft/network/codec/package-info.java	minecraft	7	1554	rivet-protocol	3	27	yes	com.mojang.datafixers.util,com.mojang.serialization,net.minecraft.core,net.minecraft.nbt,net.minecraft.network,net.minecraft.resources,net.minecraft.tags,net.minecraft.util	pending	0	
mc.network.framing	net.minecraft.network	net/minecraft/network/Varint21FrameDecoder.java,net/minecraft/network/Varint21LengthFieldPrepender.java	minecraft	2	95	rivet-protocol	3	27		mc.network.buf	done	1	Delivered Varint21FrameDecoder/Varint21LengthFieldPrepender (header consumed on error paths exactly like netty copyVarint). BandwidthDebugMonitor modeled as optional fn callback; compression/cipher/Crypt remain under residual mc.network; #88 stays open
mc.network.protocol	net.minecraft.network.protocol	net/minecraft/network/protocol/BundleDelimiterPacket.java,net/minecraft/network/protocol/BundlePacket.java,net/minecraft/network/protocol/BundlerInfo.java,net/minecraft/network/protocol/CodecModifier.java,net/minecraft/network/protocol/Packet.java,net/minecraft/network/protocol/PacketFlow.java,net/minecraft/network/protocol/PacketType.java,net/minecraft/network/protocol/PacketUtils.java,net/minecraft/network/protocol/ProtocolCodecBuilder.java,net/minecraft/network/protocol/ProtocolInfoBuilder.java,net/minecraft/network/protocol/SimpleUnboundProtocol.java,net/minecraft/network/protocol/UnboundProtocol.java,net/minecraft/network/protocol/package-info.java	minecraft	13	490	rivet-protocol	3	27	yes	net.minecraft,net.minecraft.network,net.minecraft.network.codec,net.minecraft.resources,net.minecraft.server,net.minecraft.server.level,net.minecraft.util	pending	0	
mc.network.protocol.common	net.minecraft.network.protocol.common	net/minecraft/network/protocol/common/ClientCommonPacketListener.java,net/minecraft/network/protocol/common/ClientboundClearDialogPacket.java,net/minecraft/network/protocol/common/ClientboundCustomPayloadPacket.java,net/minecraft/network/protocol/common/ClientboundCustomReportDetailsPacket.java,net/minecraft/network/protocol/common/ClientboundDisconnectPacket.java,net/minecraft/network/protocol/common/ClientboundKeepAlivePacket.java,net/minecraft/network/protocol/common/ClientboundPingPacket.java,net/minecraft/network/protocol/common/ClientboundResourcePackPopPacket.java,net/minecraft/network/protocol/common/ClientboundResourcePackPushPacket.java,net/minecraft/network/protocol/common/ClientboundServerLinksPacket.java,net/minecraft/network/protocol/common/ClientboundShowDialogPacket.java,net/minecraft/network/protocol/common/ClientboundStoreCookiePacket.java,net/minecraft/network/protocol/common/ClientboundTransferPacket.java,net/minecraft/network/protocol/common/ClientboundUpdateTagsPacket.java,net/minecraft/network/protocol/common/CommonPacketTypes.java,net/minecraft/network/protocol/common/ServerCommonPacketListener.java,net/minecraft/network/protocol/common/ServerboundClientInformationPacket.java,net/minecraft/network/protocol/common/ServerboundCustomClickActionPacket.java,net/minecraft/network/protocol/common/ServerboundCustomPayloadPacket.java,net/minecraft/network/protocol/common/ServerboundKeepAlivePacket.java,net/minecraft/network/protocol/common/ServerboundPongPacket.java,net/minecraft/network/protocol/common/ServerboundResourcePackPacket.java,net/minecraft/network/protocol/common/package-info.java	minecraft	23	740	rivet-protocol	3	27	yes	net.minecraft.core,net.minecraft.nbt,net.minecraft.network,net.minecraft.network.chat,net.minecraft.network.codec,net.minecraft.network.protocol,net.minecraft.network.protocol.common.custom,net.minecraft.network.protocol.cookie,net.minecraft.resources,net.minecraft.server,net.minecraft.server.dialog,net.minecraft.server.level,net.minecraft.tags,net.minecraft.util	pending	0	
mc.network.protocol.common.custom	net.minecraft.network.protocol.common.custom	net/minecraft/network/protocol/common/custom/BrandPayload.java,net/minecraft/network/protocol/common/custom/CustomPacketPayload.java,net/minecraft/network/protocol/common/custom/DiscardedPayload.java,net/minecraft/network/protocol/common/custom/package-info.java	minecraft	4	119	rivet-protocol	3	27	yes	net.minecraft.network,net.minecraft.network.codec,net.minecraft.resources	pending	0	
mc.network.protocol.configuration	net.minecraft.network.protocol.configuration	net/minecraft/network/protocol/configuration/ClientConfigurationPacketListener.java,net/minecraft/network/protocol/configuration/ClientboundCodeOfConductPacket.java,net/minecraft/network/protocol/configuration/ClientboundFinishConfigurationPacket.java,net/minecraft/network/protocol/configuration/ClientboundRegistryDataPacket.java,net/minecraft/network/protocol/configuration/ClientboundResetChatPacket.java,net/minecraft/network/protocol/configuration/ClientboundSelectKnownPacks.java,net/minecraft/network/protocol/configuration/ClientboundUpdateEnabledFeaturesPacket.java,net/minecraft/network/protocol/configuration/ConfigurationPacketTypes.java,net/minecraft/network/protocol/configuration/ConfigurationProtocols.java,net/minecraft/network/protocol/configuration/ServerConfigurationPacketListener.java,net/minecraft/network/protocol/configuration/ServerboundAcceptCodeOfConductPacket.java,net/minecraft/network/protocol/configuration/ServerboundFinishConfigurationPacket.java,net/minecraft/network/protocol/configuration/ServerboundSelectKnownPacks.java,net/minecraft/network/protocol/configuration/package-info.java	minecraft	14	386	rivet-protocol	3	27	yes	net.minecraft.core,net.minecraft.network,net.minecraft.network.codec,net.minecraft.network.protocol,net.minecraft.network.protocol.common,net.minecraft.network.protocol.cookie,net.minecraft.resources,net.minecraft.server.packs.repository	pending	0	
mc.network.protocol.cookie	net.minecraft.network.protocol.cookie	net/minecraft/network/protocol/cookie/ClientCookiePacketListener.java,net/minecraft/network/protocol/cookie/ClientboundCookieRequestPacket.java,net/minecraft/network/protocol/cookie/CookiePacketTypes.java,net/minecraft/network/protocol/cookie/ServerCookiePacketListener.java,net/minecraft/network/protocol/cookie/ServerboundCookieResponsePacket.java,net/minecraft/network/protocol/cookie/package-info.java	minecraft	6	102	rivet-protocol	3	27	yes	net.minecraft.network,net.minecraft.network.codec,net.minecraft.network.protocol,net.minecraft.network.protocol.common,net.minecraft.network.protocol.game,net.minecraft.resources	pending	0	
mc.network.protocol.game	net.minecraft.network.protocol.game	net/minecraft/network/protocol/game/ClientGamePacketListener.java,net/minecraft/network/protocol/game/ClientboundAddEntityPacket.java,net/minecraft/network/protocol/game/ClientboundAnimatePacket.java,net/minecraft/network/protocol/game/ClientboundAwardStatsPacket.java,net/minecraft/network/protocol/game/ClientboundBlockChangedAckPacket.java,net/minecraft/network/protocol/game/ClientboundBlockDestructionPacket.java,net/minecraft/network/protocol/game/ClientboundBlockEntityDataPacket.java,net/minecraft/network/protocol/game/ClientboundBlockEventPacket.java,net/minecraft/network/protocol/game/ClientboundBlockUpdatePacket.java,net/minecraft/network/protocol/game/ClientboundBossEventPacket.java,net/minecraft/network/protocol/game/ClientboundChunksBiomesPacket.java,net/minecraft/network/protocol/game/ClientboundClearTitlesPacket.java,net/minecraft/network/protocol/game/ClientboundCommandSuggestionsPacket.java,net/minecraft/network/protocol/game/ClientboundCommandsPacket.java,net/minecraft/network/protocol/game/ClientboundContainerClosePacket.java,net/minecraft/network/protocol/game/ClientboundContainerSetContentPacket.java,net/minecraft/network/protocol/game/ClientboundContainerSetDataPacket.java,net/minecraft/network/protocol/game/ClientboundContainerSetSlotPacket.java,net/minecraft/network/protocol/game/ClientboundCooldownPacket.java,net/minecraft/network/protocol/game/ClientboundCustomChatCompletionsPacket.java,net/minecraft/network/protocol/game/ClientboundDamageEventPacket.java,net/minecraft/network/protocol/game/ClientboundDebugBlockValuePacket.java,net/minecraft/network/protocol/game/ClientboundDebugChunkValuePacket.java,net/minecraft/network/protocol/game/ClientboundDebugEntityValuePacket.java,net/minecraft/network/protocol/game/ClientboundDebugEventPacket.java,net/minecraft/network/protocol/game/ClientboundDebugSamplePacket.java,net/minecraft/network/protocol/game/ClientboundDeleteChatPacket.java,net/minecraft/network/protocol/game/ClientboundDisguisedChatPacket.java,net/minecraft/network/protocol/game/ClientboundEntityEventPacket.java,net/minecraft/network/protocol/game/ClientboundEntityPositionSyncPacket.java,net/minecraft/network/protocol/game/ClientboundExplodePacket.java,net/minecraft/network/protocol/game/ClientboundForgetLevelChunkPacket.java,net/minecraft/network/protocol/game/ClientboundGameRuleValuesPacket.java,net/minecraft/network/protocol/game/ClientboundGameTestHighlightPosPacket.java,net/minecraft/network/protocol/game/ClientboundHurtAnimationPacket.java,net/minecraft/network/protocol/game/ClientboundLevelEventPacket.java,net/minecraft/network/protocol/game/ClientboundLevelParticlesPacket.java,net/minecraft/network/protocol/game/ClientboundLowDiskSpaceWarningPacket.java,net/minecraft/network/protocol/game/ClientboundMapItemDataPacket.java,net/minecraft/network/protocol/game/ClientboundMerchantOffersPacket.java,net/minecraft/network/protocol/game/ClientboundMountScreenOpenPacket.java,net/minecraft/network/protocol/game/ClientboundMoveEntityPacket.java,net/minecraft/network/protocol/game/ClientboundMoveMinecartPacket.java,net/minecraft/network/protocol/game/ClientboundMoveVehiclePacket.java,net/minecraft/network/protocol/game/ClientboundOpenBookPacket.java,net/minecraft/network/protocol/game/ClientboundOpenScreenPacket.java,net/minecraft/network/protocol/game/ClientboundOpenSignEditorPacket.java,net/minecraft/network/protocol/game/ClientboundPlaceGhostRecipePacket.java,net/minecraft/network/protocol/game/ClientboundPlayerChatPacket.java,net/minecraft/network/protocol/game/ClientboundPlayerCombatEndPacket.java,net/minecraft/network/protocol/game/ClientboundPlayerCombatEnterPacket.java,net/minecraft/network/protocol/game/ClientboundPlayerCombatKillPacket.java,net/minecraft/network/protocol/game/ClientboundPlayerLookAtPacket.java,net/minecraft/network/protocol/game/ClientboundPlayerRotationPacket.java,net/minecraft/network/protocol/game/ClientboundProjectilePowerPacket.java,net/minecraft/network/protocol/game/ClientboundRecipeBookAddPacket.java,net/minecraft/network/protocol/game/ClientboundRecipeBookRemovePacket.java,net/minecraft/network/protocol/game/ClientboundRecipeBookSettingsPacket.java,net/minecraft/network/protocol/game/ClientboundRemoveEntitiesPacket.java,net/minecraft/network/protocol/game/ClientboundRemoveMobEffectPacket.java,net/minecraft/network/protocol/game/ClientboundResetScorePacket.java,net/minecraft/network/protocol/game/ClientboundRespawnPacket.java,net/minecraft/network/protocol/game/ClientboundRotateHeadPacket.java,net/minecraft/network/protocol/game/ClientboundSectionBlocksUpdatePacket.java,net/minecraft/network/protocol/game/ClientboundSelectAdvancementsTabPacket.java,net/minecraft/network/protocol/game/ClientboundServerDataPacket.java,net/minecraft/network/protocol/game/ClientboundSetActionBarTextPacket.java,net/minecraft/network/protocol/game/ClientboundSetBorderCenterPacket.java,net/minecraft/network/protocol/game/ClientboundSetBorderLerpSizePacket.java,net/minecraft/network/protocol/game/ClientboundSetBorderSizePacket.java,net/minecraft/network/protocol/game/ClientboundSetBorderWarningDelayPacket.java,net/minecraft/network/protocol/game/ClientboundSetBorderWarningDistancePacket.java,net/minecraft/network/protocol/game/ClientboundSetCameraPacket.java,net/minecraft/network/protocol/game/ClientboundSetChunkCacheCenterPacket.java,net/minecraft/network/protocol/game/ClientboundSetChunkCacheRadiusPacket.java,net/minecraft/network/protocol/game/ClientboundSetCursorItemPacket.java,net/minecraft/network/protocol/game/ClientboundSetDisplayObjectivePacket.java,net/minecraft/network/protocol/game/ClientboundSetEntityDataPacket.java,net/minecraft/network/protocol/game/ClientboundSetEntityLinkPacket.java,net/minecraft/network/protocol/game/ClientboundSetEntityMotionPacket.java,net/minecraft/network/protocol/game/ClientboundSetEquipmentPacket.java,net/minecraft/network/protocol/game/ClientboundSetExperiencePacket.java,net/minecraft/network/protocol/game/ClientboundSetHealthPacket.java,net/minecraft/network/protocol/game/ClientboundSetObjectivePacket.java,net/minecraft/network/protocol/game/ClientboundSetPassengersPacket.java,net/minecraft/network/protocol/game/ClientboundSetPlayerInventoryPacket.java,net/minecraft/network/protocol/game/ClientboundSetPlayerTeamPacket.java,net/minecraft/network/protocol/game/ClientboundSetScorePacket.java,net/minecraft/network/protocol/game/ClientboundSetSimulationDistancePacket.java,net/minecraft/network/protocol/game/ClientboundSetSubtitleTextPacket.java,net/minecraft/network/protocol/game/ClientboundSetTitleTextPacket.java,net/minecraft/network/protocol/game/ClientboundSetTitlesAnimationPacket.java,net/minecraft/network/protocol/game/ClientboundSoundEntityPacket.java,net/minecraft/network/protocol/game/ClientboundSoundPacket.java,net/minecraft/network/protocol/game/ClientboundStartConfigurationPacket.java,net/minecraft/network/protocol/game/ClientboundStopSoundPacket.java,net/minecraft/network/protocol/game/ClientboundSystemChatPacket.java,net/minecraft/network/protocol/game/ClientboundTabListPacket.java,net/minecraft/network/protocol/game/ClientboundTagQueryPacket.java,net/minecraft/network/protocol/game/ClientboundTakeItemEntityPacket.java,net/minecraft/network/protocol/game/ClientboundTeleportEntityPacket.java,net/minecraft/network/protocol/game/ClientboundTestInstanceBlockStatus.java,net/minecraft/network/protocol/game/ClientboundTickingStatePacket.java,net/minecraft/network/protocol/game/ClientboundTickingStepPacket.java,net/minecraft/network/protocol/game/ClientboundTrackedWaypointPacket.java,net/minecraft/network/protocol/game/ClientboundUpdateAdvancementsPacket.java,net/minecraft/network/protocol/game/ClientboundUpdateAttributesPacket.java,net/minecraft/network/protocol/game/ClientboundUpdateMobEffectPacket.java,net/minecraft/network/protocol/game/DebugEntityNameGenerator.java,net/minecraft/network/protocol/game/GamePacketTypes.java,net/minecraft/network/protocol/game/GameProtocols.java,net/minecraft/network/protocol/game/ServerGamePacketListener.java,net/minecraft/network/protocol/game/ServerPacketListener.java,net/minecraft/network/protocol/game/ServerboundAttackPacket.java,net/minecraft/network/protocol/game/ServerboundBlockEntityTagQueryPacket.java,net/minecraft/network/protocol/game/ServerboundChangeDifficultyPacket.java,net/minecraft/network/protocol/game/ServerboundChangeGameModePacket.java,net/minecraft/network/protocol/game/ServerboundChatAckPacket.java,net/minecraft/network/protocol/game/ServerboundChatCommandPacket.java,net/minecraft/network/protocol/game/ServerboundChatCommandSignedPacket.java,net/minecraft/network/protocol/game/ServerboundChatPacket.java,net/minecraft/network/protocol/game/ServerboundChatSessionUpdatePacket.java,net/minecraft/network/protocol/game/ServerboundCommandSuggestionPacket.java,net/minecraft/network/protocol/game/ServerboundConfigurationAcknowledgedPacket.java,net/minecraft/network/protocol/game/ServerboundContainerButtonClickPacket.java,net/minecraft/network/protocol/game/ServerboundContainerClickPacket.java,net/minecraft/network/protocol/game/ServerboundContainerClosePacket.java,net/minecraft/network/protocol/game/ServerboundContainerSlotStateChangedPacket.java,net/minecraft/network/protocol/game/ServerboundDebugSubscriptionRequestPacket.java,net/minecraft/network/protocol/game/ServerboundEditBookPacket.java,net/minecraft/network/protocol/game/ServerboundEntityTagQueryPacket.java,net/minecraft/network/protocol/game/ServerboundInteractPacket.java,net/minecraft/network/protocol/game/ServerboundJigsawGeneratePacket.java,net/minecraft/network/protocol/game/ServerboundLockDifficultyPacket.java,net/minecraft/network/protocol/game/ServerboundMoveVehiclePacket.java,net/minecraft/network/protocol/game/ServerboundPaddleBoatPacket.java,net/minecraft/network/protocol/game/ServerboundPickItemFromBlockPacket.java,net/minecraft/network/protocol/game/ServerboundPickItemFromEntityPacket.java,net/minecraft/network/protocol/game/ServerboundPlaceRecipePacket.java,net/minecraft/network/protocol/game/ServerboundPlayerAbilitiesPacket.java,net/minecraft/network/protocol/game/ServerboundPlayerCommandPacket.java,net/minecraft/network/protocol/game/ServerboundPlayerInputPacket.java,net/minecraft/network/protocol/game/ServerboundPlayerLoadedPacket.java,net/minecraft/network/protocol/game/ServerboundRecipeBookChangeSettingsPacket.java,net/minecraft/network/protocol/game/ServerboundRecipeBookSeenRecipePacket.java,net/minecraft/network/protocol/game/ServerboundRenameItemPacket.java,net/minecraft/network/protocol/game/ServerboundSeenAdvancementsPacket.java,net/minecraft/network/protocol/game/ServerboundSelectBundleItemPacket.java,net/minecraft/network/protocol/game/ServerboundSelectTradePacket.java,net/minecraft/network/protocol/game/ServerboundSetBeaconPacket.java,net/minecraft/network/protocol/game/ServerboundSetCarriedItemPacket.java,net/minecraft/network/protocol/game/ServerboundSetCommandBlockPacket.java,net/minecraft/network/protocol/game/ServerboundSetCommandMinecartPacket.java,net/minecraft/network/protocol/game/ServerboundSetCreativeModeSlotPacket.java,net/minecraft/network/protocol/game/ServerboundSetGameRulePacket.java,net/minecraft/network/protocol/game/ServerboundSetJigsawBlockPacket.java,net/minecraft/network/protocol/game/ServerboundSetStructureBlockPacket.java,net/minecraft/network/protocol/game/ServerboundSetTestBlockPacket.java,net/minecraft/network/protocol/game/ServerboundSignUpdatePacket.java,net/minecraft/network/protocol/game/ServerboundSpectatorActionPacket.java,net/minecraft/network/protocol/game/ServerboundSwingPacket.java,net/minecraft/network/protocol/game/ServerboundTeleportToEntityPacket.java,net/minecraft/network/protocol/game/ServerboundTestInstanceBlockActionPacket.java,net/minecraft/network/protocol/game/ServerboundUseItemOnPacket.java,net/minecraft/network/protocol/game/ServerboundUseItemPacket.java,net/minecraft/network/protocol/game/VecDeltaCodec.java,net/minecraft/network/protocol/game/package-info.java	minecraft	167	9596	rivet-protocol	3	27	yes	com.mojang.brigadier.builder,com.mojang.brigadier.suggestion,com.mojang.brigadier.tree,com.mojang.datafixers.util,mc.network.protocol.game.chunk,mc.network.protocol.game.join,mc.network.protocol.game.serverbound,net.minecraft,net.minecraft.advancements,net.minecraft.commands,net.minecraft.commands.arguments,net.minecraft.commands.synchronization,net.minecraft.core,net.minecraft.core.particles,net.minecraft.core.registries,net.minecraft.gametest.framework,net.minecraft.nbt,net.minecraft.network,net.minecraft.network.chat,net.minecraft.network.chat.numbers,net.minecraft.network.codec,net.minecraft.network.protocol,net.minecraft.network.protocol.common,net.minecraft.network.protocol.cookie,net.minecraft.network.protocol.ping,net.minecraft.network.syncher,net.minecraft.resources,net.minecraft.server.level,net.minecraft.sounds,net.minecraft.stats,net.minecraft.util,net.minecraft.util.debug,net.minecraft.util.debugchart,net.minecraft.util.random,net.minecraft.world,net.minecraft.world.damagesource,net.minecraft.world.effect,net.minecraft.world.entity,net.minecraft.world.entity.ai.attributes,net.minecraft.world.entity.player,net.minecraft.world.entity.vehicle.minecart,net.minecraft.world.inventory,net.minecraft.world.item,net.minecraft.world.item.component,net.minecraft.world.item.crafting.display,net.minecraft.world.item.trading,net.minecraft.world.level,net.minecraft.world.level.block,net.minecraft.world.level.block.entity,net.minecraft.world.level.block.state,net.minecraft.world.level.block.state.properties,net.minecraft.world.level.border,net.minecraft.world.level.chunk,net.minecraft.world.level.gamerules,net.minecraft.world.level.saveddata.maps,net.minecraft.world.phys,net.minecraft.world.scores,net.minecraft.world.scores.criteria,net.minecraft.world.waypoints	pending	0	
mc.network.protocol.game.chunk	net.minecraft.network.protocol.game	net/minecraft/network/protocol/game/ClientboundChunkBatchFinishedPacket.java,net/minecraft/network/protocol/game/ClientboundChunkBatchStartPacket.java,net/minecraft/network/protocol/game/ClientboundLevelChunkPacketData.java,net/minecraft/network/protocol/game/ClientboundLevelChunkWithLightPacket.java,net/minecraft/network/protocol/game/ClientboundLightUpdatePacket.java,net/minecraft/network/protocol/game/ClientboundLightUpdatePacketData.java	minecraft	6	537	rivet-protocol	3	27		net.minecraft.core,net.minecraft.core.registries,net.minecraft.nbt,net.minecraft.network,net.minecraft.network.codec,net.minecraft.network.protocol,net.minecraft.world.level,net.minecraft.world.level.block.entity,net.minecraft.world.level.chunk,net.minecraft.world.level.levelgen,net.minecraft.world.level.lighting	pending	0	M1 STUB: chunk packets implement Packet<ClientGamePacketListener> and register in GamePacketTypes (residual mc.network.protocol.game); translate-wave absorbs ClientGamePacketListener + GamePacketTypes as stubs
mc.network.protocol.game.join	net.minecraft.network.protocol.game	net/minecraft/network/protocol/game/ClientboundBundleDelimiterPacket.java,net/minecraft/network/protocol/game/ClientboundBundlePacket.java,net/minecraft/network/protocol/game/ClientboundChangeDifficultyPacket.java,net/minecraft/network/protocol/game/ClientboundGameEventPacket.java,net/minecraft/network/protocol/game/ClientboundInitializeBorderPacket.java,net/minecraft/network/protocol/game/ClientboundLoginPacket.java,net/minecraft/network/protocol/game/ClientboundPlayerAbilitiesPacket.java,net/minecraft/network/protocol/game/ClientboundPlayerInfoRemovePacket.java,net/minecraft/network/protocol/game/ClientboundPlayerInfoUpdatePacket.java,net/minecraft/network/protocol/game/ClientboundPlayerPositionPacket.java,net/minecraft/network/protocol/game/ClientboundSetDefaultSpawnPositionPacket.java,net/minecraft/network/protocol/game/ClientboundSetHeldSlotPacket.java,net/minecraft/network/protocol/game/ClientboundSetTimePacket.java,net/minecraft/network/protocol/game/ClientboundUpdateRecipesPacket.java,net/minecraft/network/protocol/game/CommonPlayerSpawnInfo.java	minecraft	15	907	rivet-protocol	3	27		net.minecraft,net.minecraft.core,net.minecraft.core.registries,net.minecraft.network,net.minecraft.network.chat,net.minecraft.network.codec,net.minecraft.network.protocol,net.minecraft.resources,net.minecraft.server.level,net.minecraft.world,net.minecraft.world.clock,net.minecraft.world.entity,net.minecraft.world.entity.player,net.minecraft.world.item.crafting,net.minecraft.world.level,net.minecraft.world.level.border,net.minecraft.world.level.dimension,net.minecraft.world.level.storage	pending	0	M1 STUB: join packets implement Packet<ClientGamePacketListener> and register in GamePacketTypes (residual mc.network.protocol.game); translate-wave absorbs ClientGamePacketListener + GamePacketTypes as stubs
mc.network.protocol.game.serverbound	net.minecraft.network.protocol.game	net/minecraft/network/protocol/game/ServerboundAcceptTeleportationPacket.java,net/minecraft/network/protocol/game/ServerboundChunkBatchReceivedPacket.java,net/minecraft/network/protocol/game/ServerboundClientCommandPacket.java,net/minecraft/network/protocol/game/ServerboundClientTickEndPacket.java,net/minecraft/network/protocol/game/ServerboundMovePlayerPacket.java,net/minecraft/network/protocol/game/ServerboundPlayerActionPacket.java	minecraft	6	457	rivet-protocol	3	27		net.minecraft.core,net.minecraft.network,net.minecraft.network.codec,net.minecraft.network.protocol,net.minecraft.world.phys	pending	0	M1 STUB: serverbound packets implement Packet<ServerGamePacketListener> and register in GamePacketTypes (residual mc.network.protocol.game); translate-wave absorbs ServerGamePacketListener + GamePacketTypes as stubs
mc.network.protocol.handshake	net.minecraft.network.protocol.handshake	net/minecraft/network/protocol/handshake/ClientIntent.java,net/minecraft/network/protocol/handshake/ClientIntentionPacket.java,net/minecraft/network/protocol/handshake/HandshakePacketTypes.java,net/minecraft/network/protocol/handshake/HandshakeProtocols.java,net/minecraft/network/protocol/handshake/ServerHandshakePacketListener.java,net/minecraft/network/protocol/handshake/package-info.java	minecraft	6	116	rivet-protocol	3	27	yes	net.minecraft.network,net.minecraft.network.codec,net.minecraft.network.protocol,net.minecraft.network.protocol.game,net.minecraft.resources	pending	0	
mc.network.protocol.login	net.minecraft.network.protocol.login	net/minecraft/network/protocol/login/ClientLoginPacketListener.java,net/minecraft/network/protocol/login/ClientboundCustomQueryPacket.java,net/minecraft/network/protocol/login/ClientboundHelloPacket.java,net/minecraft/network/protocol/login/ClientboundLoginCompressionPacket.java,net/minecraft/network/protocol/login/ClientboundLoginDisconnectPacket.java,net/minecraft/network/protocol/login/ClientboundLoginFinishedPacket.java,net/minecraft/network/protocol/login/LoginPacketTypes.java,net/minecraft/network/protocol/login/LoginProtocols.java,net/minecraft/network/protocol/login/ServerLoginPacketListener.java,net/minecraft/network/protocol/login/ServerboundCustomQueryAnswerPacket.java,net/minecraft/network/protocol/login/ServerboundHelloPacket.java,net/minecraft/network/protocol/login/ServerboundKeyPacket.java,net/minecraft/network/protocol/login/ServerboundLoginAcknowledgedPacket.java,net/minecraft/network/protocol/login/package-info.java	minecraft	14	541	rivet-protocol	3	27	yes	com.mojang.serialization,net.minecraft.core,net.minecraft.network,net.minecraft.network.chat,net.minecraft.network.codec,net.minecraft.network.protocol,net.minecraft.network.protocol.cookie,net.minecraft.network.protocol.login.custom,net.minecraft.resources,net.minecraft.util	pending	0	
mc.network.protocol.login.custom	net.minecraft.network.protocol.login.custom	net/minecraft/network/protocol/login/custom/CustomQueryAnswerPayload.java,net/minecraft/network/protocol/login/custom/CustomQueryPayload.java,net/minecraft/network/protocol/login/custom/DiscardedQueryAnswerPayload.java,net/minecraft/network/protocol/login/custom/DiscardedQueryPayload.java,net/minecraft/network/protocol/login/custom/package-info.java	minecraft	5	42	rivet-protocol	3	27	yes	net.minecraft.network,net.minecraft.resources	pending	0	
mc.network.protocol.ping	net.minecraft.network.protocol.ping	net/minecraft/network/protocol/ping/ClientPongPacketListener.java,net/minecraft/network/protocol/ping/ClientboundPongResponsePacket.java,net/minecraft/network/protocol/ping/PingPacketTypes.java,net/minecraft/network/protocol/ping/ServerPingPacketListener.java,net/minecraft/network/protocol/ping/ServerboundPingRequestPacket.java,net/minecraft/network/protocol/ping/package-info.java	minecraft	6	106	rivet-protocol	3	27	yes	net.minecraft.network,net.minecraft.network.codec,net.minecraft.network.protocol,net.minecraft.resources	pending	0	
mc.network.protocol.status	net.minecraft.network.protocol.status	net/minecraft/network/protocol/status/ClientStatusPacketListener.java,net/minecraft/network/protocol/status/ClientboundStatusResponsePacket.java,net/minecraft/network/protocol/status/ServerStatus.java,net/minecraft/network/protocol/status/ServerStatusPacketListener.java,net/minecraft/network/protocol/status/ServerboundStatusRequestPacket.java,net/minecraft/network/protocol/status/StatusPacketTypes.java,net/minecraft/network/protocol/status/StatusProtocols.java,net/minecraft/network/protocol/status/package-info.java	minecraft	8	207	rivet-protocol	3	27	yes	com.mojang.serialization,net.minecraft,net.minecraft.core,net.minecraft.network,net.minecraft.network.chat,net.minecraft.network.codec,net.minecraft.network.protocol,net.minecraft.network.protocol.game,net.minecraft.network.protocol.ping,net.minecraft.resources,net.minecraft.server.players	pending	0	
mc.network.syncher	net.minecraft.network.syncher	net/minecraft/network/syncher/EntityDataAccessor.java,net/minecraft/network/syncher/EntityDataSerializer.java,net/minecraft/network/syncher/EntityDataSerializers.java,net/minecraft/network/syncher/SyncedDataHolder.java,net/minecraft/network/syncher/SynchedEntityData.java,net/minecraft/network/syncher/package-info.java	minecraft	6	560	rivet-protocol	3	27	yes	net.minecraft.core,net.minecraft.core.particles,net.minecraft.network,net.minecraft.network.chat,net.minecraft.network.codec,net.minecraft.util,net.minecraft.world.entity,net.minecraft.world.entity.animal.armadillo,net.minecraft.world.entity.animal.chicken,net.minecraft.world.entity.animal.cow,net.minecraft.world.entity.animal.feline,net.minecraft.world.entity.animal.frog,net.minecraft.world.entity.animal.golem,net.minecraft.world.entity.animal.nautilus,net.minecraft.world.entity.animal.pig,net.minecraft.world.entity.animal.sniffer,net.minecraft.world.entity.animal.wolf,net.minecraft.world.entity.decoration.painting,net.minecraft.world.entity.npc.villager,net.minecraft.world.item,net.minecraft.world.item.component,net.minecraft.world.level.block,net.minecraft.world.level.block.state	pending	0	
mc.recipebook	net.minecraft.recipebook	net/minecraft/recipebook/PlaceRecipeHelper.java,net/minecraft/recipebook/ServerPlaceRecipe.java,net/minecraft/recipebook/package-info.java	minecraft	3	324	rivet-server	3	27	yes	net.minecraft.core,net.minecraft.core.component,net.minecraft.util,net.minecraft.world.entity.player,net.minecraft.world.inventory,net.minecraft.world.item,net.minecraft.world.item.crafting	pending	0	
mc.references	net.minecraft.references	net/minecraft/references/BlockIds.java,net/minecraft/references/BlockItemId.java,net/minecraft/references/BlockItemIds.java,net/minecraft/references/ItemIds.java,net/minecraft/references/package-info.java	minecraft	5	1426	rivet-server	3	27	yes	net.minecraft.core.registries,net.minecraft.resources,net.minecraft.world.entity,net.minecraft.world.item,net.minecraft.world.item.equipment.trim,net.minecraft.world.level.block,net.minecraft.world.level.block.entity	pending	0	
mc.resources	net.minecraft.resources	net/minecraft/resources/DelegatingOps.java,net/minecraft/resources/DependantName.java,net/minecraft/resources/FileToIdConverter.java,net/minecraft/resources/HolderSetCodec.java,net/minecraft/resources/Identifier.java,net/minecraft/resources/NetworkRegistryLoadTask.java,net/minecraft/resources/RegistryDataLoader.java,net/minecraft/resources/RegistryFileCodec.java,net/minecraft/resources/RegistryFixedCodec.java,net/minecraft/resources/RegistryLoadTask.java,net/minecraft/resources/RegistryOps.java,net/minecraft/resources/RegistryValidator.java,net/minecraft/resources/ResourceKey.java,net/minecraft/resources/ResourceManagerRegistryLoadTask.java,net/minecraft/resources/package-info.java	minecraft	15	1848	rivet-registry	3	27	yes	com.mojang.brigadier,com.mojang.brigadier.exceptions,com.mojang.datafixers.util,com.mojang.serialization,net.minecraft,net.minecraft.core,net.minecraft.core.registries,net.minecraft.gametest.framework,net.minecraft.nbt,net.minecraft.network.chat,net.minecraft.network.codec,net.minecraft.server.dialog,net.minecraft.server.packs.repository,net.minecraft.server.packs.resources,net.minecraft.tags,net.minecraft.util,net.minecraft.util.thread,net.minecraft.world.clock,net.minecraft.world.damagesource,net.minecraft.world.entity,net.minecraft.world.entity.animal.chicken,net.minecraft.world.entity.animal.cow,net.minecraft.world.entity.animal.feline,net.minecraft.world.entity.animal.frog,net.minecraft.world.entity.animal.nautilus,net.minecraft.world.entity.animal.pig,net.minecraft.world.entity.animal.wolf,net.minecraft.world.entity.decoration.painting,net.minecraft.world.item,net.minecraft.world.item.enchantment,net.minecraft.world.item.enchantment.providers,net.minecraft.world.item.equipment.trim,net.minecraft.world.item.trading,net.minecraft.world.level.biome,net.minecraft.world.level.block.entity,net.minecraft.world.level.block.entity.trialspawner,net.minecraft.world.level.dimension,net.minecraft.world.level.levelgen,net.minecraft.world.level.levelgen.carver,net.minecraft.world.level.levelgen.feature,net.minecraft.world.level.levelgen.flat,net.minecraft.world.level.levelgen.placement,net.minecraft.world.level.levelgen.presets,net.minecraft.world.level.levelgen.structure,net.minecraft.world.level.levelgen.structure.pools,net.minecraft.world.level.levelgen.structure.templatesystem,net.minecraft.world.level.levelgen.synth,net.minecraft.world.timeline	pending	0	serialization context (#124): DelegatingOps/RegistryOps/RegistryInfo/RegistryInfoLookup/HolderLookupAdapter/retrieveGetter/retrieveElement delivered; holder codecs (#126): RegistryFileCodec/RegistryFixedCodec/HolderSetCodec delivered, incl. the non-registry fallbacks (decodeWithoutRegistry/encodeWithoutRegistry) and the ExtraCodecs.ensureHomogenous/compactListCodec helpers ported as private functions in registry_file_codec.rs; RegistryDataLoader/NetworkRegistryLoadTask/RegistryLoadTask/RegistryValidator etc. pending
mc.server	net.minecraft.server	net/minecraft/server/Bootstrap.java,net/minecraft/server/ChainedJsonException.java,net/minecraft/server/ConsoleInput.java,net/minecraft/server/DebugLoggedPrintStream.java,net/minecraft/server/Eula.java,net/minecraft/server/LoggedPrintStream.java,net/minecraft/server/Main.java,net/minecraft/server/MinecraftServer.java,net/minecraft/server/PlayerAdvancements.java,net/minecraft/server/RegistryLayer.java,net/minecraft/server/ReloadableServerRegistries.java,net/minecraft/server/ReloadableServerResources.java,net/minecraft/server/RunningOnDifferentThreadException.java,net/minecraft/server/ServerAdvancementManager.java,net/minecraft/server/ServerFunctionLibrary.java,net/minecraft/server/ServerFunctionManager.java,net/minecraft/server/ServerInfo.java,net/minecraft/server/ServerInterface.java,net/minecraft/server/ServerLinks.java,net/minecraft/server/ServerScoreboard.java,net/minecraft/server/ServerTickRateManager.java,net/minecraft/server/Services.java,net/minecraft/server/SuppressedExceptionCollector.java,net/minecraft/server/TickTask.java,net/minecraft/server/WorldLoader.java,net/minecraft/server/WorldStem.java,net/minecraft/server/package-info.java	minecraft	27	5940	rivet-server	3	27	yes	com.mojang.brigadier,com.mojang.datafixers,com.mojang.datafixers.util,com.mojang.serialization,net.minecraft,net.minecraft.advancements,net.minecraft.advancements.triggers,net.minecraft.commands,net.minecraft.commands.arguments.selector.options,net.minecraft.commands.execution,net.minecraft.commands.functions,net.minecraft.core,net.minecraft.core.cauldron,net.minecraft.core.component,net.minecraft.core.dispenser,net.minecraft.core.registries,net.minecraft.data.worldgen.features,net.minecraft.gametest.framework,net.minecraft.locale,net.minecraft.nbt,net.minecraft.network,net.minecraft.network.chat,net.minecraft.network.codec,net.minecraft.network.protocol,net.minecraft.network.protocol.game,net.minecraft.network.protocol.status,net.minecraft.resources,net.minecraft.server.advancements,net.minecraft.server.bossevents,net.minecraft.server.dedicated,net.minecraft.server.jsonrpc,net.minecraft.server.level,net.minecraft.server.level.progress,net.minecraft.server.network,net.minecraft.server.notifications,net.minecraft.server.packs,net.minecraft.server.packs.repository,net.minecraft.server.packs.resources,net.minecraft.server.permissions,net.minecraft.server.players,net.minecraft.server.waypoints,net.minecraft.tags,net.minecraft.util,net.minecraft.util.datafix,net.minecraft.util.debug,net.minecraft.util.debugchart,net.minecraft.util.profiling,net.minecraft.util.profiling.jfr,net.minecraft.util.profiling.jfr.callback,net.minecraft.util.profiling.metrics.profiling,net.minecraft.util.profiling.metrics.storage,net.minecraft.util.thread,net.minecraft.util.worldupdate,net.minecraft.world,net.minecraft.world.clock,net.minecraft.world.effect,net.minecraft.world.entity,net.minecraft.world.entity.ai.attributes,net.minecraft.world.entity.ai.village,net.minecraft.world.entity.npc,net.minecraft.world.entity.npc.wanderingtrader,net.minecraft.world.entity.player,net.minecraft.world.flag,net.minecraft.world.item,net.minecraft.world.item.alchemy,net.minecraft.world.item.crafting,net.minecraft.world.level,net.minecraft.world.level.biome,net.minecraft.world.level.block,net.minecraft.world.level.block.entity,net.minecraft.world.level.block.state,net.minecraft.world.level.chunk.status,net.minecraft.world.level.chunk.storage,net.minecraft.world.level.dimension,net.minecraft.world.level.gamerules,net.minecraft.world.level.levelgen,net.minecraft.world.level.levelgen.presets,net.minecraft.world.level.levelgen.structure.templatesystem,net.minecraft.world.level.saveddata,net.minecraft.world.level.storage,net.minecraft.world.level.storage.loot,net.minecraft.world.level.timers,net.minecraft.world.phys,net.minecraft.world.scores	pending	0	
mc.server.advancements	net.minecraft.server.advancements	net/minecraft/server/advancements/AdvancementVisibilityEvaluator.java,net/minecraft/server/advancements/package-info.java	minecraft	2	88	rivet-server	3	27	yes	net.minecraft.advancements	pending	0	
mc.server.bossevents	net.minecraft.server.bossevents	net/minecraft/server/bossevents/CustomBossEvent.java,net/minecraft/server/bossevents/CustomBossEvents.java,net/minecraft/server/bossevents/package-info.java	minecraft	3	303	rivet-server	3	27	yes	com.mojang.serialization,net.minecraft.core,net.minecraft.network.chat,net.minecraft.resources,net.minecraft.server.level,net.minecraft.util,net.minecraft.util.datafix,net.minecraft.world,net.minecraft.world.level.saveddata	pending	0	
mc.server.chase	net.minecraft.server.chase	net/minecraft/server/chase/ChaseClient.java,net/minecraft/server/chase/ChaseServer.java,net/minecraft/server/chase/package-info.java	minecraft	3	322	rivet-server	3	27	yes	net.minecraft.commands,net.minecraft.network.chat,net.minecraft.resources,net.minecraft.server,net.minecraft.server.commands,net.minecraft.server.level,net.minecraft.server.permissions,net.minecraft.server.players,net.minecraft.util,net.minecraft.world.level,net.minecraft.world.phys	pending	0	
mc.server.commands	net.minecraft.server.commands	net/minecraft/server/commands/AdvancementCommands.java,net/minecraft/server/commands/AttributeCommand.java,net/minecraft/server/commands/BanIpCommands.java,net/minecraft/server/commands/BanListCommands.java,net/minecraft/server/commands/BanPlayerCommands.java,net/minecraft/server/commands/BossBarCommands.java,net/minecraft/server/commands/ChaseCommand.java,net/minecraft/server/commands/ClearInventoryCommands.java,net/minecraft/server/commands/CloneCommands.java,net/minecraft/server/commands/DamageCommand.java,net/minecraft/server/commands/DataPackCommand.java,net/minecraft/server/commands/DeOpCommands.java,net/minecraft/server/commands/DebugCommand.java,net/minecraft/server/commands/DebugConfigCommand.java,net/minecraft/server/commands/DebugMobSpawningCommand.java,net/minecraft/server/commands/DebugPathCommand.java,net/minecraft/server/commands/DefaultGameModeCommands.java,net/minecraft/server/commands/DialogCommand.java,net/minecraft/server/commands/DifficultyCommand.java,net/minecraft/server/commands/EffectCommands.java,net/minecraft/server/commands/EmoteCommands.java,net/minecraft/server/commands/EnchantCommand.java,net/minecraft/server/commands/ExecuteCommand.java,net/minecraft/server/commands/ExperienceCommand.java,net/minecraft/server/commands/FetchProfileCommand.java,net/minecraft/server/commands/FillBiomeCommand.java,net/minecraft/server/commands/FillCommand.java,net/minecraft/server/commands/ForceLoadCommand.java,net/minecraft/server/commands/FunctionCommand.java,net/minecraft/server/commands/GameModeCommand.java,net/minecraft/server/commands/GameRuleCommand.java,net/minecraft/server/commands/GiveCommand.java,net/minecraft/server/commands/HelpCommand.java,net/minecraft/server/commands/InCommandFunction.java,net/minecraft/server/commands/ItemCommands.java,net/minecraft/server/commands/JfrCommand.java,net/minecraft/server/commands/KickCommand.java,net/minecraft/server/commands/KillCommand.java,net/minecraft/server/commands/ListPlayersCommand.java,net/minecraft/server/commands/LocateCommand.java,net/minecraft/server/commands/LookAt.java,net/minecraft/server/commands/LootCommand.java,net/minecraft/server/commands/MsgCommand.java,net/minecraft/server/commands/OpCommand.java,net/minecraft/server/commands/PardonCommand.java,net/minecraft/server/commands/PardonIpCommand.java,net/minecraft/server/commands/ParticleCommand.java,net/minecraft/server/commands/PerfCommand.java,net/minecraft/server/commands/PlaceCommand.java,net/minecraft/server/commands/PlaySoundCommand.java,net/minecraft/server/commands/PublishCommand.java,net/minecraft/server/commands/RaidCommand.java,net/minecraft/server/commands/RandomCommand.java,net/minecraft/server/commands/RecipeCommand.java,net/minecraft/server/commands/ReloadCommand.java,net/minecraft/server/commands/ReturnCommand.java,net/minecraft/server/commands/RideCommand.java,net/minecraft/server/commands/RotateCommand.java,net/minecraft/server/commands/SaveAllCommand.java,net/minecraft/server/commands/SaveOffCommand.java,net/minecraft/server/commands/SaveOnCommand.java,net/minecraft/server/commands/SayCommand.java,net/minecraft/server/commands/ScheduleCommand.java,net/minecraft/server/commands/ScoreboardCommand.java,net/minecraft/server/commands/SeedCommand.java,net/minecraft/server/commands/ServerPackCommand.java,net/minecraft/server/commands/SetBlockCommand.java,net/minecraft/server/commands/SetPlayerIdleTimeoutCommand.java,net/minecraft/server/commands/SetSpawnCommand.java,net/minecraft/server/commands/SetWorldSpawnCommand.java,net/minecraft/server/commands/SpawnArmorTrimsCommand.java,net/minecraft/server/commands/SpectateCommand.java,net/minecraft/server/commands/SpreadPlayersCommand.java,net/minecraft/server/commands/StopCommand.java,net/minecraft/server/commands/StopSoundCommand.java,net/minecraft/server/commands/StopwatchCommand.java,net/minecraft/server/commands/SummonCommand.java,net/minecraft/server/commands/SwingCommand.java,net/minecraft/server/commands/TagCommand.java,net/minecraft/server/commands/TeamCommand.java,net/minecraft/server/commands/TeamMsgCommand.java,net/minecraft/server/commands/TeleportCommand.java,net/minecraft/server/commands/TellRawCommand.java,net/minecraft/server/commands/TickCommand.java,net/minecraft/server/commands/TimeCommand.java,net/minecraft/server/commands/TitleCommand.java,net/minecraft/server/commands/TransferCommand.java,net/minecraft/server/commands/TriggerCommand.java,net/minecraft/server/commands/UnpublishCommand.java,net/minecraft/server/commands/VersionCommand.java,net/minecraft/server/commands/WardenSpawnTrackerCommand.java,net/minecraft/server/commands/WaypointCommand.java,net/minecraft/server/commands/WeatherCommand.java,net/minecraft/server/commands/WhitelistCommand.java,net/minecraft/server/commands/WorldBorderCommand.java,net/minecraft/server/commands/package-info.java	minecraft	96	14789	rivet-server	3	27	yes	com.mojang.brigadier,com.mojang.brigadier.builder,com.mojang.brigadier.exceptions,com.mojang.brigadier.suggestion,com.mojang.brigadier.tree,com.mojang.datafixers.util,com.mojang.serialization,net.minecraft,net.minecraft.advancements,net.minecraft.advancements.predicates,net.minecraft.commands,net.minecraft.commands.arguments,net.minecraft.commands.arguments.blocks,net.minecraft.commands.arguments.coordinates,net.minecraft.commands.arguments.item,net.minecraft.commands.arguments.selector,net.minecraft.commands.execution,net.minecraft.commands.execution.tasks,net.minecraft.commands.functions,net.minecraft.commands.synchronization,net.minecraft.core,net.minecraft.core.component,net.minecraft.core.particles,net.minecraft.core.registries,net.minecraft.nbt,net.minecraft.network,net.minecraft.network.chat,net.minecraft.network.chat.contents.objects,net.minecraft.network.chat.numbers,net.minecraft.network.protocol,net.minecraft.network.protocol.common,net.minecraft.network.protocol.game,net.minecraft.resources,net.minecraft.server,net.minecraft.server.bossevents,net.minecraft.server.chase,net.minecraft.server.commands.data,net.minecraft.server.dialog,net.minecraft.server.level,net.minecraft.server.network,net.minecraft.server.packs,net.minecraft.server.packs.metadata.pack,net.minecraft.server.packs.repository,net.minecraft.server.permissions,net.minecraft.server.players,net.minecraft.sounds,net.minecraft.tags,net.minecraft.util,net.minecraft.util.profiling,net.minecraft.util.profiling.jfr,net.minecraft.util.profiling.metrics.storage,net.minecraft.util.valueproviders,net.minecraft.world,net.minecraft.world.clock,net.minecraft.world.damagesource,net.minecraft.world.effect,net.minecraft.world.entity,net.minecraft.world.entity.ai.attributes,net.minecraft.world.entity.ai.navigation,net.minecraft.world.entity.ai.village.poi,net.minecraft.world.entity.decoration,net.minecraft.world.entity.item,net.minecraft.world.entity.monster.warden,net.minecraft.world.entity.player,net.minecraft.world.entity.raid,net.minecraft.world.flag,net.minecraft.world.inventory,net.minecraft.world.item,net.minecraft.world.item.component,net.minecraft.world.item.crafting,net.minecraft.world.item.enchantment,net.minecraft.world.item.equipment,net.minecraft.world.item.equipment.trim,net.minecraft.world.level,net.minecraft.world.level.biome,net.minecraft.world.level.block,net.minecraft.world.level.block.entity,net.minecraft.world.level.block.state,net.minecraft.world.level.block.state.pattern,net.minecraft.world.level.border,net.minecraft.world.level.chunk,net.minecraft.world.level.chunk.status,net.minecraft.world.level.dimension,net.minecraft.world.level.gamerules,net.minecraft.world.level.levelgen.feature,net.minecraft.world.level.levelgen.structure,net.minecraft.world.level.levelgen.structure.pools,net.minecraft.world.level.levelgen.structure.templatesystem,net.minecraft.world.level.pathfinder,net.minecraft.world.level.storage,net.minecraft.world.level.storage.loot,net.minecraft.world.level.storage.loot.functions,net.minecraft.world.level.storage.loot.parameters,net.minecraft.world.level.storage.loot.predicates,net.minecraft.world.level.timers,net.minecraft.world.phys,net.minecraft.world.scores,net.minecraft.world.scores.criteria,net.minecraft.world.timeline,net.minecraft.world.waypoints	pending	0	
mc.server.commands.data	net.minecraft.server.commands.data	net/minecraft/server/commands/data/BlockDataAccessor.java,net/minecraft/server/commands/data/DataAccessor.java,net/minecraft/server/commands/data/DataCommands.java,net/minecraft/server/commands/data/EntityDataAccessor.java,net/minecraft/server/commands/data/StorageDataAccessor.java,net/minecraft/server/commands/data/package-info.java	minecraft	6	694	rivet-server	3	27	yes	com.mojang.brigadier,com.mojang.brigadier.builder,com.mojang.brigadier.exceptions,com.mojang.brigadier.suggestion,net.minecraft.advancements.predicates,net.minecraft.commands,net.minecraft.commands.arguments,net.minecraft.commands.arguments.coordinates,net.minecraft.core,net.minecraft.nbt,net.minecraft.network.chat,net.minecraft.resources,net.minecraft.util,net.minecraft.world.entity,net.minecraft.world.entity.player,net.minecraft.world.level.block,net.minecraft.world.level.block.entity,net.minecraft.world.level.block.state,net.minecraft.world.level.storage	pending	0	
mc.server.dedicated	net.minecraft.server.dedicated	net/minecraft/server/dedicated/DedicatedPlayerList.java,net/minecraft/server/dedicated/DedicatedServer.java,net/minecraft/server/dedicated/DedicatedServerProperties.java,net/minecraft/server/dedicated/DedicatedServerSettings.java,net/minecraft/server/dedicated/ServerWatchdog.java,net/minecraft/server/dedicated/Settings.java,net/minecraft/server/dedicated/package-info.java	minecraft	7	1894	rivet-server	3	27	yes	com.mojang.datafixers,com.mojang.serialization,net.minecraft,net.minecraft.commands,net.minecraft.core,net.minecraft.core.registries,net.minecraft.network.chat,net.minecraft.network.protocol.game,net.minecraft.resources,net.minecraft.server,net.minecraft.server.gui,net.minecraft.server.jsonrpc,net.minecraft.server.jsonrpc.security,net.minecraft.server.level,net.minecraft.server.level.progress,net.minecraft.server.network,net.minecraft.server.notifications,net.minecraft.server.packs.repository,net.minecraft.server.permissions,net.minecraft.server.players,net.minecraft.server.rcon,net.minecraft.server.rcon.thread,net.minecraft.util,net.minecraft.util.debug,net.minecraft.util.debugchart,net.minecraft.util.monitoring.jmx,net.minecraft.world,net.minecraft.world.entity.player,net.minecraft.world.level,net.minecraft.world.level.gamerules,net.minecraft.world.level.levelgen,net.minecraft.world.level.levelgen.flat,net.minecraft.world.level.levelgen.presets,net.minecraft.world.level.storage	pending	0	
mc.server.dialog	net.minecraft.server.dialog	net/minecraft/server/dialog/ActionButton.java,net/minecraft/server/dialog/ButtonListDialog.java,net/minecraft/server/dialog/CommonButtonData.java,net/minecraft/server/dialog/CommonDialogData.java,net/minecraft/server/dialog/ConfirmationDialog.java,net/minecraft/server/dialog/Dialog.java,net/minecraft/server/dialog/DialogAction.java,net/minecraft/server/dialog/DialogListDialog.java,net/minecraft/server/dialog/DialogTypes.java,net/minecraft/server/dialog/Dialogs.java,net/minecraft/server/dialog/Input.java,net/minecraft/server/dialog/MultiActionDialog.java,net/minecraft/server/dialog/NoticeDialog.java,net/minecraft/server/dialog/ServerLinksDialog.java,net/minecraft/server/dialog/SimpleDialog.java,net/minecraft/server/dialog/package-info.java	minecraft	16	433	rivet-server	3	27	yes	com.mojang.serialization,net.minecraft.core,net.minecraft.core.registries,net.minecraft.data.worldgen,net.minecraft.network,net.minecraft.network.chat,net.minecraft.network.codec,net.minecraft.resources,net.minecraft.server.dialog.action,net.minecraft.server.dialog.body,net.minecraft.server.dialog.input,net.minecraft.tags,net.minecraft.util	pending	0	
mc.server.dialog.action	net.minecraft.server.dialog.action	net/minecraft/server/dialog/action/Action.java,net/minecraft/server/dialog/action/ActionTypes.java,net/minecraft/server/dialog/action/CommandTemplate.java,net/minecraft/server/dialog/action/CustomAll.java,net/minecraft/server/dialog/action/ParsedTemplate.java,net/minecraft/server/dialog/action/StaticAction.java,net/minecraft/server/dialog/action/package-info.java	minecraft	7	197	rivet-server	3	27	yes	com.mojang.serialization,net.minecraft.commands.functions,net.minecraft.core,net.minecraft.core.registries,net.minecraft.nbt,net.minecraft.network.chat,net.minecraft.resources,net.minecraft.util	pending	0	
mc.server.dialog.body	net.minecraft.server.dialog.body	net/minecraft/server/dialog/body/DialogBody.java,net/minecraft/server/dialog/body/DialogBodyTypes.java,net/minecraft/server/dialog/body/ItemBody.java,net/minecraft/server/dialog/body/PlainMessage.java,net/minecraft/server/dialog/body/package-info.java	minecraft	5	85	rivet-server	3	27	yes	com.mojang.serialization,net.minecraft.core,net.minecraft.core.registries,net.minecraft.network.chat,net.minecraft.resources,net.minecraft.server.dialog,net.minecraft.util,net.minecraft.world.item	pending	0	
mc.server.dialog.input	net.minecraft.server.dialog.input	net/minecraft/server/dialog/input/BooleanInput.java,net/minecraft/server/dialog/input/InputControl.java,net/minecraft/server/dialog/input/InputControlTypes.java,net/minecraft/server/dialog/input/NumberRangeInput.java,net/minecraft/server/dialog/input/SingleOptionInput.java,net/minecraft/server/dialog/input/TextInput.java,net/minecraft/server/dialog/input/package-info.java	minecraft	7	244	rivet-server	3	27	yes	com.mojang.serialization,net.minecraft.core,net.minecraft.core.registries,net.minecraft.network.chat,net.minecraft.resources,net.minecraft.server.dialog,net.minecraft.util	pending	0	
mc.server.gui	net.minecraft.server.gui	net/minecraft/server/gui/MinecraftServerGui.java,net/minecraft/server/gui/PlayerListComponent.java,net/minecraft/server/gui/StatsComponent.java,net/minecraft/server/gui/package-info.java	minecraft	4	333	rivet-server	3	27	yes	net.minecraft,net.minecraft.server,net.minecraft.server.dedicated,net.minecraft.util	pending	0	
mc.server.jsonrpc	net.minecraft.server.jsonrpc	net/minecraft/server/jsonrpc/Connection.java,net/minecraft/server/jsonrpc/IncomingRpcMethod.java,net/minecraft/server/jsonrpc/IncomingRpcMethods.java,net/minecraft/server/jsonrpc/JsonRPCErrors.java,net/minecraft/server/jsonrpc/JsonRPCUtils.java,net/minecraft/server/jsonrpc/JsonRpc.java,net/minecraft/server/jsonrpc/JsonRpcLogger.java,net/minecraft/server/jsonrpc/JsonRpcNotificationService.java,net/minecraft/server/jsonrpc/ManagementServer.java,net/minecraft/server/jsonrpc/OutgoingRpcMethod.java,net/minecraft/server/jsonrpc/OutgoingRpcMethods.java,net/minecraft/server/jsonrpc/PendingRpcRequest.java,net/minecraft/server/jsonrpc/package-info.java	minecraft	13	1595	rivet-server	3	27	yes	com.mojang.serialization,net.minecraft.core,net.minecraft.core.registries,net.minecraft.resources,net.minecraft.server.dedicated,net.minecraft.server.jsonrpc.api,net.minecraft.server.jsonrpc.internalapi,net.minecraft.server.jsonrpc.methods,net.minecraft.server.jsonrpc.security,net.minecraft.server.jsonrpc.websocket,net.minecraft.server.level,net.minecraft.server.notifications,net.minecraft.server.players,net.minecraft.util,net.minecraft.world.level.gamerules	pending	0	
mc.server.jsonrpc.api	net.minecraft.server.jsonrpc.api	net/minecraft/server/jsonrpc/api/MethodInfo.java,net/minecraft/server/jsonrpc/api/ParamInfo.java,net/minecraft/server/jsonrpc/api/PlayerDto.java,net/minecraft/server/jsonrpc/api/ReferenceUtil.java,net/minecraft/server/jsonrpc/api/ResultInfo.java,net/minecraft/server/jsonrpc/api/Schema.java,net/minecraft/server/jsonrpc/api/SchemaComponent.java,net/minecraft/server/jsonrpc/api/package-info.java	minecraft	8	373	rivet-server	3	27	yes	com.mojang.datafixers.util,com.mojang.serialization,net.minecraft.core,net.minecraft.resources,net.minecraft.server.jsonrpc.methods,net.minecraft.server.level,net.minecraft.server.permissions,net.minecraft.server.players,net.minecraft.util,net.minecraft.world,net.minecraft.world.level,net.minecraft.world.level.gamerules	pending	0	
mc.server.jsonrpc.dataprovider	net.minecraft.server.jsonrpc.dataprovider	net/minecraft/server/jsonrpc/dataprovider/JsonRpcApiSchema.java,net/minecraft/server/jsonrpc/dataprovider/package-info.java	minecraft	2	33	rivet-server	3	27	yes	com.mojang.serialization,net.minecraft.data,net.minecraft.server.jsonrpc.api,net.minecraft.server.jsonrpc.methods	pending	0	
mc.server.jsonrpc.internalapi	net.minecraft.server.jsonrpc.internalapi	net/minecraft/server/jsonrpc/internalapi/MinecraftAllowListService.java,net/minecraft/server/jsonrpc/internalapi/MinecraftAllowListServiceImpl.java,net/minecraft/server/jsonrpc/internalapi/MinecraftApi.java,net/minecraft/server/jsonrpc/internalapi/MinecraftBanListService.java,net/minecraft/server/jsonrpc/internalapi/MinecraftBanListServiceImpl.java,net/minecraft/server/jsonrpc/internalapi/MinecraftExecutorService.java,net/minecraft/server/jsonrpc/internalapi/MinecraftExecutorServiceImpl.java,net/minecraft/server/jsonrpc/internalapi/MinecraftGameRuleService.java,net/minecraft/server/jsonrpc/internalapi/MinecraftGameRuleServiceImpl.java,net/minecraft/server/jsonrpc/internalapi/MinecraftOperatorListService.java,net/minecraft/server/jsonrpc/internalapi/MinecraftOperatorListServiceImpl.java,net/minecraft/server/jsonrpc/internalapi/MinecraftPlayerListService.java,net/minecraft/server/jsonrpc/internalapi/MinecraftPlayerListServiceImpl.java,net/minecraft/server/jsonrpc/internalapi/MinecraftServerSettingsService.java,net/minecraft/server/jsonrpc/internalapi/MinecraftServerSettingsServiceImpl.java,net/minecraft/server/jsonrpc/internalapi/MinecraftServerStateService.java,net/minecraft/server/jsonrpc/internalapi/MinecraftServerStateServiceImpl.java,net/minecraft/server/jsonrpc/internalapi/package-info.java	minecraft	18	1053	rivet-server	3	27	yes	net.minecraft.network.chat,net.minecraft.server,net.minecraft.server.dedicated,net.minecraft.server.jsonrpc,net.minecraft.server.jsonrpc.methods,net.minecraft.server.level,net.minecraft.server.notifications,net.minecraft.server.permissions,net.minecraft.server.players,net.minecraft.util,net.minecraft.world,net.minecraft.world.entity.player,net.minecraft.world.level,net.minecraft.world.level.gamerules	pending	0	
mc.server.jsonrpc.methods	net.minecraft.server.jsonrpc.methods	net/minecraft/server/jsonrpc/methods/AllowlistService.java,net/minecraft/server/jsonrpc/methods/BanlistService.java,net/minecraft/server/jsonrpc/methods/ClientInfo.java,net/minecraft/server/jsonrpc/methods/DiscoveryService.java,net/minecraft/server/jsonrpc/methods/EncodeJsonRpcException.java,net/minecraft/server/jsonrpc/methods/GameRulesService.java,net/minecraft/server/jsonrpc/methods/InvalidParameterJsonRpcException.java,net/minecraft/server/jsonrpc/methods/InvalidRequestJsonRpcException.java,net/minecraft/server/jsonrpc/methods/IpBanlistService.java,net/minecraft/server/jsonrpc/methods/Message.java,net/minecraft/server/jsonrpc/methods/MethodNotFoundJsonRpcException.java,net/minecraft/server/jsonrpc/methods/OperatorService.java,net/minecraft/server/jsonrpc/methods/PlayerService.java,net/minecraft/server/jsonrpc/methods/RemoteRpcErrorException.java,net/minecraft/server/jsonrpc/methods/ServerSettingsService.java,net/minecraft/server/jsonrpc/methods/ServerStateService.java,net/minecraft/server/jsonrpc/methods/package-info.java	minecraft	17	1006	rivet-server	3	27	yes	com.mojang.serialization,net.minecraft.core.registries,net.minecraft.network.chat,net.minecraft.network.protocol.status,net.minecraft.server.jsonrpc.api,net.minecraft.server.jsonrpc.internalapi,net.minecraft.server.level,net.minecraft.server.permissions,net.minecraft.server.players,net.minecraft.util,net.minecraft.world,net.minecraft.world.level,net.minecraft.world.level.gamerules	pending	0	
mc.server.level	net.minecraft.server.level	net/minecraft/server/level/BlockDestructionProgress.java,net/minecraft/server/level/ChunkGenerationTask.java,net/minecraft/server/level/ChunkHolder.java,net/minecraft/server/level/ChunkLevel.java,net/minecraft/server/level/ChunkLoadCounter.java,net/minecraft/server/level/ChunkMap.java,net/minecraft/server/level/ChunkResult.java,net/minecraft/server/level/ChunkTaskDispatcher.java,net/minecraft/server/level/ChunkTaskPriorityQueue.java,net/minecraft/server/level/ChunkTracker.java,net/minecraft/server/level/ChunkTrackingView.java,net/minecraft/server/level/ClientInformation.java,net/minecraft/server/level/ColumnPos.java,net/minecraft/server/level/DemoMode.java,net/minecraft/server/level/DistanceManager.java,net/minecraft/server/level/FullChunkStatus.java,net/minecraft/server/level/GeneratingChunkMap.java,net/minecraft/server/level/GenerationChunkHolder.java,net/minecraft/server/level/LoadingChunkTracker.java,net/minecraft/server/level/ParticleStatus.java,net/minecraft/server/level/PlayerMap.java,net/minecraft/server/level/PlayerSpawnFinder.java,net/minecraft/server/level/SectionTracker.java,net/minecraft/server/level/ServerBossEvent.java,net/minecraft/server/level/ServerChunkCache.java,net/minecraft/server/level/ServerEntity.java,net/minecraft/server/level/ServerEntityGetter.java,net/minecraft/server/level/ServerLevel.java,net/minecraft/server/level/ServerPlayer.java,net/minecraft/server/level/ServerPlayerGameMode.java,net/minecraft/server/level/SimulationChunkTracker.java,net/minecraft/server/level/ThreadedLevelLightEngine.java,net/minecraft/server/level/ThrottlingChunkTaskDispatcher.java,net/minecraft/server/level/Ticket.java,net/minecraft/server/level/TicketType.java,net/minecraft/server/level/WorldGenRegion.java,net/minecraft/server/level/package-info.java	minecraft	37	13246	rivet-server	3	27	yes	com.mojang.datafixers,com.mojang.datafixers.util,com.mojang.serialization,net.minecraft,net.minecraft.advancements.triggers,net.minecraft.commands,net.minecraft.commands.arguments,net.minecraft.core,net.minecraft.core.component,net.minecraft.core.particles,net.minecraft.core.registries,net.minecraft.nbt,net.minecraft.network,net.minecraft.network.chat,net.minecraft.network.protocol,net.minecraft.network.protocol.common,net.minecraft.network.protocol.game,net.minecraft.network.protocol.status,net.minecraft.network.syncher,net.minecraft.resources,net.minecraft.server,net.minecraft.server.dialog,net.minecraft.server.network,net.minecraft.server.permissions,net.minecraft.server.players,net.minecraft.server.waypoints,net.minecraft.sounds,net.minecraft.stats,net.minecraft.tags,net.minecraft.util,net.minecraft.util.datafix,net.minecraft.util.debug,net.minecraft.util.profiling,net.minecraft.util.random,net.minecraft.util.thread,net.minecraft.util.valueproviders,net.minecraft.world,net.minecraft.world.attribute,net.minecraft.world.clock,net.minecraft.world.damagesource,net.minecraft.world.effect,net.minecraft.world.entity,net.minecraft.world.entity.ai.attributes,net.minecraft.world.entity.ai.navigation,net.minecraft.world.entity.ai.targeting,net.minecraft.world.entity.ai.village,net.minecraft.world.entity.ai.village.poi,net.minecraft.world.entity.animal.equine,net.minecraft.world.entity.animal.happyghast,net.minecraft.world.entity.animal.nautilus,net.minecraft.world.entity.animal.parrot,net.minecraft.world.entity.animal.pig,net.minecraft.world.entity.boss.enderdragon,net.minecraft.world.entity.decoration,net.minecraft.world.entity.item,net.minecraft.world.entity.monster,net.minecraft.world.entity.monster.warden,net.minecraft.world.entity.player,net.minecraft.world.entity.projectile.arrow,net.minecraft.world.entity.projectile.hurtingprojectile,net.minecraft.world.entity.projectile.throwableitemprojectile,net.minecraft.world.entity.raid,net.minecraft.world.entity.vehicle.boat,net.minecraft.world.entity.vehicle.minecart,net.minecraft.world.flag,net.minecraft.world.inventory,net.minecraft.world.item,net.minecraft.world.item.alchemy,net.minecraft.world.item.component,net.minecraft.world.item.context,net.minecraft.world.item.crafting,net.minecraft.world.item.enchantment,net.minecraft.world.item.trading,net.minecraft.world.level,net.minecraft.world.level.biome,net.minecraft.world.level.block,net.minecraft.world.level.block.entity,net.minecraft.world.level.block.state,net.minecraft.world.level.border,net.minecraft.world.level.chunk,net.minecraft.world.level.chunk.status,net.minecraft.world.level.chunk.storage,net.minecraft.world.level.dimension,net.minecraft.world.level.dimension.end,net.minecraft.world.level.entity,net.minecraft.world.level.gameevent,net.minecraft.world.level.gamerules,net.minecraft.world.level.levelgen,net.minecraft.world.level.levelgen.structure,net.minecraft.world.level.levelgen.structure.templatesystem,net.minecraft.world.level.lighting,net.minecraft.world.level.material,net.minecraft.world.level.pathfinder,net.minecraft.world.level.portal,net.minecraft.world.level.redstone,net.minecraft.world.level.saveddata,net.minecraft.world.level.saveddata.maps,net.minecraft.world.level.storage,net.minecraft.world.phys,net.minecraft.world.phys.shapes,net.minecraft.world.scores,net.minecraft.world.scores.criteria,net.minecraft.world.ticks,net.minecraft.world.waypoints	pending	0	
mc.server.level.progress	net.minecraft.server.level.progress	net/minecraft/server/level/progress/ChunkLoadStatusView.java,net/minecraft/server/level/progress/LevelLoadListener.java,net/minecraft/server/level/progress/LevelLoadProgressTracker.java,net/minecraft/server/level/progress/LoggingLevelLoadListener.java,net/minecraft/server/level/progress/package-info.java	minecraft	5	274	rivet-server	3	27	yes	net.minecraft.network.chat,net.minecraft.resources,net.minecraft.util,net.minecraft.world.level,net.minecraft.world.level.chunk.status	pending	0	
mc.server.network	net.minecraft.server.network	net/minecraft/server/network/CommonListenerCookie.java,net/minecraft/server/network/ConfigurationTask.java,net/minecraft/server/network/EventLoopGroupHolder.java,net/minecraft/server/network/Filterable.java,net/minecraft/server/network/FilteredText.java,net/minecraft/server/network/LegacyProtocolUtils.java,net/minecraft/server/network/LegacyQueryHandler.java,net/minecraft/server/network/LegacyTextFilter.java,net/minecraft/server/network/MemoryServerHandshakePacketListenerImpl.java,net/minecraft/server/network/PlayerChunkSender.java,net/minecraft/server/network/PlayerSafetyServiceTextFilter.java,net/minecraft/server/network/ServerCommonPacketListenerImpl.java,net/minecraft/server/network/ServerConfigurationPacketListenerImpl.java,net/minecraft/server/network/ServerConnectionListener.java,net/minecraft/server/network/ServerGamePacketListenerImpl.java,net/minecraft/server/network/ServerHandshakePacketListenerImpl.java,net/minecraft/server/network/ServerLoginPacketListenerImpl.java,net/minecraft/server/network/ServerPlayerConnection.java,net/minecraft/server/network/ServerStatusPacketListenerImpl.java,net/minecraft/server/network/ServerTextFilter.java,net/minecraft/server/network/TextFilter.java,net/minecraft/server/network/package-info.java	minecraft	22	7072	rivet-server	3	27	yes	com.mojang.brigadier,com.mojang.brigadier.suggestion,com.mojang.serialization,io.papermc.paper.adventure,net.minecraft,net.minecraft.advancements,net.minecraft.advancements.triggers,net.minecraft.commands,net.minecraft.commands.arguments,net.minecraft.core,net.minecraft.core.component,net.minecraft.core.registries,net.minecraft.gametest.framework,net.minecraft.nbt,net.minecraft.network,net.minecraft.network.chat,net.minecraft.network.codec,net.minecraft.network.protocol,net.minecraft.network.protocol.common,net.minecraft.network.protocol.common.custom,net.minecraft.network.protocol.configuration,net.minecraft.network.protocol.cookie,net.minecraft.network.protocol.game,net.minecraft.network.protocol.handshake,net.minecraft.network.protocol.login,net.minecraft.network.protocol.ping,net.minecraft.network.protocol.status,net.minecraft.resources,net.minecraft.server,net.minecraft.server.commands,net.minecraft.server.dedicated,net.minecraft.server.level,net.minecraft.server.network.config,net.minecraft.server.notifications,net.minecraft.server.packs.repository,net.minecraft.server.permissions,net.minecraft.server.players,net.minecraft.util,net.minecraft.util.profiling,net.minecraft.util.thread,net.minecraft.world,net.minecraft.world.effect,net.minecraft.world.entity,net.minecraft.world.entity.item,net.minecraft.world.entity.player,net.minecraft.world.entity.projectile.arrow,net.minecraft.world.entity.vehicle.boat,net.minecraft.world.flag,net.minecraft.world.inventory,net.minecraft.world.item,net.minecraft.world.item.component,net.minecraft.world.item.crafting,net.minecraft.world.level,net.minecraft.world.level.block,net.minecraft.world.level.block.entity,net.minecraft.world.level.block.state,net.minecraft.world.level.chunk,net.minecraft.world.level.gamerules,net.minecraft.world.level.material,net.minecraft.world.level.storage,net.minecraft.world.phys,net.minecraft.world.phys.shapes,org.bukkit,org.bukkit.craftbukkit.entity,org.bukkit.craftbukkit.event,org.bukkit.craftbukkit.inventory,org.bukkit.craftbukkit.util,org.bukkit.event,org.bukkit.event.block,org.bukkit.event.inventory,org.bukkit.event.player	pending	0	
mc.server.network.config	net.minecraft.server.network.config	net/minecraft/server/network/config/JoinWorldTask.java,net/minecraft/server/network/config/PrepareSpawnTask.java,net/minecraft/server/network/config/ServerCodeOfConductConfigurationTask.java,net/minecraft/server/network/config/ServerResourcePackConfigurationTask.java,net/minecraft/server/network/config/SynchronizeRegistriesTask.java,net/minecraft/server/network/config/package-info.java	minecraft	6	472	rivet-server	3	27	yes	com.mojang.serialization,net.minecraft.core,net.minecraft.nbt,net.minecraft.network,net.minecraft.network.protocol,net.minecraft.network.protocol.common,net.minecraft.network.protocol.configuration,net.minecraft.server,net.minecraft.server.level,net.minecraft.server.level.progress,net.minecraft.server.network,net.minecraft.server.packs.repository,net.minecraft.server.players,net.minecraft.tags,net.minecraft.util,net.minecraft.world.level,net.minecraft.world.level.storage,net.minecraft.world.phys	pending	0	
mc.server.notifications	net.minecraft.server.notifications	net/minecraft/server/notifications/EmptyNotificationService.java,net/minecraft/server/notifications/NotificationManager.java,net/minecraft/server/notifications/NotificationService.java,net/minecraft/server/notifications/ServerActivityMonitor.java,net/minecraft/server/notifications/package-info.java	minecraft	5	281	rivet-server	3	27	yes	net.minecraft.server.dedicated,net.minecraft.server.level,net.minecraft.server.players,net.minecraft.util,net.minecraft.world.level.gamerules	pending	0	
mc.server.packs	net.minecraft.server.packs	net/minecraft/server/packs/AbstractPackResources.java,net/minecraft/server/packs/CompositePackResources.java,net/minecraft/server/packs/DownloadCacheCleaner.java,net/minecraft/server/packs/DownloadQueue.java,net/minecraft/server/packs/FeatureFlagsMetadataSection.java,net/minecraft/server/packs/FilePackResources.java,net/minecraft/server/packs/OverlayMetadataSection.java,net/minecraft/server/packs/PackLocationInfo.java,net/minecraft/server/packs/PackResources.java,net/minecraft/server/packs/PackSelectionConfig.java,net/minecraft/server/packs/PackType.java,net/minecraft/server/packs/PathPackResources.java,net/minecraft/server/packs/VanillaPackResources.java,net/minecraft/server/packs/VanillaPackResourcesBuilder.java,net/minecraft/server/packs/package-info.java	minecraft	15	1292	rivet-server	3	27	yes	com.mojang.datafixers.util,com.mojang.serialization,net.minecraft,net.minecraft.core,net.minecraft.network.chat,net.minecraft.resources,net.minecraft.server.packs.metadata,net.minecraft.server.packs.metadata.pack,net.minecraft.server.packs.repository,net.minecraft.server.packs.resources,net.minecraft.util,net.minecraft.util.eventlog,net.minecraft.util.thread,net.minecraft.world.flag	pending	0	
mc.server.packs.linkfs	net.minecraft.server.packs.linkfs	net/minecraft/server/packs/linkfs/LinkFSFileStore.java,net/minecraft/server/packs/linkfs/LinkFSPath.java,net/minecraft/server/packs/linkfs/LinkFSProvider.java,net/minecraft/server/packs/linkfs/LinkFileSystem.java,net/minecraft/server/packs/linkfs/PathContents.java,net/minecraft/server/packs/linkfs/package-info.java	minecraft	6	860	rivet-server	3	27	yes	net.minecraft.util	pending	0	
mc.server.packs.metadata.pack	net.minecraft.server.packs.metadata.pack	net/minecraft/server/packs/metadata/pack/PackFormat.java,net/minecraft/server/packs/metadata/pack/PackMetadataSection.java,net/minecraft/server/packs/metadata/pack/package-info.java	minecraft	3	373	rivet-server	3	27	yes	com.mojang.serialization,net.minecraft.network.chat,net.minecraft.server.packs,net.minecraft.server.packs.metadata,net.minecraft.util	pending	0	
mc.server.packs.repository	net.minecraft.server.packs.repository	net/minecraft/server/packs/repository/BuiltInPackSource.java,net/minecraft/server/packs/repository/FolderRepositorySource.java,net/minecraft/server/packs/repository/KnownPack.java,net/minecraft/server/packs/repository/Pack.java,net/minecraft/server/packs/repository/PackCompatibility.java,net/minecraft/server/packs/repository/PackDetector.java,net/minecraft/server/packs/repository/PackRepository.java,net/minecraft/server/packs/repository/PackSource.java,net/minecraft/server/packs/repository/RepositorySource.java,net/minecraft/server/packs/repository/ServerPacksSource.java,net/minecraft/server/packs/repository/package-info.java	minecraft	11	818	rivet-server	3	27	yes	net.minecraft,net.minecraft.network.chat,net.minecraft.network.codec,net.minecraft.resources,net.minecraft.server.packs,net.minecraft.server.packs.linkfs,net.minecraft.server.packs.metadata.pack,net.minecraft.server.packs.resources,net.minecraft.util,net.minecraft.world.flag,net.minecraft.world.level.storage,net.minecraft.world.level.validation	pending	0	
mc.server.packs.resources	net.minecraft.server.packs.resources	net/minecraft/server/packs/resources/CloseableResourceManager.java,net/minecraft/server/packs/resources/FallbackResourceManager.java,net/minecraft/server/packs/resources/IoSupplier.java,net/minecraft/server/packs/resources/MultiPackResourceManager.java,net/minecraft/server/packs/resources/PreparableReloadListener.java,net/minecraft/server/packs/resources/ProfiledReloadInstance.java,net/minecraft/server/packs/resources/ReloadInstance.java,net/minecraft/server/packs/resources/ReloadableResourceManager.java,net/minecraft/server/packs/resources/Resource.java,net/minecraft/server/packs/resources/ResourceFilterSection.java,net/minecraft/server/packs/resources/ResourceManager.java,net/minecraft/server/packs/resources/ResourceManagerReloadListener.java,net/minecraft/server/packs/resources/ResourceMetadata.java,net/minecraft/server/packs/resources/ResourceProvider.java,net/minecraft/server/packs/resources/SimpleJsonResourceReloadListener.java,net/minecraft/server/packs/resources/SimplePreparableReloadListener.java,net/minecraft/server/packs/resources/SimpleReloadInstance.java,net/minecraft/server/packs/resources/package-info.java	minecraft	18	1330	rivet-server	3	27	yes	com.mojang.serialization,net.minecraft.core,net.minecraft.resources,net.minecraft.server.packs,net.minecraft.server.packs.metadata,net.minecraft.server.packs.repository,net.minecraft.util,net.minecraft.util.profiling	pending	0	
mc.server.permissions	net.minecraft.server.permissions	net/minecraft/server/permissions/LevelBasedPermissionSet.java,net/minecraft/server/permissions/Permission.java,net/minecraft/server/permissions/PermissionCheck.java,net/minecraft/server/permissions/PermissionCheckTypes.java,net/minecraft/server/permissions/PermissionLevel.java,net/minecraft/server/permissions/PermissionProviderCheck.java,net/minecraft/server/permissions/PermissionSet.java,net/minecraft/server/permissions/PermissionSetSupplier.java,net/minecraft/server/permissions/PermissionSetUnion.java,net/minecraft/server/permissions/PermissionTypes.java,net/minecraft/server/permissions/Permissions.java,net/minecraft/server/permissions/package-info.java	minecraft	12	334	rivet-server	3	27	yes	com.mojang.datafixers.util,com.mojang.serialization,net.minecraft.core,net.minecraft.core.registries,net.minecraft.resources,net.minecraft.util	pending	0	
mc.server.players	net.minecraft.server.players	net/minecraft/server/players/BanListEntry.java,net/minecraft/server/players/CachedUserNameToIdResolver.java,net/minecraft/server/players/IpBanList.java,net/minecraft/server/players/IpBanListEntry.java,net/minecraft/server/players/NameAndId.java,net/minecraft/server/players/OldUsersConverter.java,net/minecraft/server/players/PlayerList.java,net/minecraft/server/players/ProfileResolver.java,net/minecraft/server/players/ServerOpList.java,net/minecraft/server/players/ServerOpListEntry.java,net/minecraft/server/players/SleepStatus.java,net/minecraft/server/players/StoredUserEntry.java,net/minecraft/server/players/StoredUserList.java,net/minecraft/server/players/UserBanList.java,net/minecraft/server/players/UserBanListEntry.java,net/minecraft/server/players/UserNameToIdResolver.java,net/minecraft/server/players/UserWhiteList.java,net/minecraft/server/players/UserWhiteListEntry.java,net/minecraft/server/players/package-info.java	minecraft	19	3050	rivet-server	3	27	yes	com.mojang.datafixers.util,com.mojang.serialization,net.minecraft,net.minecraft.commands,net.minecraft.core,net.minecraft.nbt,net.minecraft.network,net.minecraft.network.chat,net.minecraft.network.protocol,net.minecraft.network.protocol.common,net.minecraft.network.protocol.game,net.minecraft.network.protocol.status,net.minecraft.resources,net.minecraft.server,net.minecraft.server.dedicated,net.minecraft.server.level,net.minecraft.server.network,net.minecraft.server.notifications,net.minecraft.server.permissions,net.minecraft.sounds,net.minecraft.stats,net.minecraft.tags,net.minecraft.util,net.minecraft.world.effect,net.minecraft.world.entity,net.minecraft.world.entity.player,net.minecraft.world.entity.projectile.throwableitemprojectile,net.minecraft.world.item.crafting,net.minecraft.world.level,net.minecraft.world.level.block,net.minecraft.world.level.block.state,net.minecraft.world.level.border,net.minecraft.world.level.gamerules,net.minecraft.world.level.portal,net.minecraft.world.level.storage,net.minecraft.world.phys,net.minecraft.world.scores	pending	0	
mc.server.rcon	net.minecraft.server.rcon	net/minecraft/server/rcon/NetworkDataOutputStream.java,net/minecraft/server/rcon/PktUtils.java,net/minecraft/server/rcon/RconConsoleSource.java,net/minecraft/server/rcon/package-info.java	minecraft	4	168	rivet-server	3	27	yes	net.minecraft.commands,net.minecraft.network.chat,net.minecraft.server,net.minecraft.server.level,net.minecraft.server.permissions,net.minecraft.world.phys	pending	0	
mc.server.rcon.thread	net.minecraft.server.rcon.thread	net/minecraft/server/rcon/thread/GenericThread.java,net/minecraft/server/rcon/thread/QueryThreadGs4.java,net/minecraft/server/rcon/thread/RconClient.java,net/minecraft/server/rcon/thread/RconThread.java,net/minecraft/server/rcon/thread/package-info.java	minecraft	5	710	rivet-server	3	27	yes	net.minecraft,net.minecraft.server,net.minecraft.server.dedicated,net.minecraft.server.rcon,net.minecraft.util	pending	0	
mc.server.waypoints	net.minecraft.server.waypoints	net/minecraft/server/waypoints/ServerWaypointManager.java,net/minecraft/server/waypoints/package-info.java	minecraft	2	161	rivet-server	3	27	yes	net.minecraft.server.level,net.minecraft.world.level.gamerules,net.minecraft.world.waypoints	pending	0	
mc.sounds	net.minecraft.sounds	net/minecraft/sounds/Music.java,net/minecraft/sounds/Musics.java,net/minecraft/sounds/SoundEvent.java,net/minecraft/sounds/SoundEvents.java,net/minecraft/sounds/SoundSource.java,net/minecraft/sounds/package-info.java	minecraft	6	2175	rivet-server	3	27	yes	com.mojang.serialization,net.minecraft.core,net.minecraft.core.registries,net.minecraft.network,net.minecraft.network.codec,net.minecraft.resources,net.minecraft.util,net.minecraft.world.entity.animal.chicken,net.minecraft.world.entity.animal.cow,net.minecraft.world.entity.animal.feline,net.minecraft.world.entity.animal.pig,net.minecraft.world.entity.animal.wolf	pending	0	
mc.stats	net.minecraft.stats	net/minecraft/stats/RecipeBook.java,net/minecraft/stats/RecipeBookSettings.java,net/minecraft/stats/ServerRecipeBook.java,net/minecraft/stats/ServerStatsCounter.java,net/minecraft/stats/Stat.java,net/minecraft/stats/StatFormatter.java,net/minecraft/stats/StatType.java,net/minecraft/stats/Stats.java,net/minecraft/stats/StatsCounter.java,net/minecraft/stats/package-info.java	minecraft	10	809	rivet-server	3	27	yes	com.mojang.datafixers,com.mojang.serialization,net.minecraft,net.minecraft.advancements.triggers,net.minecraft.core,net.minecraft.core.registries,net.minecraft.nbt,net.minecraft.network,net.minecraft.network.chat,net.minecraft.network.codec,net.minecraft.network.protocol.game,net.minecraft.resources,net.minecraft.server,net.minecraft.server.level,net.minecraft.util,net.minecraft.util.datafix,net.minecraft.world.entity,net.minecraft.world.entity.player,net.minecraft.world.inventory,net.minecraft.world.item,net.minecraft.world.item.crafting,net.minecraft.world.item.crafting.display,net.minecraft.world.level.block,net.minecraft.world.scores.criteria	pending	0	
mc.tags	net.minecraft.tags	net/minecraft/tags/BannerPatternTags.java,net/minecraft/tags/BiomeTags.java,net/minecraft/tags/BlockItemTagId.java,net/minecraft/tags/BlockItemTags.java,net/minecraft/tags/BlockTags.java,net/minecraft/tags/DamageTypeTags.java,net/minecraft/tags/DialogTags.java,net/minecraft/tags/EnchantmentTags.java,net/minecraft/tags/EntityTypeTags.java,net/minecraft/tags/FeatureTags.java,net/minecraft/tags/FlatLevelGeneratorPresetTags.java,net/minecraft/tags/FluidTags.java,net/minecraft/tags/GameEventTags.java,net/minecraft/tags/InstrumentTags.java,net/minecraft/tags/ItemTags.java,net/minecraft/tags/PaintingVariantTags.java,net/minecraft/tags/PoiTypeTags.java,net/minecraft/tags/PotionTags.java,net/minecraft/tags/StructureTags.java,net/minecraft/tags/TagBuilder.java,net/minecraft/tags/TagEntry.java,net/minecraft/tags/TagFile.java,net/minecraft/tags/TagKey.java,net/minecraft/tags/TagLoader.java,net/minecraft/tags/TagNetworkSerialization.java,net/minecraft/tags/TimelineTags.java,net/minecraft/tags/VillagerTradeTags.java,net/minecraft/tags/WorldPresetTags.java,net/minecraft/tags/package-info.java	minecraft	29	1706	rivet-registry	3	27	yes	com.mojang.datafixers.util,com.mojang.serialization,net.minecraft.core,net.minecraft.core.registries,net.minecraft.network,net.minecraft.network.codec,net.minecraft.resources,net.minecraft.server,net.minecraft.server.dialog,net.minecraft.server.packs.resources,net.minecraft.util,net.minecraft.world.damagesource,net.minecraft.world.entity,net.minecraft.world.entity.ai.village.poi,net.minecraft.world.entity.decoration.painting,net.minecraft.world.item,net.minecraft.world.item.alchemy,net.minecraft.world.item.enchantment,net.minecraft.world.item.trading,net.minecraft.world.level.biome,net.minecraft.world.level.block,net.minecraft.world.level.block.entity,net.minecraft.world.level.gameevent,net.minecraft.world.level.levelgen.feature,net.minecraft.world.level.levelgen.flat,net.minecraft.world.level.levelgen.presets,net.minecraft.world.level.levelgen.structure,net.minecraft.world.level.material,net.minecraft.world.timeline	pending	0	
mc.util	net.minecraft.util	net/minecraft/util/ARGB.java,net/minecraft/util/AbortableIterationConsumer.java,net/minecraft/util/AbstractListBuilder.java,net/minecraft/util/ArrayListDeque.java,net/minecraft/util/BinaryAnimator.java,net/minecraft/util/BitStorage.java,net/minecraft/util/BlockUtil.java,net/minecraft/util/BoundedFloatFunction.java,net/minecraft/util/Brightness.java,net/minecraft/util/ByIdMap.java,net/minecraft/util/ClassInstanceMultiMap.java,net/minecraft/util/ClassTreeIdRegistry.java,net/minecraft/util/ColorRGBA.java,net/minecraft/util/CommonColors.java,net/minecraft/util/CommonLinks.java,net/minecraft/util/CompilableString.java,net/minecraft/util/CrudeIncrementalIntIdentityHashBiMap.java,net/minecraft/util/Crypt.java,net/minecraft/util/CryptException.java,net/minecraft/util/CsvOutput.java,net/minecraft/util/CubicSpline.java,net/minecraft/util/DelegateDataOutput.java,net/minecraft/util/DependencySorter.java,net/minecraft/util/DirectoryLock.java,net/minecraft/util/DummyFileAttributes.java,net/minecraft/util/Ease.java,net/minecraft/util/EasingType.java,net/minecraft/util/EncoderCache.java,net/minecraft/util/ExceptionCollector.java,net/minecraft/util/ExtraCodecs.java,net/minecraft/util/FastBufferedInputStream.java,net/minecraft/util/FileSystemUtil.java,net/minecraft/util/FileUtil.java,net/minecraft/util/FileZipper.java,net/minecraft/util/FormattedCharSequence.java,net/minecraft/util/FormattedCharSink.java,net/minecraft/util/FutureChain.java,net/minecraft/util/Graph.java,net/minecraft/util/GsonHelper.java,net/minecraft/util/HashOps.java,net/minecraft/util/HttpUtil.java,net/minecraft/util/IdentifierPattern.java,net/minecraft/util/InclusiveRange.java,net/minecraft/util/KeyDispatchDataCodec.java,net/minecraft/util/Keyframe.java,net/minecraft/util/KeyframeTrack.java,net/minecraft/util/KeyframeTrackSampler.java,net/minecraft/util/LenientJsonParser.java,net/minecraft/util/LightCoordsUtil.java,net/minecraft/util/LinearCongruentialGenerator.java,net/minecraft/util/ListAndDeque.java,net/minecraft/util/MemoryReserve.java,net/minecraft/util/ModCheck.java,net/minecraft/util/Mth.java,net/minecraft/util/NativeModuleLister.java,net/minecraft/util/NullOps.java,net/minecraft/util/ParticleUtils.java,net/minecraft/util/PlaceholderLookupProvider.java,net/minecraft/util/PngInfo.java,net/minecraft/util/ProblemReporter.java,net/minecraft/util/ProgressListener.java,net/minecraft/util/RandomSource.java,net/minecraft/util/RegistryContextSwapper.java,net/minecraft/util/SegmentedAnglePrecision.java,net/minecraft/util/SequencedPriorityIterator.java,net/minecraft/util/SignatureUpdater.java,net/minecraft/util/SignatureValidator.java,net/minecraft/util/Signer.java,net/minecraft/util/SimpleBitStorage.java,net/minecraft/util/SingleKeyCache.java,net/minecraft/util/SmoothDouble.java,net/minecraft/util/SortedArraySet.java,net/minecraft/util/SpawnUtil.java,net/minecraft/util/SpecialDates.java,net/minecraft/util/StaticCache2D.java,net/minecraft/util/StrictJsonParser.java,net/minecraft/util/StringDecomposer.java,net/minecraft/util/StringRepresentable.java,net/minecraft/util/StringUtil.java,net/minecraft/util/TaskChainer.java,net/minecraft/util/ThreadingDetector.java,net/minecraft/util/TickThrottler.java,net/minecraft/util/TimeSource.java,net/minecraft/util/TimeUtil.java,net/minecraft/util/ToFloatFunction.java,net/minecraft/util/TriState.java,net/minecraft/util/Unit.java,net/minecraft/util/Util.java,net/minecraft/util/VisibleForDebug.java,net/minecraft/util/ZeroBitStorage.java,net/minecraft/util/package-info.java	minecraft	91	11571	rivet-util	3	27	yes	com.mojang.brigadier,com.mojang.brigadier.exceptions,com.mojang.datafixers,com.mojang.datafixers.util,com.mojang.serialization,net.minecraft,net.minecraft.core,net.minecraft.core.particles,net.minecraft.core.registries,net.minecraft.nbt,net.minecraft.network,net.minecraft.network.chat,net.minecraft.network.codec,net.minecraft.resources,net.minecraft.server.level,net.minecraft.tags,net.minecraft.util.datafix,net.minecraft.util.thread,net.minecraft.util.valueproviders,net.minecraft.world.attribute,net.minecraft.world.entity,net.minecraft.world.item,net.minecraft.world.level,net.minecraft.world.level.block,net.minecraft.world.level.block.state,net.minecraft.world.level.block.state.properties,net.minecraft.world.level.levelgen,net.minecraft.world.phys	pending	0	
mc.util.context	net.minecraft.util.context	net/minecraft/util/context/ContextKey.java,net/minecraft/util/context/ContextKeySet.java,net/minecraft/util/context/ContextMap.java,net/minecraft/util/context/package-info.java	minecraft	4	168	rivet-util	3	27	yes	net.minecraft.resources	pending	0	
mc.util.datafix	net.minecraft.util.datafix	net/minecraft/util/datafix/DataFixTypes.java,net/minecraft/util/datafix/DataFixers.java,net/minecraft/util/datafix/ExtraDataFixUtils.java,net/minecraft/util/datafix/LegacyComponentDataFixUtils.java,net/minecraft/util/datafix/PackedBitStorage.java,net/minecraft/util/datafix/package-info.java	minecraft	6	2073	rivet-util	3	27	yes	com.mojang.datafixers,com.mojang.datafixers.util,com.mojang.serialization,net.minecraft,net.minecraft.nbt,net.minecraft.util,net.minecraft.util.datafix.fixes,net.minecraft.util.datafix.schemas,net.minecraft.util.filefix,net.minecraft.util.filefix.fixes	pending	0	
mc.util.datafix.fixes	net.minecraft.util.datafix.fixes	net/minecraft/util/datafix/fixes/AbstractArrowPickupFix.java,net/minecraft/util/datafix/fixes/AbstractBlockPropertyFix.java,net/minecraft/util/datafix/fixes/AbstractPoiSectionFix.java,net/minecraft/util/datafix/fixes/AbstractUUIDFix.java,net/minecraft/util/datafix/fixes/AddFieldFix.java,net/minecraft/util/datafix/fixes/AddFlagIfNotPresentFix.java,net/minecraft/util/datafix/fixes/AddNewChoices.java,net/minecraft/util/datafix/fixes/AdvancementsFix.java,net/minecraft/util/datafix/fixes/AdvancementsRenameFix.java,net/minecraft/util/datafix/fixes/AreaEffectCloudDurationScaleFix.java,net/minecraft/util/datafix/fixes/AreaEffectCloudPotionFix.java,net/minecraft/util/datafix/fixes/AttributeIdPrefixFix.java,net/minecraft/util/datafix/fixes/AttributeModifierIdFix.java,net/minecraft/util/datafix/fixes/AttributesRenameFix.java,net/minecraft/util/datafix/fixes/AttributesRenameLegacy.java,net/minecraft/util/datafix/fixes/BannerEntityCustomNameToOverrideComponentFix.java,net/minecraft/util/datafix/fixes/BannerPatternFormatFix.java,net/minecraft/util/datafix/fixes/BedItemColorFix.java,net/minecraft/util/datafix/fixes/BeehiveFieldRenameFix.java,net/minecraft/util/datafix/fixes/BiomeFix.java,net/minecraft/util/datafix/fixes/BitStorageAlignFix.java,net/minecraft/util/datafix/fixes/BlendingDataFix.java,net/minecraft/util/datafix/fixes/BlendingDataRemoveFromNetherEndFix.java,net/minecraft/util/datafix/fixes/BlockEntityBannerColorFix.java,net/minecraft/util/datafix/fixes/BlockEntityBlockStateFix.java,net/minecraft/util/datafix/fixes/BlockEntityCustomNameToComponentFix.java,net/minecraft/util/datafix/fixes/BlockEntityFurnaceBurnTimeFix.java,net/minecraft/util/datafix/fixes/BlockEntityIdFix.java,net/minecraft/util/datafix/fixes/BlockEntityJukeboxFix.java,net/minecraft/util/datafix/fixes/BlockEntityKeepPacked.java,net/minecraft/util/datafix/fixes/BlockEntityRenameFix.java,net/minecraft/util/datafix/fixes/BlockEntityShulkerBoxColorFix.java,net/minecraft/util/datafix/fixes/BlockEntitySignDoubleSidedEditableTextFix.java,net/minecraft/util/datafix/fixes/BlockEntityUUIDFix.java,net/minecraft/util/datafix/fixes/BlockNameFlatteningFix.java,net/minecraft/util/datafix/fixes/BlockPosFormatAndRenamesFix.java,net/minecraft/util/datafix/fixes/BlockPropertyRenameAndFix.java,net/minecraft/util/datafix/fixes/BlockRenameFix.java,net/minecraft/util/datafix/fixes/BlockStateData.java,net/minecraft/util/datafix/fixes/BlockStateStructureTemplateFix.java,net/minecraft/util/datafix/fixes/BoatSplitFix.java,net/minecraft/util/datafix/fixes/CarvingStepRemoveFix.java,net/minecraft/util/datafix/fixes/CatTypeFix.java,net/minecraft/util/datafix/fixes/CauldronRenameFix.java,net/minecraft/util/datafix/fixes/CavesAndCliffsRenames.java,net/minecraft/util/datafix/fixes/ChestedHorsesInventoryZeroIndexingFix.java,net/minecraft/util/datafix/fixes/ChunkBedBlockEntityInjecterFix.java,net/minecraft/util/datafix/fixes/ChunkBiomeFix.java,net/minecraft/util/datafix/fixes/ChunkDeleteIgnoredLightDataFix.java,net/minecraft/util/datafix/fixes/ChunkDeleteLightFix.java,net/minecraft/util/datafix/fixes/ChunkHeightAndBiomeFix.java,net/minecraft/util/datafix/fixes/ChunkLightRemoveFix.java,net/minecraft/util/datafix/fixes/ChunkPalettedStorageFix.java,net/minecraft/util/datafix/fixes/ChunkProtoTickListFix.java,net/minecraft/util/datafix/fixes/ChunkRenamesFix.java,net/minecraft/util/datafix/fixes/ChunkStatusFix.java,net/minecraft/util/datafix/fixes/ChunkStatusFix2.java,net/minecraft/util/datafix/fixes/ChunkStructuresTemplateRenameFix.java,net/minecraft/util/datafix/fixes/ChunkTicketUnpackPosFix.java,net/minecraft/util/datafix/fixes/ChunkToProtochunkFix.java,net/minecraft/util/datafix/fixes/ColorlessShulkerEntityFix.java,net/minecraft/util/datafix/fixes/ContainerBlockEntityLockPredicateFix.java,net/minecraft/util/datafix/fixes/CopperGolemWeatherStateFix.java,net/minecraft/util/datafix/fixes/CriteriaRenameFix.java,net/minecraft/util/datafix/fixes/CustomModelDataExpandFix.java,net/minecraft/util/datafix/fixes/DataComponentRemainderFix.java,net/minecraft/util/datafix/fixes/DayTimeToClockFix.java,net/minecraft/util/datafix/fixes/DebugProfileLookingAtSplitFix.java,net/minecraft/util/datafix/fixes/DebugProfileOverlayReferenceFix.java,net/minecraft/util/datafix/fixes/DecoratedPotFieldRenameFix.java,net/minecraft/util/datafix/fixes/DropChancesFormatFix.java,net/minecraft/util/datafix/fixes/DropInvalidSignDataFix.java,net/minecraft/util/datafix/fixes/DyeItemRenameFix.java,net/minecraft/util/datafix/fixes/EffectDurationFix.java,net/minecraft/util/datafix/fixes/EmptyItemInHotbarFix.java,net/minecraft/util/datafix/fixes/EmptyItemInVillagerTradeFix.java,net/minecraft/util/datafix/fixes/EntityArmorStandSilentFix.java,net/minecraft/util/datafix/fixes/EntityAttributeBaseValueFix.java,net/minecraft/util/datafix/fixes/EntityBlockStateFix.java,net/minecraft/util/datafix/fixes/EntityBrushableBlockFieldsRenameFix.java,net/minecraft/util/datafix/fixes/EntityCatSplitFix.java,net/minecraft/util/datafix/fixes/EntityCodSalmonFix.java,net/minecraft/util/datafix/fixes/EntityCustomNameToComponentFix.java,net/minecraft/util/datafix/fixes/EntityElderGuardianSplitFix.java,net/minecraft/util/datafix/fixes/EntityEquipmentToArmorAndHandFix.java,net/minecraft/util/datafix/fixes/EntityFallDistanceFloatToDoubleFix.java,net/minecraft/util/datafix/fixes/EntityFieldsRenameFix.java,net/minecraft/util/datafix/fixes/EntityGoatMissingStateFix.java,net/minecraft/util/datafix/fixes/EntityHealthFix.java,net/minecraft/util/datafix/fixes/EntityHorseSaddleFix.java,net/minecraft/util/datafix/fixes/EntityHorseSplitFix.java,net/minecraft/util/datafix/fixes/EntityIdFix.java,net/minecraft/util/datafix/fixes/EntityItemFrameDirectionFix.java,net/minecraft/util/datafix/fixes/EntityMinecartIdentifiersFix.java,net/minecraft/util/datafix/fixes/EntityPaintingItemFrameDirectionFix.java,net/minecraft/util/datafix/fixes/EntityPaintingMotiveFix.java,net/minecraft/util/datafix/fixes/EntityProjectileOwnerFix.java,net/minecraft/util/datafix/fixes/EntityPufferfishRenameFix.java,net/minecraft/util/datafix/fixes/EntityRavagerRenameFix.java,net/minecraft/util/datafix/fixes/EntityRedundantChanceTagsFix.java,net/minecraft/util/datafix/fixes/EntityRenameFix.java,net/minecraft/util/datafix/fixes/EntityRidingToPassengersFix.java,net/minecraft/util/datafix/fixes/EntitySalmonSizeFix.java,net/minecraft/util/datafix/fixes/EntityShulkerColorFix.java,net/minecraft/util/datafix/fixes/EntityShulkerRotationFix.java,net/minecraft/util/datafix/fixes/EntitySkeletonSplitFix.java,net/minecraft/util/datafix/fixes/EntitySpawnerItemVariantComponentFix.java,net/minecraft/util/datafix/fixes/EntityStringUuidFix.java,net/minecraft/util/datafix/fixes/EntityTheRenameningFix.java,net/minecraft/util/datafix/fixes/EntityTippedArrowFix.java,net/minecraft/util/datafix/fixes/EntityUUIDFix.java,net/minecraft/util/datafix/fixes/EntityVariantFix.java,net/minecraft/util/datafix/fixes/EntityWolfColorFix.java,net/minecraft/util/datafix/fixes/EntityZombieSplitFix.java,net/minecraft/util/datafix/fixes/EntityZombieVillagerTypeFix.java,net/minecraft/util/datafix/fixes/EntityZombifiedPiglinRenameFix.java,net/minecraft/util/datafix/fixes/EquipmentFormatFix.java,net/minecraft/util/datafix/fixes/EquippableAssetRenameFix.java,net/minecraft/util/datafix/fixes/FeatureFlagRemoveFix.java,net/minecraft/util/datafix/fixes/FilteredBooksFix.java,net/minecraft/util/datafix/fixes/FilteredSignsFix.java,net/minecraft/util/datafix/fixes/FireResistantToDamageResistantComponentFix.java,net/minecraft/util/datafix/fixes/FixProjectileStoredItem.java,net/minecraft/util/datafix/fixes/FixWolfHealth.java,net/minecraft/util/datafix/fixes/FoodToConsumableFix.java,net/minecraft/util/datafix/fixes/ForcePoiRebuild.java,net/minecraft/util/datafix/fixes/ForcedChunkToTicketFix.java,net/minecraft/util/datafix/fixes/FurnaceRecipeFix.java,net/minecraft/util/datafix/fixes/GameRuleRegistryFix.java,net/minecraft/util/datafix/fixes/GoatHornIdFix.java,net/minecraft/util/datafix/fixes/GossipUUIDFix.java,net/minecraft/util/datafix/fixes/HeightmapRenamingFix.java,net/minecraft/util/datafix/fixes/HorseBodyArmorItemFix.java,net/minecraft/util/datafix/fixes/IglooMetadataRemovalFix.java,net/minecraft/util/datafix/fixes/InlineBlockPosFormatFix.java,net/minecraft/util/datafix/fixes/InvalidBlockEntityLockFix.java,net/minecraft/util/datafix/fixes/InvalidLockComponentFix.java,net/minecraft/util/datafix/fixes/ItemBannerColorFix.java,net/minecraft/util/datafix/fixes/ItemCustomNameToComponentFix.java,net/minecraft/util/datafix/fixes/ItemIdFix.java,net/minecraft/util/datafix/fixes/ItemLoreFix.java,net/minecraft/util/datafix/fixes/ItemPotionFix.java,net/minecraft/util/datafix/fixes/ItemRenameFix.java,net/minecraft/util/datafix/fixes/ItemShulkerBoxColorFix.java,net/minecraft/util/datafix/fixes/ItemSpawnEggFix.java,net/minecraft/util/datafix/fixes/ItemStackComponentizationFix.java,net/minecraft/util/datafix/fixes/ItemStackCustomNameToOverrideComponentFix.java,net/minecraft/util/datafix/fixes/ItemStackEnchantmentNamesFix.java,net/minecraft/util/datafix/fixes/ItemStackMapIdFix.java,net/minecraft/util/datafix/fixes/ItemStackSpawnEggFix.java,net/minecraft/util/datafix/fixes/ItemStackTagFix.java,net/minecraft/util/datafix/fixes/ItemStackTagRemainderFix.java,net/minecraft/util/datafix/fixes/ItemStackTheFlatteningFix.java,net/minecraft/util/datafix/fixes/ItemStackUUIDFix.java,net/minecraft/util/datafix/fixes/ItemWaterPotionFix.java,net/minecraft/util/datafix/fixes/JigsawPropertiesFix.java,net/minecraft/util/datafix/fixes/JigsawRotationFix.java,net/minecraft/util/datafix/fixes/JukeboxTicksSinceSongStartedFix.java,net/minecraft/util/datafix/fixes/LeavesFix.java,net/minecraft/util/datafix/fixes/LegacyDimensionIdFix.java,net/minecraft/util/datafix/fixes/LegacyDragonFightFix.java,net/minecraft/util/datafix/fixes/LegacyHoverEventFix.java,net/minecraft/util/datafix/fixes/LegacyWorldBorderFix.java,net/minecraft/util/datafix/fixes/LevelDatDifficultyFix.java,net/minecraft/util/datafix/fixes/LevelDatToSavedDataPreparationFix.java,net/minecraft/util/datafix/fixes/LevelDataGeneratorOptionsFix.java,net/minecraft/util/datafix/fixes/LevelFlatGeneratorInfoFix.java,net/minecraft/util/datafix/fixes/LevelLegacyWorldGenSettingsFix.java,net/minecraft/util/datafix/fixes/LevelUUIDFix.java,net/minecraft/util/datafix/fixes/LockComponentPredicateFix.java,net/minecraft/util/datafix/fixes/LodestoneCompassComponentFix.java,net/minecraft/util/datafix/fixes/MapBannerBlockPosFormatFix.java,net/minecraft/util/datafix/fixes/MapIdFix.java,net/minecraft/util/datafix/fixes/MemoryExpiryDataFix.java,net/minecraft/util/datafix/fixes/MissingDimensionFix.java,net/minecraft/util/datafix/fixes/MobEffectIdFix.java,net/minecraft/util/datafix/fixes/MobSpawnerEntityIdentifiersFix.java,net/minecraft/util/datafix/fixes/NamedEntityConvertUncheckedFix.java,net/minecraft/util/datafix/fixes/NamedEntityFix.java,net/minecraft/util/datafix/fixes/NamedEntityWriteReadFix.java,net/minecraft/util/datafix/fixes/NamespacedTypeRenameFix.java,net/minecraft/util/datafix/fixes/NewVillageFix.java,net/minecraft/util/datafix/fixes/ObjectiveRenderTypeFix.java,net/minecraft/util/datafix/fixes/OminousBannerBlockEntityRenameFix.java,net/minecraft/util/datafix/fixes/OminousBannerRarityFix.java,net/minecraft/util/datafix/fixes/OminousBannerRenameFix.java,net/minecraft/util/datafix/fixes/OptionsAccessibilityOnboardFix.java,net/minecraft/util/datafix/fixes/OptionsAddTextBackgroundFix.java,net/minecraft/util/datafix/fixes/OptionsAmbientOcclusionFix.java,net/minecraft/util/datafix/fixes/OptionsFancyGraphicsToGraphicsModeFix.java,net/minecraft/util/datafix/fixes/OptionsForceDefaultGraphicsApiFix.java,net/minecraft/util/datafix/fixes/OptionsForceVBOFix.java,net/minecraft/util/datafix/fixes/OptionsGraphicsModeSplitFix.java,net/minecraft/util/datafix/fixes/OptionsKeyLwjgl3Fix.java,net/minecraft/util/datafix/fixes/OptionsKeyTranslationFix.java,net/minecraft/util/datafix/fixes/OptionsLowerCaseLanguageFix.java,net/minecraft/util/datafix/fixes/OptionsMenuBlurrinessFix.java,net/minecraft/util/datafix/fixes/OptionsMusicToastFix.java,net/minecraft/util/datafix/fixes/OptionsProgrammerArtFix.java,net/minecraft/util/datafix/fixes/OptionsRenameFieldFix.java,net/minecraft/util/datafix/fixes/OptionsSetGraphicsPresetToCustomFix.java,net/minecraft/util/datafix/fixes/OverreachingTickFix.java,net/minecraft/util/datafix/fixes/ParticleUnflatteningFix.java,net/minecraft/util/datafix/fixes/PlayerEquipmentFix.java,net/minecraft/util/datafix/fixes/PlayerHeadBlockProfileFix.java,net/minecraft/util/datafix/fixes/PlayerRespawnDataFix.java,net/minecraft/util/datafix/fixes/PlayerUUIDFix.java,net/minecraft/util/datafix/fixes/PoiTypeRemoveFix.java,net/minecraft/util/datafix/fixes/PoiTypeRenameFix.java,net/minecraft/util/datafix/fixes/PrimedTntBlockStateFixer.java,net/minecraft/util/datafix/fixes/ProjectileStoredWeaponFix.java,net/minecraft/util/datafix/fixes/RaidRenamesDataFix.java,net/minecraft/util/datafix/fixes/RandomSequenceSettingsFix.java,net/minecraft/util/datafix/fixes/RecipesFix.java,net/minecraft/util/datafix/fixes/RecipesRenameningFix.java,net/minecraft/util/datafix/fixes/RedstoneWireConnectionsFix.java,net/minecraft/util/datafix/fixes/References.java,net/minecraft/util/datafix/fixes/RemapChunkStatusFix.java,net/minecraft/util/datafix/fixes/RemoveBlockEntityTagFix.java,net/minecraft/util/datafix/fixes/RemoveEmptyItemInBrushableBlockFix.java,net/minecraft/util/datafix/fixes/RemoveGolemGossipFix.java,net/minecraft/util/datafix/fixes/RenameEnchantmentsFix.java,net/minecraft/util/datafix/fixes/RenameNameplateToNameTagFix.java,net/minecraft/util/datafix/fixes/RenamedCoralFansFix.java,net/minecraft/util/datafix/fixes/RenamedCoralFix.java,net/minecraft/util/datafix/fixes/ReorganizePoi.java,net/minecraft/util/datafix/fixes/SaddleEquipmentSlotFix.java,net/minecraft/util/datafix/fixes/SavedDataFeaturePoolElementFix.java,net/minecraft/util/datafix/fixes/SavedDataUUIDFix.java,net/minecraft/util/datafix/fixes/ScoreboardDisplayNameFix.java,net/minecraft/util/datafix/fixes/ScoreboardDisplaySlotFix.java,net/minecraft/util/datafix/fixes/SignTextStrictJsonFix.java,net/minecraft/util/datafix/fixes/SimpleEntityRenameFix.java,net/minecraft/util/datafix/fixes/SimplestEntityRenameFix.java,net/minecraft/util/datafix/fixes/SpawnerDataFix.java,net/minecraft/util/datafix/fixes/StatsCounterFix.java,net/minecraft/util/datafix/fixes/StatsRenameFix.java,net/minecraft/util/datafix/fixes/StonecutterRecipeRenameFix.java,net/minecraft/util/datafix/fixes/StriderGravityFix.java,net/minecraft/util/datafix/fixes/StructureReferenceCountFix.java,net/minecraft/util/datafix/fixes/StructureSettingsFlattenFix.java,net/minecraft/util/datafix/fixes/StructuresBecomeConfiguredFix.java,net/minecraft/util/datafix/fixes/TextComponentHoverAndClickEventFix.java,net/minecraft/util/datafix/fixes/TextComponentStringifiedFlagsFix.java,net/minecraft/util/datafix/fixes/ThrownPotionSplitFix.java,net/minecraft/util/datafix/fixes/TippedArrowPotionToItemFix.java,net/minecraft/util/datafix/fixes/TooltipDisplayComponentFix.java,net/minecraft/util/datafix/fixes/TrappedChestBlockEntityFix.java,net/minecraft/util/datafix/fixes/TrialSpawnerConfigFix.java,net/minecraft/util/datafix/fixes/TrialSpawnerConfigInRegistryFix.java,net/minecraft/util/datafix/fixes/TridentAnimationFix.java,net/minecraft/util/datafix/fixes/UnflattenTextComponentFix.java,net/minecraft/util/datafix/fixes/VariantRenameFix.java,net/minecraft/util/datafix/fixes/VillagerDataFix.java,net/minecraft/util/datafix/fixes/VillagerFollowRangeFix.java,net/minecraft/util/datafix/fixes/VillagerRebuildLevelAndXpFix.java,net/minecraft/util/datafix/fixes/VillagerSetCanPickUpLootFix.java,net/minecraft/util/datafix/fixes/VillagerSetVillagerDataFinalized.java,net/minecraft/util/datafix/fixes/VillagerTradeFix.java,net/minecraft/util/datafix/fixes/WallPropertyFix.java,net/minecraft/util/datafix/fixes/WeaponSmithChestLootTableFix.java,net/minecraft/util/datafix/fixes/WorldBorderWarningTimeFix.java,net/minecraft/util/datafix/fixes/WorldGenSettingsDisallowOldCustomWorldsFix.java,net/minecraft/util/datafix/fixes/WorldGenSettingsFix.java,net/minecraft/util/datafix/fixes/WorldGenSettingsHeightAndBiomeFix.java,net/minecraft/util/datafix/fixes/WorldSpawnDataFix.java,net/minecraft/util/datafix/fixes/WriteAndReadFix.java,net/minecraft/util/datafix/fixes/WrittenBookPagesStrictJsonFix.java,net/minecraft/util/datafix/fixes/ZombieVillagerRebuildXpFix.java,net/minecraft/util/datafix/fixes/ZombieVillagerSetVillagerDataFinalized.java,net/minecraft/util/datafix/fixes/package-info.java	minecraft	271	28487	rivet-util	3	27	yes	com.mojang.brigadier,com.mojang.brigadier.exceptions,com.mojang.datafixers,com.mojang.datafixers.util,com.mojang.serialization,net.minecraft,net.minecraft.core,net.minecraft.nbt,net.minecraft.resources,net.minecraft.util,net.minecraft.util.datafix,net.minecraft.util.datafix.schemas	pending	0	
mc.util.datafix.schemas	net.minecraft.util.datafix.schemas	net/minecraft/util/datafix/schemas/NamespacedSchema.java,net/minecraft/util/datafix/schemas/V100.java,net/minecraft/util/datafix/schemas/V102.java,net/minecraft/util/datafix/schemas/V1022.java,net/minecraft/util/datafix/schemas/V106.java,net/minecraft/util/datafix/schemas/V107.java,net/minecraft/util/datafix/schemas/V1125.java,net/minecraft/util/datafix/schemas/V135.java,net/minecraft/util/datafix/schemas/V143.java,net/minecraft/util/datafix/schemas/V1451.java,net/minecraft/util/datafix/schemas/V1451_1.java,net/minecraft/util/datafix/schemas/V1451_2.java,net/minecraft/util/datafix/schemas/V1451_3.java,net/minecraft/util/datafix/schemas/V1451_4.java,net/minecraft/util/datafix/schemas/V1451_5.java,net/minecraft/util/datafix/schemas/V1451_6.java,net/minecraft/util/datafix/schemas/V1458.java,net/minecraft/util/datafix/schemas/V1460.java,net/minecraft/util/datafix/schemas/V1466.java,net/minecraft/util/datafix/schemas/V1470.java,net/minecraft/util/datafix/schemas/V1481.java,net/minecraft/util/datafix/schemas/V1483.java,net/minecraft/util/datafix/schemas/V1486.java,net/minecraft/util/datafix/schemas/V1488.java,net/minecraft/util/datafix/schemas/V1510.java,net/minecraft/util/datafix/schemas/V1800.java,net/minecraft/util/datafix/schemas/V1801.java,net/minecraft/util/datafix/schemas/V1904.java,net/minecraft/util/datafix/schemas/V1906.java,net/minecraft/util/datafix/schemas/V1909.java,net/minecraft/util/datafix/schemas/V1920.java,net/minecraft/util/datafix/schemas/V1928.java,net/minecraft/util/datafix/schemas/V1929.java,net/minecraft/util/datafix/schemas/V1931.java,net/minecraft/util/datafix/schemas/V2100.java,net/minecraft/util/datafix/schemas/V2501.java,net/minecraft/util/datafix/schemas/V2502.java,net/minecraft/util/datafix/schemas/V2505.java,net/minecraft/util/datafix/schemas/V2509.java,net/minecraft/util/datafix/schemas/V2511_1.java,net/minecraft/util/datafix/schemas/V2519.java,net/minecraft/util/datafix/schemas/V2522.java,net/minecraft/util/datafix/schemas/V2551.java,net/minecraft/util/datafix/schemas/V2568.java,net/minecraft/util/datafix/schemas/V2571.java,net/minecraft/util/datafix/schemas/V2684.java,net/minecraft/util/datafix/schemas/V2686.java,net/minecraft/util/datafix/schemas/V2688.java,net/minecraft/util/datafix/schemas/V2704.java,net/minecraft/util/datafix/schemas/V2707.java,net/minecraft/util/datafix/schemas/V2831.java,net/minecraft/util/datafix/schemas/V2832.java,net/minecraft/util/datafix/schemas/V2842.java,net/minecraft/util/datafix/schemas/V3076.java,net/minecraft/util/datafix/schemas/V3078.java,net/minecraft/util/datafix/schemas/V3081.java,net/minecraft/util/datafix/schemas/V3082.java,net/minecraft/util/datafix/schemas/V3083.java,net/minecraft/util/datafix/schemas/V3202.java,net/minecraft/util/datafix/schemas/V3203.java,net/minecraft/util/datafix/schemas/V3204.java,net/minecraft/util/datafix/schemas/V3325.java,net/minecraft/util/datafix/schemas/V3326.java,net/minecraft/util/datafix/schemas/V3327.java,net/minecraft/util/datafix/schemas/V3328.java,net/minecraft/util/datafix/schemas/V3438.java,net/minecraft/util/datafix/schemas/V3439.java,net/minecraft/util/datafix/schemas/V3439_1.java,net/minecraft/util/datafix/schemas/V3448.java,net/minecraft/util/datafix/schemas/V3682.java,net/minecraft/util/datafix/schemas/V3683.java,net/minecraft/util/datafix/schemas/V3685.java,net/minecraft/util/datafix/schemas/V3689.java,net/minecraft/util/datafix/schemas/V3799.java,net/minecraft/util/datafix/schemas/V3807.java,net/minecraft/util/datafix/schemas/V3808.java,net/minecraft/util/datafix/schemas/V3808_1.java,net/minecraft/util/datafix/schemas/V3808_2.java,net/minecraft/util/datafix/schemas/V3813.java,net/minecraft/util/datafix/schemas/V3816.java,net/minecraft/util/datafix/schemas/V3818.java,net/minecraft/util/datafix/schemas/V3818_3.java,net/minecraft/util/datafix/schemas/V3818_4.java,net/minecraft/util/datafix/schemas/V3818_5.java,net/minecraft/util/datafix/schemas/V3825.java,net/minecraft/util/datafix/schemas/V3938.java,net/minecraft/util/datafix/schemas/V4059.java,net/minecraft/util/datafix/schemas/V4067.java,net/minecraft/util/datafix/schemas/V4070.java,net/minecraft/util/datafix/schemas/V4071.java,net/minecraft/util/datafix/schemas/V4290.java,net/minecraft/util/datafix/schemas/V4292.java,net/minecraft/util/datafix/schemas/V4300.java,net/minecraft/util/datafix/schemas/V4301.java,net/minecraft/util/datafix/schemas/V4302.java,net/minecraft/util/datafix/schemas/V4306.java,net/minecraft/util/datafix/schemas/V4307.java,net/minecraft/util/datafix/schemas/V4312.java,net/minecraft/util/datafix/schemas/V4420.java,net/minecraft/util/datafix/schemas/V4421.java,net/minecraft/util/datafix/schemas/V4531.java,net/minecraft/util/datafix/schemas/V4532.java,net/minecraft/util/datafix/schemas/V4533.java,net/minecraft/util/datafix/schemas/V4543.java,net/minecraft/util/datafix/schemas/V4648.java,net/minecraft/util/datafix/schemas/V4656.java,net/minecraft/util/datafix/schemas/V4771.java,net/minecraft/util/datafix/schemas/V4881.java,net/minecraft/util/datafix/schemas/V4885.java,net/minecraft/util/datafix/schemas/V501.java,net/minecraft/util/datafix/schemas/V700.java,net/minecraft/util/datafix/schemas/V701.java,net/minecraft/util/datafix/schemas/V702.java,net/minecraft/util/datafix/schemas/V703.java,net/minecraft/util/datafix/schemas/V704.java,net/minecraft/util/datafix/schemas/V705.java,net/minecraft/util/datafix/schemas/V808.java,net/minecraft/util/datafix/schemas/V99.java,net/minecraft/util/datafix/schemas/package-info.java	minecraft	119	4645	rivet-util	3	27	yes	com.mojang.datafixers,com.mojang.datafixers.util,com.mojang.serialization,net.minecraft.resources,net.minecraft.util.datafix.fixes	pending	0	
mc.util.debug	net.minecraft.util.debug	net/minecraft/util/debug/DebugBeeInfo.java,net/minecraft/util/debug/DebugBrainDump.java,net/minecraft/util/debug/DebugBreezeInfo.java,net/minecraft/util/debug/DebugEntityBlockIntersection.java,net/minecraft/util/debug/DebugGameEventInfo.java,net/minecraft/util/debug/DebugGameEventListenerInfo.java,net/minecraft/util/debug/DebugGoalInfo.java,net/minecraft/util/debug/DebugHiveInfo.java,net/minecraft/util/debug/DebugPathInfo.java,net/minecraft/util/debug/DebugPoiInfo.java,net/minecraft/util/debug/DebugStructureInfo.java,net/minecraft/util/debug/DebugSubscription.java,net/minecraft/util/debug/DebugSubscriptions.java,net/minecraft/util/debug/DebugValueAccess.java,net/minecraft/util/debug/DebugValueSource.java,net/minecraft/util/debug/LevelDebugSynchronizers.java,net/minecraft/util/debug/ServerDebugSubscribers.java,net/minecraft/util/debug/TrackingDebugSynchronizer.java,net/minecraft/util/debug/package-info.java	minecraft	19	1235	rivet-util	3	27	yes	net.minecraft,net.minecraft.core,net.minecraft.core.registries,net.minecraft.network,net.minecraft.network.codec,net.minecraft.network.protocol,net.minecraft.network.protocol.game,net.minecraft.resources,net.minecraft.server,net.minecraft.server.level,net.minecraft.server.players,net.minecraft.util,net.minecraft.world,net.minecraft.world.damagesource,net.minecraft.world.entity,net.minecraft.world.entity.ai,net.minecraft.world.entity.ai.behavior,net.minecraft.world.entity.ai.memory,net.minecraft.world.entity.ai.village.poi,net.minecraft.world.entity.monster.warden,net.minecraft.world.entity.npc,net.minecraft.world.entity.npc.villager,net.minecraft.world.entity.schedule,net.minecraft.world.level,net.minecraft.world.level.block,net.minecraft.world.level.block.entity,net.minecraft.world.level.chunk,net.minecraft.world.level.gameevent,net.minecraft.world.level.levelgen.structure,net.minecraft.world.level.pathfinder,net.minecraft.world.level.redstone,net.minecraft.world.phys	pending	0	
mc.util.debugchart	net.minecraft.util.debugchart	net/minecraft/util/debugchart/AbstractSampleLogger.java,net/minecraft/util/debugchart/LocalSampleLogger.java,net/minecraft/util/debugchart/RemoteDebugSampleType.java,net/minecraft/util/debugchart/RemoteSampleLogger.java,net/minecraft/util/debugchart/SampleLogger.java,net/minecraft/util/debugchart/SampleStorage.java,net/minecraft/util/debugchart/TpsDebugDimensions.java,net/minecraft/util/debugchart/package-info.java	minecraft	8	189	rivet-util	3	27	yes	net.minecraft.network.protocol.game,net.minecraft.util.debug	pending	0	
mc.util.filefix	net.minecraft.util.filefix	net/minecraft/util/filefix/AbortedFileFixException.java,net/minecraft/util/filefix/AtomicMoveNotSupportedFileFixException.java,net/minecraft/util/filefix/CanceledFileFixException.java,net/minecraft/util/filefix/FailedCleanupFileFixException.java,net/minecraft/util/filefix/FileFix.java,net/minecraft/util/filefix/FileFixException.java,net/minecraft/util/filefix/FileFixUtil.java,net/minecraft/util/filefix/FileFixerUpper.java,net/minecraft/util/filefix/FileSystemCapabilities.java,net/minecraft/util/filefix/package-info.java	minecraft	10	753	rivet-util	3	27	yes	com.mojang.datafixers,com.mojang.serialization,net.minecraft,net.minecraft.nbt,net.minecraft.util,net.minecraft.util.datafix,net.minecraft.util.filefix.access,net.minecraft.util.filefix.operations,net.minecraft.util.filefix.virtualfilesystem,net.minecraft.util.worldupdate,net.minecraft.world.level.storage	pending	0	
mc.util.filefix.access	net.minecraft.util.filefix.access	net/minecraft/util/filefix/access/ChunkNbt.java,net/minecraft/util/filefix/access/CompressedNbt.java,net/minecraft/util/filefix/access/FileAccess.java,net/minecraft/util/filefix/access/FileAccessProvider.java,net/minecraft/util/filefix/access/FileRelation.java,net/minecraft/util/filefix/access/FileResourceType.java,net/minecraft/util/filefix/access/FileResourceTypes.java,net/minecraft/util/filefix/access/LevelDat.java,net/minecraft/util/filefix/access/PlayerData.java,net/minecraft/util/filefix/access/SavedDataNbt.java,net/minecraft/util/filefix/access/package-info.java	minecraft	11	450	rivet-util	3	27	yes	com.mojang.serialization,net.minecraft.nbt,net.minecraft.util,net.minecraft.util.datafix,net.minecraft.util.datafix.fixes,net.minecraft.world.level,net.minecraft.world.level.chunk.storage	pending	0	
mc.util.filefix.fixes	net.minecraft.util.filefix.fixes	net/minecraft/util/filefix/fixes/DimensionStorageFileFix.java,net/minecraft/util/filefix/fixes/GeneratedStructuresRenameFileFix.java,net/minecraft/util/filefix/fixes/LegacyStructureFileFix.java,net/minecraft/util/filefix/fixes/LevelDatToSavedDataFileFix.java,net/minecraft/util/filefix/fixes/PlayerStorageFileFix.java,net/minecraft/util/filefix/fixes/ReenableSpectatorsGenerateChunksInHardcoreWorldsFileFix.java,net/minecraft/util/filefix/fixes/RemoveObsoleteFilesFileFix.java,net/minecraft/util/filefix/fixes/ResourcePackLocationFileFix.java,net/minecraft/util/filefix/fixes/package-info.java	minecraft	9	674	rivet-util	3	27	yes	com.mojang.serialization,net.minecraft.core,net.minecraft.core.registries,net.minecraft.nbt,net.minecraft.resources,net.minecraft.server.level,net.minecraft.util,net.minecraft.util.datafix,net.minecraft.util.datafix.fixes,net.minecraft.util.filefix,net.minecraft.util.filefix.access,net.minecraft.util.filefix.operations,net.minecraft.util.worldupdate,net.minecraft.world.level,net.minecraft.world.level.chunk.storage	pending	0	
mc.util.filefix.operations	net.minecraft.util.filefix.operations	net/minecraft/util/filefix/operations/ApplyInFolders.java,net/minecraft/util/filefix/operations/DeleteFileOrEmptyDirectory.java,net/minecraft/util/filefix/operations/FileFixOperation.java,net/minecraft/util/filefix/operations/FileFixOperations.java,net/minecraft/util/filefix/operations/GroupMove.java,net/minecraft/util/filefix/operations/ModifyContent.java,net/minecraft/util/filefix/operations/Move.java,net/minecraft/util/filefix/operations/RegexMove.java,net/minecraft/util/filefix/operations/package-info.java	minecraft	9	188	rivet-util	3	27	yes	net.minecraft.util.filefix,net.minecraft.util.filefix.access,net.minecraft.util.worldupdate	pending	0	
mc.util.filefix.virtualfilesystem	net.minecraft.util.filefix.virtualfilesystem	net/minecraft/util/filefix/virtualfilesystem/CopyOnWriteFSPath.java,net/minecraft/util/filefix/virtualfilesystem/CopyOnWriteFSProvider.java,net/minecraft/util/filefix/virtualfilesystem/CopyOnWriteFileStore.java,net/minecraft/util/filefix/virtualfilesystem/CopyOnWriteFileSystem.java,net/minecraft/util/filefix/virtualfilesystem/DirectoryNode.java,net/minecraft/util/filefix/virtualfilesystem/FileMove.java,net/minecraft/util/filefix/virtualfilesystem/FileNode.java,net/minecraft/util/filefix/virtualfilesystem/Node.java,net/minecraft/util/filefix/virtualfilesystem/package-info.java	minecraft	9	1084	rivet-util	3	27	yes	com.mojang.serialization,net.minecraft.util,net.minecraft.util.filefix.virtualfilesystem.exception	pending	0	
mc.util.monitoring.jmx	net.minecraft.util.monitoring.jmx	net/minecraft/util/monitoring/jmx/MinecraftServerStatistics.java,net/minecraft/util/monitoring/jmx/package-info.java	minecraft	2	122	rivet-util	3	27	yes	net.minecraft.server	pending	0	
mc.util.parsing.packrat	net.minecraft.util.parsing.packrat	net/minecraft/util/parsing/packrat/Atom.java,net/minecraft/util/parsing/packrat/CachedParseState.java,net/minecraft/util/parsing/packrat/Control.java,net/minecraft/util/parsing/packrat/DelayedException.java,net/minecraft/util/parsing/packrat/Dictionary.java,net/minecraft/util/parsing/packrat/ErrorCollector.java,net/minecraft/util/parsing/packrat/ErrorEntry.java,net/minecraft/util/parsing/packrat/NamedRule.java,net/minecraft/util/parsing/packrat/ParseState.java,net/minecraft/util/parsing/packrat/Rule.java,net/minecraft/util/parsing/packrat/Scope.java,net/minecraft/util/parsing/packrat/SuggestionSupplier.java,net/minecraft/util/parsing/packrat/Term.java,net/minecraft/util/parsing/packrat/package-info.java	minecraft	14	1118	rivet-util	3	27	yes	com.mojang.brigadier.exceptions,net.minecraft.util,net.minecraft.util.parsing.packrat.commands	pending	0	
mc.util.parsing.packrat.commands	net.minecraft.util.parsing.packrat.commands	net/minecraft/util/parsing/packrat/commands/CommandArgumentParser.java,net/minecraft/util/parsing/packrat/commands/Grammar.java,net/minecraft/util/parsing/packrat/commands/GreedyPatternParseRule.java,net/minecraft/util/parsing/packrat/commands/GreedyPredicateParseRule.java,net/minecraft/util/parsing/packrat/commands/IdentifierParseRule.java,net/minecraft/util/parsing/packrat/commands/NumberRunParseRule.java,net/minecraft/util/parsing/packrat/commands/ParserBasedArgument.java,net/minecraft/util/parsing/packrat/commands/ResourceLookupRule.java,net/minecraft/util/parsing/packrat/commands/ResourceSuggestion.java,net/minecraft/util/parsing/packrat/commands/StringReaderParserState.java,net/minecraft/util/parsing/packrat/commands/StringReaderTerms.java,net/minecraft/util/parsing/packrat/commands/TagParseRule.java,net/minecraft/util/parsing/packrat/commands/UnquotedStringParseRule.java,net/minecraft/util/parsing/packrat/commands/package-info.java	minecraft	14	568	rivet-util	3	27	yes	com.mojang.brigadier,com.mojang.brigadier.exceptions,com.mojang.brigadier.suggestion,com.mojang.serialization,net.minecraft.commands,net.minecraft.nbt,net.minecraft.resources,net.minecraft.util.parsing.packrat	pending	0	
mc.util.profiling	net.minecraft.util.profiling	net/minecraft/util/profiling/ActiveProfiler.java,net/minecraft/util/profiling/ContinuousProfiler.java,net/minecraft/util/profiling/EmptyProfileResults.java,net/minecraft/util/profiling/FilledProfileResults.java,net/minecraft/util/profiling/InactiveProfiler.java,net/minecraft/util/profiling/ProfileCollector.java,net/minecraft/util/profiling/ProfileResults.java,net/minecraft/util/profiling/Profiler.java,net/minecraft/util/profiling/ProfilerFiller.java,net/minecraft/util/profiling/ProfilerPathEntry.java,net/minecraft/util/profiling/ResultField.java,net/minecraft/util/profiling/SingleTickProfiler.java,net/minecraft/util/profiling/TracyZoneFiller.java,net/minecraft/util/profiling/Zone.java,net/minecraft/util/profiling/package-info.java	minecraft	15	1235	rivet-util	3	27	yes	com.mojang.datafixers.util,net.minecraft,net.minecraft.util,net.minecraft.util.profiling.metrics	pending	0	
mc.util.profiling.jfr	net.minecraft.util.profiling.jfr	net/minecraft/util/profiling/jfr/Environment.java,net/minecraft/util/profiling/jfr/JfrProfiler.java,net/minecraft/util/profiling/jfr/JvmProfiler.java,net/minecraft/util/profiling/jfr/Percentiles.java,net/minecraft/util/profiling/jfr/SummaryReporter.java,net/minecraft/util/profiling/jfr/package-info.java	minecraft	6	549	rivet-util	3	27	yes	net.minecraft,net.minecraft.core,net.minecraft.network,net.minecraft.network.protocol,net.minecraft.resources,net.minecraft.server,net.minecraft.util,net.minecraft.util.profiling.jfr.callback,net.minecraft.util.profiling.jfr.event,net.minecraft.util.profiling.jfr.parse,net.minecraft.world.level,net.minecraft.world.level.chunk.storage,net.minecraft.world.level.levelgen.structure	pending	0	
mc.util.profiling.jfr.event	net.minecraft.util.profiling.jfr.event	net/minecraft/util/profiling/jfr/event/ChunkGenerationEvent.java,net/minecraft/util/profiling/jfr/event/ChunkRegionIoEvent.java,net/minecraft/util/profiling/jfr/event/ChunkRegionReadEvent.java,net/minecraft/util/profiling/jfr/event/ChunkRegionWriteEvent.java,net/minecraft/util/profiling/jfr/event/ClientFpsEvent.java,net/minecraft/util/profiling/jfr/event/NetworkSummaryEvent.java,net/minecraft/util/profiling/jfr/event/PacketEvent.java,net/minecraft/util/profiling/jfr/event/PacketReceivedEvent.java,net/minecraft/util/profiling/jfr/event/PacketSentEvent.java,net/minecraft/util/profiling/jfr/event/ServerTickTimeEvent.java,net/minecraft/util/profiling/jfr/event/StructureGenerationEvent.java,net/minecraft/util/profiling/jfr/event/WorldLoadFinishedEvent.java,net/minecraft/util/profiling/jfr/event/package-info.java	minecraft	13	497	rivet-util	3	27	yes	net.minecraft.core,net.minecraft.resources,net.minecraft.world.level,net.minecraft.world.level.chunk.storage,net.minecraft.world.level.levelgen.structure	pending	0	
mc.util.profiling.jfr.parse	net.minecraft.util.profiling.jfr.parse	net/minecraft/util/profiling/jfr/parse/JfrStatsParser.java,net/minecraft/util/profiling/jfr/parse/JfrStatsResult.java,net/minecraft/util/profiling/jfr/parse/package-info.java	minecraft	3	267	rivet-util	3	27	yes	com.mojang.datafixers.util,net.minecraft.util.profiling.jfr.serialize,net.minecraft.util.profiling.jfr.stats,net.minecraft.world.level.chunk.status	pending	0	
mc.util.profiling.jfr.serialize	net.minecraft.util.profiling.jfr.serialize	net/minecraft/util/profiling/jfr/serialize/JfrResultJsonSerializer.java,net/minecraft/util/profiling/jfr/serialize/package-info.java	minecraft	2	284	rivet-util	3	27	yes	com.mojang.datafixers.util,net.minecraft.util,net.minecraft.util.profiling.jfr,net.minecraft.util.profiling.jfr.parse,net.minecraft.util.profiling.jfr.stats,net.minecraft.world.level.chunk.status	pending	0	
mc.util.profiling.jfr.stats	net.minecraft.util.profiling.jfr.stats	net/minecraft/util/profiling/jfr/stats/ChunkGenStat.java,net/minecraft/util/profiling/jfr/stats/ChunkIdentification.java,net/minecraft/util/profiling/jfr/stats/CpuLoadStat.java,net/minecraft/util/profiling/jfr/stats/FileIOStat.java,net/minecraft/util/profiling/jfr/stats/FpsStat.java,net/minecraft/util/profiling/jfr/stats/GcHeapStat.java,net/minecraft/util/profiling/jfr/stats/IoSummary.java,net/minecraft/util/profiling/jfr/stats/PacketIdentification.java,net/minecraft/util/profiling/jfr/stats/StructureGenStat.java,net/minecraft/util/profiling/jfr/stats/ThreadAllocationStat.java,net/minecraft/util/profiling/jfr/stats/TickTimeStat.java,net/minecraft/util/profiling/jfr/stats/TimedStat.java,net/minecraft/util/profiling/jfr/stats/TimedStatSummary.java,net/minecraft/util/profiling/jfr/stats/package-info.java	minecraft	14	314	rivet-util	3	27	yes	com.mojang.datafixers.util,net.minecraft.server.level,net.minecraft.util.profiling.jfr,net.minecraft.world.level,net.minecraft.world.level.chunk.status	pending	0	
mc.util.profiling.metrics	net.minecraft.util.profiling.metrics	net/minecraft/util/profiling/metrics/MetricCategory.java,net/minecraft/util/profiling/metrics/MetricSampler.java,net/minecraft/util/profiling/metrics/MetricsRegistry.java,net/minecraft/util/profiling/metrics/MetricsSamplerProvider.java,net/minecraft/util/profiling/metrics/ProfilerMeasured.java,net/minecraft/util/profiling/metrics/package-info.java	minecraft	6	376	rivet-util	3	27	yes	net.minecraft.util.profiling	pending	0	
mc.util.profiling.metrics.profiling	net.minecraft.util.profiling.metrics.profiling	net/minecraft/util/profiling/metrics/profiling/ActiveMetricsRecorder.java,net/minecraft/util/profiling/metrics/profiling/InactiveMetricsRecorder.java,net/minecraft/util/profiling/metrics/profiling/MetricsRecorder.java,net/minecraft/util/profiling/metrics/profiling/ProfilerSamplerAdapter.java,net/minecraft/util/profiling/metrics/profiling/ServerMetricsSamplersProvider.java,net/minecraft/util/profiling/metrics/profiling/package-info.java	minecraft	6	381	rivet-util	3	27	yes	net.minecraft,net.minecraft.util,net.minecraft.util.profiling,net.minecraft.util.profiling.metrics,net.minecraft.util.profiling.metrics.storage	pending	0	
mc.util.profiling.metrics.storage	net.minecraft.util.profiling.metrics.storage	net/minecraft/util/profiling/metrics/storage/MetricsPersister.java,net/minecraft/util/profiling/metrics/storage/RecordedDeviation.java,net/minecraft/util/profiling/metrics/storage/package-info.java	minecraft	3	147	rivet-util	3	27	yes	net.minecraft.resources,net.minecraft.util,net.minecraft.util.profiling,net.minecraft.util.profiling.metrics	pending	0	
mc.util.random	net.minecraft.util.random	net/minecraft/util/random/Weighted.java,net/minecraft/util/random/WeightedList.java,net/minecraft/util/random/WeightedRandom.java,net/minecraft/util/random/package-info.java	minecraft	4	321	rivet-util	3	27	yes	com.mojang.serialization,net.minecraft,net.minecraft.network.codec,net.minecraft.util	pending	0	
mc.util.thread	net.minecraft.util.thread	net/minecraft/util/thread/AbstractConsecutiveExecutor.java,net/minecraft/util/thread/BlockableEventLoop.java,net/minecraft/util/thread/ConsecutiveExecutor.java,net/minecraft/util/thread/ParallelMapTransform.java,net/minecraft/util/thread/PriorityConsecutiveExecutor.java,net/minecraft/util/thread/ReentrantBlockableEventLoop.java,net/minecraft/util/thread/StrictQueue.java,net/minecraft/util/thread/TaskScheduler.java,net/minecraft/util/thread/package-info.java	minecraft	9	814	rivet-util	3	27	yes	net.minecraft,net.minecraft.util,net.minecraft.util.profiling.metrics	pending	0	
mc.util.valueproviders	net.minecraft.util.valueproviders	net/minecraft/util/valueproviders/BiasedToBottomInt.java,net/minecraft/util/valueproviders/ClampedInt.java,net/minecraft/util/valueproviders/ClampedNormalFloat.java,net/minecraft/util/valueproviders/ClampedNormalInt.java,net/minecraft/util/valueproviders/ConstantFloat.java,net/minecraft/util/valueproviders/ConstantInt.java,net/minecraft/util/valueproviders/FloatProvider.java,net/minecraft/util/valueproviders/FloatProviders.java,net/minecraft/util/valueproviders/IntProvider.java,net/minecraft/util/valueproviders/IntProviders.java,net/minecraft/util/valueproviders/MultipliedFloats.java,net/minecraft/util/valueproviders/SampledFloat.java,net/minecraft/util/valueproviders/TrapezoidFloat.java,net/minecraft/util/valueproviders/TrapezoidInt.java,net/minecraft/util/valueproviders/UniformFloat.java,net/minecraft/util/valueproviders/UniformInt.java,net/minecraft/util/valueproviders/WeightedListInt.java,net/minecraft/util/valueproviders/package-info.java	minecraft	18	672	rivet-util	3	27	yes	com.mojang.datafixers.util,com.mojang.serialization,net.minecraft.core,net.minecraft.core.registries,net.minecraft.util,net.minecraft.util.random	pending	0	
mc.util.worldupdate	net.minecraft.util.worldupdate	net/minecraft/util/worldupdate/FileToUpgrade.java,net/minecraft/util/worldupdate/RegionStorageUpgrader.java,net/minecraft/util/worldupdate/UpgradeProgress.java,net/minecraft/util/worldupdate/UpgradeStatusTranslator.java,net/minecraft/util/worldupdate/WorldUpgrader.java,net/minecraft/util/worldupdate/package-info.java	minecraft	6	935	rivet-util	3	27	yes	com.mojang.datafixers,net.minecraft,net.minecraft.core,net.minecraft.core.registries,net.minecraft.nbt,net.minecraft.network.chat,net.minecraft.resources,net.minecraft.server.level,net.minecraft.util,net.minecraft.util.datafix,net.minecraft.world.level,net.minecraft.world.level.chunk,net.minecraft.world.level.chunk.storage,net.minecraft.world.level.dimension,net.minecraft.world.level.storage	pending	0	
mc.world	net.minecraft.world	net/minecraft/world/BossEvent.java,net/minecraft/world/Clearable.java,net/minecraft/world/CompoundContainer.java,net/minecraft/world/Container.java,net/minecraft/world/ContainerHelper.java,net/minecraft/world/Containers.java,net/minecraft/world/Difficulty.java,net/minecraft/world/DifficultyInstance.java,net/minecraft/world/InteractionHand.java,net/minecraft/world/InteractionResult.java,net/minecraft/world/ItemStackWithSlot.java,net/minecraft/world/LockCode.java,net/minecraft/world/MenuProvider.java,net/minecraft/world/Nameable.java,net/minecraft/world/RandomSequence.java,net/minecraft/world/RandomSequences.java,net/minecraft/world/RandomizableContainer.java,net/minecraft/world/SimpleContainer.java,net/minecraft/world/SimpleMenuProvider.java,net/minecraft/world/Stopwatch.java,net/minecraft/world/Stopwatches.java,net/minecraft/world/TickRateManager.java,net/minecraft/world/WorldlyContainer.java,net/minecraft/world/WorldlyContainerHolder.java,net/minecraft/world/package-info.java	minecraft	25	1776	rivet-world	3	27	yes	com.mojang.serialization,net.minecraft,net.minecraft.advancements.predicates,net.minecraft.advancements.triggers,net.minecraft.core,net.minecraft.network.chat,net.minecraft.network.codec,net.minecraft.resources,net.minecraft.server.level,net.minecraft.util,net.minecraft.util.datafix,net.minecraft.world.entity,net.minecraft.world.entity.item,net.minecraft.world.entity.player,net.minecraft.world.inventory,net.minecraft.world.item,net.minecraft.world.level,net.minecraft.world.level.block.entity,net.minecraft.world.level.block.state,net.minecraft.world.level.levelgen,net.minecraft.world.level.saveddata,net.minecraft.world.level.storage,net.minecraft.world.level.storage.loot,net.minecraft.world.level.storage.loot.parameters,net.minecraft.world.phys	pending	0	
mc.world.attribute	net.minecraft.world.attribute	net/minecraft/world/attribute/AmbientAdditionsSettings.java,net/minecraft/world/attribute/AmbientMoodSettings.java,net/minecraft/world/attribute/AmbientParticle.java,net/minecraft/world/attribute/AmbientSounds.java,net/minecraft/world/attribute/AttributeRange.java,net/minecraft/world/attribute/AttributeType.java,net/minecraft/world/attribute/AttributeTypes.java,net/minecraft/world/attribute/BackgroundMusic.java,net/minecraft/world/attribute/BedRule.java,net/minecraft/world/attribute/EnvironmentAttribute.java,net/minecraft/world/attribute/EnvironmentAttributeLayer.java,net/minecraft/world/attribute/EnvironmentAttributeMap.java,net/minecraft/world/attribute/EnvironmentAttributeProbe.java,net/minecraft/world/attribute/EnvironmentAttributeReader.java,net/minecraft/world/attribute/EnvironmentAttributeSystem.java,net/minecraft/world/attribute/EnvironmentAttributes.java,net/minecraft/world/attribute/GaussianSampler.java,net/minecraft/world/attribute/LerpFunction.java,net/minecraft/world/attribute/SpatialAttributeInterpolator.java,net/minecraft/world/attribute/WeatherAttributes.java,net/minecraft/world/attribute/package-info.java	minecraft	21	1459	rivet-world	3	27	yes	com.mojang.datafixers.util,com.mojang.serialization,net.minecraft,net.minecraft.core,net.minecraft.core.particles,net.minecraft.core.registries,net.minecraft.network.chat,net.minecraft.resources,net.minecraft.sounds,net.minecraft.util,net.minecraft.world.attribute.modifier,net.minecraft.world.clock,net.minecraft.world.entity.player,net.minecraft.world.entity.schedule,net.minecraft.world.level,net.minecraft.world.level.biome,net.minecraft.world.level.dimension,net.minecraft.world.level.storage.loot,net.minecraft.world.level.storage.loot.parameters,net.minecraft.world.phys,net.minecraft.world.timeline	pending	0	
mc.world.attribute.modifier	net.minecraft.world.attribute.modifier	net/minecraft/world/attribute/modifier/AttributeModifier.java,net/minecraft/world/attribute/modifier/BooleanModifier.java,net/minecraft/world/attribute/modifier/ColorModifier.java,net/minecraft/world/attribute/modifier/FloatModifier.java,net/minecraft/world/attribute/modifier/FloatWithAlpha.java,net/minecraft/world/attribute/modifier/IntegerModifier.java,net/minecraft/world/attribute/modifier/package-info.java	minecraft	7	355	rivet-world	3	27	yes	com.mojang.datafixers.util,com.mojang.serialization,net.minecraft.util,net.minecraft.world.attribute	pending	0	
mc.world.clock	net.minecraft.world.clock	net/minecraft/world/clock/ClockManager.java,net/minecraft/world/clock/ClockNetworkState.java,net/minecraft/world/clock/ClockState.java,net/minecraft/world/clock/ClockTimeMarker.java,net/minecraft/world/clock/ClockTimeMarkers.java,net/minecraft/world/clock/PackedClockStates.java,net/minecraft/world/clock/ServerClockManager.java,net/minecraft/world/clock/WorldClock.java,net/minecraft/world/clock/WorldClocks.java,net/minecraft/world/clock/package-info.java	minecraft	10	384	rivet-world	3	27	yes	com.mojang.serialization,net.minecraft.core,net.minecraft.core.registries,net.minecraft.data.worldgen,net.minecraft.network,net.minecraft.network.codec,net.minecraft.network.protocol.game,net.minecraft.resources,net.minecraft.server,net.minecraft.server.level,net.minecraft.util,net.minecraft.util.datafix,net.minecraft.world.level.gamerules,net.minecraft.world.level.saveddata	pending	0	
mc.world.damagesource	net.minecraft.world.damagesource	net/minecraft/world/damagesource/CombatEntry.java,net/minecraft/world/damagesource/CombatRules.java,net/minecraft/world/damagesource/CombatTracker.java,net/minecraft/world/damagesource/DamageEffects.java,net/minecraft/world/damagesource/DamageScaling.java,net/minecraft/world/damagesource/DamageSource.java,net/minecraft/world/damagesource/DamageSources.java,net/minecraft/world/damagesource/DamageType.java,net/minecraft/world/damagesource/DamageTypes.java,net/minecraft/world/damagesource/DeathMessageType.java,net/minecraft/world/damagesource/FallLocation.java,net/minecraft/world/damagesource/package-info.java	minecraft	12	1012	rivet-world	3	27	yes	com.mojang.serialization,net.minecraft.core,net.minecraft.core.component,net.minecraft.core.registries,net.minecraft.data.worldgen,net.minecraft.network,net.minecraft.network.chat,net.minecraft.network.codec,net.minecraft.resources,net.minecraft.server.level,net.minecraft.sounds,net.minecraft.tags,net.minecraft.util,net.minecraft.world.entity,net.minecraft.world.entity.player,net.minecraft.world.entity.projectile,net.minecraft.world.entity.projectile.arrow,net.minecraft.world.entity.projectile.hurtingprojectile,net.minecraft.world.item,net.minecraft.world.item.enchantment,net.minecraft.world.level,net.minecraft.world.level.block,net.minecraft.world.level.block.state,net.minecraft.world.phys	pending	0	
mc.world.effect	net.minecraft.world.effect	net/minecraft/world/effect/AbsorptionMobEffect.java,net/minecraft/world/effect/BadOmenMobEffect.java,net/minecraft/world/effect/HealOrHarmMobEffect.java,net/minecraft/world/effect/HungerMobEffect.java,net/minecraft/world/effect/InfestedMobEffect.java,net/minecraft/world/effect/InstantaneousMobEffect.java,net/minecraft/world/effect/MobEffect.java,net/minecraft/world/effect/MobEffectCategory.java,net/minecraft/world/effect/MobEffectInstance.java,net/minecraft/world/effect/MobEffectUtil.java,net/minecraft/world/effect/MobEffects.java,net/minecraft/world/effect/OozingMobEffect.java,net/minecraft/world/effect/PoisonMobEffect.java,net/minecraft/world/effect/RaidOmenMobEffect.java,net/minecraft/world/effect/RegenerationMobEffect.java,net/minecraft/world/effect/SaturationMobEffect.java,net/minecraft/world/effect/WeavingMobEffect.java,net/minecraft/world/effect/WindChargedMobEffect.java,net/minecraft/world/effect/WitherMobEffect.java,net/minecraft/world/effect/package-info.java	minecraft	20	1451	rivet-world	3	27	yes	com.mojang.serialization,net.minecraft,net.minecraft.core,net.minecraft.core.particles,net.minecraft.core.registries,net.minecraft.network,net.minecraft.network.chat,net.minecraft.network.codec,net.minecraft.resources,net.minecraft.server.level,net.minecraft.sounds,net.minecraft.util,net.minecraft.util.random,net.minecraft.world,net.minecraft.world.damagesource,net.minecraft.world.entity,net.minecraft.world.entity.ai.attributes,net.minecraft.world.entity.monster,net.minecraft.world.entity.monster.cubemob,net.minecraft.world.entity.player,net.minecraft.world.entity.projectile.hurtingprojectile.windcharge,net.minecraft.world.entity.raid,net.minecraft.world.flag,net.minecraft.world.level,net.minecraft.world.level.block,net.minecraft.world.level.gamerules,net.minecraft.world.phys	pending	0	
mc.world.entity	net.minecraft.world.entity	net/minecraft/world/entity/AgeableMob.java,net/minecraft/world/entity/AnimationState.java,net/minecraft/world/entity/AreaEffectCloud.java,net/minecraft/world/entity/Attackable.java,net/minecraft/world/entity/Avatar.java,net/minecraft/world/entity/Bucketable.java,net/minecraft/world/entity/ContainerUser.java,net/minecraft/world/entity/ConversionParams.java,net/minecraft/world/entity/ConversionType.java,net/minecraft/world/entity/Crackiness.java,net/minecraft/world/entity/Display.java,net/minecraft/world/entity/DropChances.java,net/minecraft/world/entity/ElytraAnimationState.java,net/minecraft/world/entity/Entity.java,net/minecraft/world/entity/EntityAttachment.java,net/minecraft/world/entity/EntityAttachments.java,net/minecraft/world/entity/EntityDimensions.java,net/minecraft/world/entity/EntityEquipment.java,net/minecraft/world/entity/EntityEvent.java,net/minecraft/world/entity/EntityFluidInteraction.java,net/minecraft/world/entity/EntityProcessor.java,net/minecraft/world/entity/EntityReference.java,net/minecraft/world/entity/EntitySelector.java,net/minecraft/world/entity/EntitySpawnReason.java,net/minecraft/world/entity/EntitySpawnRequest.java,net/minecraft/world/entity/EntityType.java,net/minecraft/world/entity/EntityTypeIds.java,net/minecraft/world/entity/EntityTypes.java,net/minecraft/world/entity/EquipmentSlot.java,net/minecraft/world/entity/EquipmentSlotGroup.java,net/minecraft/world/entity/EquipmentTable.java,net/minecraft/world/entity/EquipmentUser.java,net/minecraft/world/entity/ExperienceOrb.java,net/minecraft/world/entity/HasCustomInventoryScreen.java,net/minecraft/world/entity/HumanoidArm.java,net/minecraft/world/entity/InsideBlockEffectApplier.java,net/minecraft/world/entity/InsideBlockEffectType.java,net/minecraft/world/entity/Interaction.java,net/minecraft/world/entity/InterpolationHandler.java,net/minecraft/world/entity/ItemBasedSteering.java,net/minecraft/world/entity/ItemOwner.java,net/minecraft/world/entity/ItemSteerable.java,net/minecraft/world/entity/Leashable.java,net/minecraft/world/entity/LightningBolt.java,net/minecraft/world/entity/LivingEntity.java,net/minecraft/world/entity/Marker.java,net/minecraft/world/entity/Mob.java,net/minecraft/world/entity/MobCategory.java,net/minecraft/world/entity/MoverType.java,net/minecraft/world/entity/NeutralMob.java,net/minecraft/world/entity/OminousItemSpawner.java,net/minecraft/world/entity/OwnableEntity.java,net/minecraft/world/entity/PathfinderMob.java,net/minecraft/world/entity/PlayerRideable.java,net/minecraft/world/entity/PlayerRideableJumping.java,net/minecraft/world/entity/PortalProcessor.java,net/minecraft/world/entity/Pose.java,net/minecraft/world/entity/PositionMoveRotation.java,net/minecraft/world/entity/PostSpawnProcessor.java,net/minecraft/world/entity/Relative.java,net/minecraft/world/entity/ReputationEventHandler.java,net/minecraft/world/entity/Shearable.java,net/minecraft/world/entity/SlotAccess.java,net/minecraft/world/entity/SlotProvider.java,net/minecraft/world/entity/SpawnGroupData.java,net/minecraft/world/entity/SpawnPlacementType.java,net/minecraft/world/entity/SpawnPlacementTypes.java,net/minecraft/world/entity/SpawnPlacements.java,net/minecraft/world/entity/SulfurCubeArchetype.java,net/minecraft/world/entity/SulfurCubeArchetypes.java,net/minecraft/world/entity/TamableAnimal.java,net/minecraft/world/entity/Targeting.java,net/minecraft/world/entity/TraceableEntity.java,net/minecraft/world/entity/WalkAnimationState.java,net/minecraft/world/entity/package-info.java	minecraft	75	21611	rivet-entity	3	27	yes	com.mojang.datafixers.util,com.mojang.serialization,net.minecraft,net.minecraft.advancements.triggers,net.minecraft.commands,net.minecraft.commands.arguments,net.minecraft.core,net.minecraft.core.component,net.minecraft.core.particles,net.minecraft.core.registries,net.minecraft.data.worldgen,net.minecraft.nbt,net.minecraft.network,net.minecraft.network.chat,net.minecraft.network.chat.numbers,net.minecraft.network.codec,net.minecraft.network.protocol,net.minecraft.network.protocol.game,net.minecraft.network.syncher,net.minecraft.resources,net.minecraft.server,net.minecraft.server.level,net.minecraft.server.permissions,net.minecraft.server.players,net.minecraft.server.waypoints,net.minecraft.sounds,net.minecraft.stats,net.minecraft.tags,net.minecraft.util,net.minecraft.util.datafix.fixes,net.minecraft.util.debug,net.minecraft.util.profiling,net.minecraft.util.valueproviders,net.minecraft.world,net.minecraft.world.attribute,net.minecraft.world.damagesource,net.minecraft.world.effect,net.minecraft.world.entity.ai,net.minecraft.world.entity.ai.attributes,net.minecraft.world.entity.ai.control,net.minecraft.world.entity.ai.goal,net.minecraft.world.entity.ai.memory,net.minecraft.world.entity.ai.navigation,net.minecraft.world.entity.ai.sensing,net.minecraft.world.entity.ai.village,net.minecraft.world.entity.ambient,net.minecraft.world.entity.animal,net.minecraft.world.entity.animal.allay,net.minecraft.world.entity.animal.armadillo,net.minecraft.world.entity.animal.axolotl,net.minecraft.world.entity.animal.bee,net.minecraft.world.entity.animal.camel,net.minecraft.world.entity.animal.chicken,net.minecraft.world.entity.animal.cow,net.minecraft.world.entity.animal.dolphin,net.minecraft.world.entity.animal.equine,net.minecraft.world.entity.animal.feline,net.minecraft.world.entity.animal.fish,net.minecraft.world.entity.animal.fox,net.minecraft.world.entity.animal.frog,net.minecraft.world.entity.animal.goat,net.minecraft.world.entity.animal.golem,net.minecraft.world.entity.animal.happyghast,net.minecraft.world.entity.animal.nautilus,net.minecraft.world.entity.animal.panda,net.minecraft.world.entity.animal.parrot,net.minecraft.world.entity.animal.pig,net.minecraft.world.entity.animal.polarbear,net.minecraft.world.entity.animal.rabbit,net.minecraft.world.entity.animal.sheep,net.minecraft.world.entity.animal.sniffer,net.minecraft.world.entity.animal.squid,net.minecraft.world.entity.animal.turtle,net.minecraft.world.entity.animal.wolf,net.minecraft.world.entity.boss.enderdragon,net.minecraft.world.entity.boss.wither,net.minecraft.world.entity.decoration,net.minecraft.world.entity.decoration.painting,net.minecraft.world.entity.item,net.minecraft.world.entity.monster,net.minecraft.world.entity.monster.breeze,net.minecraft.world.entity.monster.creaking,net.minecraft.world.entity.monster.cubemob,net.minecraft.world.entity.monster.hoglin,net.minecraft.world.entity.monster.illager,net.minecraft.world.entity.monster.piglin,net.minecraft.world.entity.monster.skeleton,net.minecraft.world.entity.monster.spider,net.minecraft.world.entity.monster.warden,net.minecraft.world.entity.monster.zombie,net.minecraft.world.entity.npc.villager,net.minecraft.world.entity.npc.wanderingtrader,net.minecraft.world.entity.player,net.minecraft.world.entity.projectile,net.minecraft.world.entity.projectile.arrow,net.minecraft.world.entity.projectile.hurtingprojectile,net.minecraft.world.entity.projectile.hurtingprojectile.windcharge,net.minecraft.world.entity.projectile.throwableitemprojectile,net.minecraft.world.entity.vehicle.boat,net.minecraft.world.entity.vehicle.minecart,net.minecraft.world.flag,net.minecraft.world.food,net.minecraft.world.item,net.minecraft.world.item.alchemy,net.minecraft.world.item.component,net.minecraft.world.item.enchantment,net.minecraft.world.item.enchantment.effects,net.minecraft.world.item.enchantment.providers,net.minecraft.world.item.equipment,net.minecraft.world.item.slot,net.minecraft.world.level,net.minecraft.world.level.block,net.minecraft.world.level.block.entity,net.minecraft.world.level.block.state,net.minecraft.world.level.border,net.minecraft.world.level.chunk,net.minecraft.world.level.chunk.status,net.minecraft.world.level.entity,net.minecraft.world.level.gameevent,net.minecraft.world.level.gamerules,net.minecraft.world.level.levelgen,net.minecraft.world.level.material,net.minecraft.world.level.pathfinder,net.minecraft.world.level.portal,net.minecraft.world.level.storage,net.minecraft.world.level.storage.loot,net.minecraft.world.level.storage.loot.parameters,net.minecraft.world.phys,net.minecraft.world.phys.shapes,net.minecraft.world.scores,net.minecraft.world.ticks,net.minecraft.world.waypoints,org.bukkit,org.bukkit.craftbukkit.event,org.bukkit.craftbukkit.inventory,org.bukkit.event.entity	pending	0	
mc.world.entity.ai	net.minecraft.world.entity.ai	net/minecraft/world/entity/ai/ActivityData.java,net/minecraft/world/entity/ai/Brain.java,net/minecraft/world/entity/ai/package-info.java	minecraft	3	587	rivet-entity	3	27	yes	com.mojang.datafixers.util,com.mojang.serialization,net.minecraft.server.level,net.minecraft.util,net.minecraft.world.attribute,net.minecraft.world.entity,net.minecraft.world.entity.ai.behavior,net.minecraft.world.entity.ai.memory,net.minecraft.world.entity.ai.sensing,net.minecraft.world.entity.schedule,net.minecraft.world.phys	pending	0	
mc.world.entity.ai.attributes	net.minecraft.world.entity.ai.attributes	net/minecraft/world/entity/ai/attributes/Attribute.java,net/minecraft/world/entity/ai/attributes/AttributeInstance.java,net/minecraft/world/entity/ai/attributes/AttributeMap.java,net/minecraft/world/entity/ai/attributes/AttributeModifier.java,net/minecraft/world/entity/ai/attributes/AttributeSupplier.java,net/minecraft/world/entity/ai/attributes/Attributes.java,net/minecraft/world/entity/ai/attributes/DefaultAttributes.java,net/minecraft/world/entity/ai/attributes/RangedAttribute.java,net/minecraft/world/entity/ai/attributes/package-info.java	minecraft	9	977	rivet-entity	3	27	yes	com.mojang.serialization,net.minecraft,net.minecraft.core,net.minecraft.core.registries,net.minecraft.network,net.minecraft.network.codec,net.minecraft.resources,net.minecraft.util,net.minecraft.world.entity,net.minecraft.world.entity.ambient,net.minecraft.world.entity.animal.allay,net.minecraft.world.entity.animal.armadillo,net.minecraft.world.entity.animal.axolotl,net.minecraft.world.entity.animal.bee,net.minecraft.world.entity.animal.camel,net.minecraft.world.entity.animal.chicken,net.minecraft.world.entity.animal.cow,net.minecraft.world.entity.animal.dolphin,net.minecraft.world.entity.animal.equine,net.minecraft.world.entity.animal.feline,net.minecraft.world.entity.animal.fish,net.minecraft.world.entity.animal.fox,net.minecraft.world.entity.animal.frog,net.minecraft.world.entity.animal.goat,net.minecraft.world.entity.animal.golem,net.minecraft.world.entity.animal.happyghast,net.minecraft.world.entity.animal.nautilus,net.minecraft.world.entity.animal.panda,net.minecraft.world.entity.animal.parrot,net.minecraft.world.entity.animal.pig,net.minecraft.world.entity.animal.polarbear,net.minecraft.world.entity.animal.rabbit,net.minecraft.world.entity.animal.sheep,net.minecraft.world.entity.animal.sniffer,net.minecraft.world.entity.animal.squid,net.minecraft.world.entity.animal.turtle,net.minecraft.world.entity.animal.wolf,net.minecraft.world.entity.boss.enderdragon,net.minecraft.world.entity.boss.wither,net.minecraft.world.entity.decoration,net.minecraft.world.entity.monster,net.minecraft.world.entity.monster.breeze,net.minecraft.world.entity.monster.creaking,net.minecraft.world.entity.monster.cubemob,net.minecraft.world.entity.monster.hoglin,net.minecraft.world.entity.monster.illager,net.minecraft.world.entity.monster.piglin,net.minecraft.world.entity.monster.skeleton,net.minecraft.world.entity.monster.spider,net.minecraft.world.entity.monster.warden,net.minecraft.world.entity.monster.zombie,net.minecraft.world.entity.npc.villager,net.minecraft.world.entity.player	pending	0	
mc.world.entity.ai.behavior	net.minecraft.world.entity.ai.behavior	net/minecraft/world/entity/ai/behavior/AcquirePoi.java,net/minecraft/world/entity/ai/behavior/AnimalMakeLove.java,net/minecraft/world/entity/ai/behavior/AnimalPanic.java,net/minecraft/world/entity/ai/behavior/AssignProfessionFromJobSite.java,net/minecraft/world/entity/ai/behavior/BabyFollowAdult.java,net/minecraft/world/entity/ai/behavior/BackUpIfTooClose.java,net/minecraft/world/entity/ai/behavior/BecomePassiveIfMemoryPresent.java,net/minecraft/world/entity/ai/behavior/Behavior.java,net/minecraft/world/entity/ai/behavior/BehaviorControl.java,net/minecraft/world/entity/ai/behavior/BehaviorUtils.java,net/minecraft/world/entity/ai/behavior/BlockPosTracker.java,net/minecraft/world/entity/ai/behavior/CelebrateVillagersSurvivedRaid.java,net/minecraft/world/entity/ai/behavior/ChargeAttack.java,net/minecraft/world/entity/ai/behavior/CopyMemoryWithExpiry.java,net/minecraft/world/entity/ai/behavior/CountDownCooldownTicks.java,net/minecraft/world/entity/ai/behavior/Croak.java,net/minecraft/world/entity/ai/behavior/CrossbowAttack.java,net/minecraft/world/entity/ai/behavior/DismountOrSkipMounting.java,net/minecraft/world/entity/ai/behavior/DoNothing.java,net/minecraft/world/entity/ai/behavior/EntityTracker.java,net/minecraft/world/entity/ai/behavior/EraseMemoryIf.java,net/minecraft/world/entity/ai/behavior/FollowTemptation.java,net/minecraft/world/entity/ai/behavior/GateBehavior.java,net/minecraft/world/entity/ai/behavior/GiveGiftToHero.java,net/minecraft/world/entity/ai/behavior/GoAndGiveItemsToTarget.java,net/minecraft/world/entity/ai/behavior/GoToClosestVillage.java,net/minecraft/world/entity/ai/behavior/GoToPotentialJobSite.java,net/minecraft/world/entity/ai/behavior/GoToTargetLocation.java,net/minecraft/world/entity/ai/behavior/GoToWantedItem.java,net/minecraft/world/entity/ai/behavior/HarvestFarmland.java,net/minecraft/world/entity/ai/behavior/InsideBrownianWalk.java,net/minecraft/world/entity/ai/behavior/InteractWith.java,net/minecraft/world/entity/ai/behavior/InteractWithDoor.java,net/minecraft/world/entity/ai/behavior/JumpOnBed.java,net/minecraft/world/entity/ai/behavior/LocateHidingPlace.java,net/minecraft/world/entity/ai/behavior/LongJumpMidJump.java,net/minecraft/world/entity/ai/behavior/LongJumpToPreferredBlock.java,net/minecraft/world/entity/ai/behavior/LongJumpToRandomPos.java,net/minecraft/world/entity/ai/behavior/LongJumpUtil.java,net/minecraft/world/entity/ai/behavior/LookAndFollowTradingPlayerSink.java,net/minecraft/world/entity/ai/behavior/LookAtTargetSink.java,net/minecraft/world/entity/ai/behavior/MeleeAttack.java,net/minecraft/world/entity/ai/behavior/Mount.java,net/minecraft/world/entity/ai/behavior/MoveToSkySeeingSpot.java,net/minecraft/world/entity/ai/behavior/MoveToTargetSink.java,net/minecraft/world/entity/ai/behavior/OneShot.java,net/minecraft/world/entity/ai/behavior/PlayTagWithOtherKids.java,net/minecraft/world/entity/ai/behavior/PoiCompetitorScan.java,net/minecraft/world/entity/ai/behavior/PositionTracker.java,net/minecraft/world/entity/ai/behavior/PrepareRamNearestTarget.java,net/minecraft/world/entity/ai/behavior/RamTarget.java,net/minecraft/world/entity/ai/behavior/RandomLookAround.java,net/minecraft/world/entity/ai/behavior/RandomStroll.java,net/minecraft/world/entity/ai/behavior/ReactToBell.java,net/minecraft/world/entity/ai/behavior/ResetProfession.java,net/minecraft/world/entity/ai/behavior/ResetRaidStatus.java,net/minecraft/world/entity/ai/behavior/RingBell.java,net/minecraft/world/entity/ai/behavior/RunOne.java,net/minecraft/world/entity/ai/behavior/SetClosestHomeAsWalkTarget.java,net/minecraft/world/entity/ai/behavior/SetEntityLookTarget.java,net/minecraft/world/entity/ai/behavior/SetEntityLookTargetSometimes.java,net/minecraft/world/entity/ai/behavior/SetHiddenState.java,net/minecraft/world/entity/ai/behavior/SetLookAndInteract.java,net/minecraft/world/entity/ai/behavior/SetRaidStatus.java,net/minecraft/world/entity/ai/behavior/SetWalkTargetAwayFrom.java,net/minecraft/world/entity/ai/behavior/SetWalkTargetFromAttackTargetIfTargetOutOfReach.java,net/minecraft/world/entity/ai/behavior/SetWalkTargetFromBlockMemory.java,net/minecraft/world/entity/ai/behavior/SetWalkTargetFromLookTarget.java,net/minecraft/world/entity/ai/behavior/ShowTradesToPlayer.java,net/minecraft/world/entity/ai/behavior/ShufflingList.java,net/minecraft/world/entity/ai/behavior/SleepInBed.java,net/minecraft/world/entity/ai/behavior/SocializeAtBell.java,net/minecraft/world/entity/ai/behavior/SpearApproach.java,net/minecraft/world/entity/ai/behavior/SpearAttack.java,net/minecraft/world/entity/ai/behavior/SpearRetreat.java,net/minecraft/world/entity/ai/behavior/StartAttacking.java,net/minecraft/world/entity/ai/behavior/StartCelebratingIfTargetDead.java,net/minecraft/world/entity/ai/behavior/StayCloseToTarget.java,net/minecraft/world/entity/ai/behavior/StopAttackingIfTargetInvalid.java,net/minecraft/world/entity/ai/behavior/StopBeingAngryIfTargetDead.java,net/minecraft/world/entity/ai/behavior/StrollAroundPoi.java,net/minecraft/world/entity/ai/behavior/StrollToPoi.java,net/minecraft/world/entity/ai/behavior/StrollToPoiList.java,net/minecraft/world/entity/ai/behavior/Swim.java,net/minecraft/world/entity/ai/behavior/TradeWithVillager.java,net/minecraft/world/entity/ai/behavior/TransportItemsBetweenContainers.java,net/minecraft/world/entity/ai/behavior/TriggerGate.java,net/minecraft/world/entity/ai/behavior/TryFindLand.java,net/minecraft/world/entity/ai/behavior/TryFindLandNearWater.java,net/minecraft/world/entity/ai/behavior/TryFindWater.java,net/minecraft/world/entity/ai/behavior/TryLaySpawnOnFluidNearLand.java,net/minecraft/world/entity/ai/behavior/UpdateActivityFromSchedule.java,net/minecraft/world/entity/ai/behavior/UseBonemeal.java,net/minecraft/world/entity/ai/behavior/ValidateNearbyPoi.java,net/minecraft/world/entity/ai/behavior/VillageBoundRandomStroll.java,net/minecraft/world/entity/ai/behavior/VillagerCalmDown.java,net/minecraft/world/entity/ai/behavior/VillagerGoalPackages.java,net/minecraft/world/entity/ai/behavior/VillagerMakeLove.java,net/minecraft/world/entity/ai/behavior/VillagerPanicTrigger.java,net/minecraft/world/entity/ai/behavior/WakeUp.java,net/minecraft/world/entity/ai/behavior/WorkAtComposter.java,net/minecraft/world/entity/ai/behavior/WorkAtPoi.java,net/minecraft/world/entity/ai/behavior/YieldJobSite.java,net/minecraft/world/entity/ai/behavior/package-info.java	minecraft	104	8229	rivet-entity	3	27	yes	com.mojang.datafixers.util,com.mojang.serialization,net.minecraft.core,net.minecraft.core.component,net.minecraft.core.registries,net.minecraft.resources,net.minecraft.server,net.minecraft.server.level,net.minecraft.sounds,net.minecraft.tags,net.minecraft.util,net.minecraft.util.random,net.minecraft.util.valueproviders,net.minecraft.world,net.minecraft.world.damagesource,net.minecraft.world.effect,net.minecraft.world.entity,net.minecraft.world.entity.ai,net.minecraft.world.entity.ai.attributes,net.minecraft.world.entity.ai.behavior.declarative,net.minecraft.world.entity.ai.memory,net.minecraft.world.entity.ai.navigation,net.minecraft.world.entity.ai.targeting,net.minecraft.world.entity.ai.util,net.minecraft.world.entity.ai.village.poi,net.minecraft.world.entity.animal,net.minecraft.world.entity.animal.frog,net.minecraft.world.entity.animal.goat,net.minecraft.world.entity.item,net.minecraft.world.entity.monster,net.minecraft.world.entity.npc,net.minecraft.world.entity.npc.villager,net.minecraft.world.entity.player,net.minecraft.world.entity.projectile,net.minecraft.world.entity.raid,net.minecraft.world.entity.schedule,net.minecraft.world.item,net.minecraft.world.item.component,net.minecraft.world.item.enchantment,net.minecraft.world.item.trading,net.minecraft.world.level,net.minecraft.world.level.block,net.minecraft.world.level.block.entity,net.minecraft.world.level.block.state,net.minecraft.world.level.block.state.properties,net.minecraft.world.level.chunk,net.minecraft.world.level.entity,net.minecraft.world.level.gameevent,net.minecraft.world.level.gamerules,net.minecraft.world.level.levelgen,net.minecraft.world.level.pathfinder,net.minecraft.world.level.storage.loot,net.minecraft.world.phys,net.minecraft.world.phys.shapes	pending	0	
mc.world.entity.ai.behavior.declarative	net.minecraft.world.entity.ai.behavior.declarative	net/minecraft/world/entity/ai/behavior/declarative/BehaviorBuilder.java,net/minecraft/world/entity/ai/behavior/declarative/MemoryAccessor.java,net/minecraft/world/entity/ai/behavior/declarative/MemoryCondition.java,net/minecraft/world/entity/ai/behavior/declarative/Trigger.java,net/minecraft/world/entity/ai/behavior/declarative/package-info.java	minecraft	5	591	rivet-entity	3	27	yes	com.mojang.datafixers.util,net.minecraft.server.level,net.minecraft.world.entity,net.minecraft.world.entity.ai,net.minecraft.world.entity.ai.behavior,net.minecraft.world.entity.ai.memory	pending	0	
mc.world.entity.ai.behavior.warden	net.minecraft.world.entity.ai.behavior.warden	net/minecraft/world/entity/ai/behavior/warden/Digging.java,net/minecraft/world/entity/ai/behavior/warden/Emerging.java,net/minecraft/world/entity/ai/behavior/warden/ForceUnmount.java,net/minecraft/world/entity/ai/behavior/warden/Roar.java,net/minecraft/world/entity/ai/behavior/warden/SetRoarTarget.java,net/minecraft/world/entity/ai/behavior/warden/SetWardenLookTarget.java,net/minecraft/world/entity/ai/behavior/warden/Sniffing.java,net/minecraft/world/entity/ai/behavior/warden/SonicBoom.java,net/minecraft/world/entity/ai/behavior/warden/TryToSniff.java,net/minecraft/world/entity/ai/behavior/warden/package-info.java	minecraft	10	448	rivet-entity	3	27	yes	net.minecraft.core,net.minecraft.core.particles,net.minecraft.server.level,net.minecraft.sounds,net.minecraft.util,net.minecraft.util.valueproviders,net.minecraft.world.entity,net.minecraft.world.entity.ai,net.minecraft.world.entity.ai.attributes,net.minecraft.world.entity.ai.behavior,net.minecraft.world.entity.ai.behavior.declarative,net.minecraft.world.entity.ai.memory,net.minecraft.world.entity.monster.warden,net.minecraft.world.phys	pending	0	
mc.world.entity.ai.control	net.minecraft.world.entity.ai.control	net/minecraft/world/entity/ai/control/BodyRotationControl.java,net/minecraft/world/entity/ai/control/Control.java,net/minecraft/world/entity/ai/control/FlyingMoveControl.java,net/minecraft/world/entity/ai/control/JumpControl.java,net/minecraft/world/entity/ai/control/LookControl.java,net/minecraft/world/entity/ai/control/MoveControl.java,net/minecraft/world/entity/ai/control/SmoothSwimmingLookControl.java,net/minecraft/world/entity/ai/control/SmoothSwimmingMoveControl.java,net/minecraft/world/entity/ai/control/package-info.java	minecraft	9	554	rivet-entity	3	27	yes	net.minecraft.core,net.minecraft.tags,net.minecraft.util,net.minecraft.world.entity,net.minecraft.world.entity.ai.attributes,net.minecraft.world.entity.ai.navigation,net.minecraft.world.level.block.state,net.minecraft.world.level.pathfinder,net.minecraft.world.phys,net.minecraft.world.phys.shapes	pending	0	
mc.world.entity.ai.goal	net.minecraft.world.entity.ai.goal	net/minecraft/world/entity/ai/goal/AvoidEntityGoal.java,net/minecraft/world/entity/ai/goal/BegGoal.java,net/minecraft/world/entity/ai/goal/BreakDoorGoal.java,net/minecraft/world/entity/ai/goal/BreathAirGoal.java,net/minecraft/world/entity/ai/goal/BreedGoal.java,net/minecraft/world/entity/ai/goal/CatLieOnBedGoal.java,net/minecraft/world/entity/ai/goal/CatSitOnBlockGoal.java,net/minecraft/world/entity/ai/goal/ClimbOnTopOfPowderSnowGoal.java,net/minecraft/world/entity/ai/goal/DolphinJumpGoal.java,net/minecraft/world/entity/ai/goal/DoorInteractGoal.java,net/minecraft/world/entity/ai/goal/EatBlockGoal.java,net/minecraft/world/entity/ai/goal/FleeSunGoal.java,net/minecraft/world/entity/ai/goal/FloatGoal.java,net/minecraft/world/entity/ai/goal/FollowFlockLeaderGoal.java,net/minecraft/world/entity/ai/goal/FollowMobGoal.java,net/minecraft/world/entity/ai/goal/FollowOwnerGoal.java,net/minecraft/world/entity/ai/goal/FollowParentGoal.java,net/minecraft/world/entity/ai/goal/FollowPlayerRiddenEntityGoal.java,net/minecraft/world/entity/ai/goal/Goal.java,net/minecraft/world/entity/ai/goal/GoalSelector.java,net/minecraft/world/entity/ai/goal/GolemRandomStrollInVillageGoal.java,net/minecraft/world/entity/ai/goal/InteractGoal.java,net/minecraft/world/entity/ai/goal/JumpGoal.java,net/minecraft/world/entity/ai/goal/LandOnOwnersShoulderGoal.java,net/minecraft/world/entity/ai/goal/LeapAtTargetGoal.java,net/minecraft/world/entity/ai/goal/LlamaFollowCaravanGoal.java,net/minecraft/world/entity/ai/goal/LookAtPlayerGoal.java,net/minecraft/world/entity/ai/goal/LookAtTradingPlayerGoal.java,net/minecraft/world/entity/ai/goal/MeleeAttackGoal.java,net/minecraft/world/entity/ai/goal/MoveBackToVillageGoal.java,net/minecraft/world/entity/ai/goal/MoveThroughVillageGoal.java,net/minecraft/world/entity/ai/goal/MoveToBlockGoal.java,net/minecraft/world/entity/ai/goal/MoveTowardsRestrictionGoal.java,net/minecraft/world/entity/ai/goal/MoveTowardsTargetGoal.java,net/minecraft/world/entity/ai/goal/OcelotAttackGoal.java,net/minecraft/world/entity/ai/goal/OfferFlowerGoal.java,net/minecraft/world/entity/ai/goal/OpenDoorGoal.java,net/minecraft/world/entity/ai/goal/PanicGoal.java,net/minecraft/world/entity/ai/goal/PathfindToRaidGoal.java,net/minecraft/world/entity/ai/goal/RandomLookAroundGoal.java,net/minecraft/world/entity/ai/goal/RandomStandGoal.java,net/minecraft/world/entity/ai/goal/RandomStrollGoal.java,net/minecraft/world/entity/ai/goal/RandomSwimmingGoal.java,net/minecraft/world/entity/ai/goal/RangedAttackGoal.java,net/minecraft/world/entity/ai/goal/RangedBowAttackGoal.java,net/minecraft/world/entity/ai/goal/RangedCrossbowAttackGoal.java,net/minecraft/world/entity/ai/goal/RemoveBlockGoal.java,net/minecraft/world/entity/ai/goal/RestrictSunGoal.java,net/minecraft/world/entity/ai/goal/RunAroundLikeCrazyGoal.java,net/minecraft/world/entity/ai/goal/SitWhenOrderedToGoal.java,net/minecraft/world/entity/ai/goal/SpearUseGoal.java,net/minecraft/world/entity/ai/goal/StrollThroughVillageGoal.java,net/minecraft/world/entity/ai/goal/SwellGoal.java,net/minecraft/world/entity/ai/goal/TemptGoal.java,net/minecraft/world/entity/ai/goal/TradeWithPlayerGoal.java,net/minecraft/world/entity/ai/goal/TryFindWaterGoal.java,net/minecraft/world/entity/ai/goal/UseItemGoal.java,net/minecraft/world/entity/ai/goal/WaterAvoidingRandomFlyingGoal.java,net/minecraft/world/entity/ai/goal/WaterAvoidingRandomStrollGoal.java,net/minecraft/world/entity/ai/goal/WrappedGoal.java,net/minecraft/world/entity/ai/goal/ZombieAttackGoal.java,net/minecraft/world/entity/ai/goal/package-info.java	minecraft	62	4802	rivet-entity	3	27	yes	com.mojang.datafixers,net.minecraft.core,net.minecraft.core.component,net.minecraft.core.particles,net.minecraft.server.level,net.minecraft.sounds,net.minecraft.tags,net.minecraft.util,net.minecraft.util.profiling,net.minecraft.util.valueproviders,net.minecraft.world,net.minecraft.world.damagesource,net.minecraft.world.entity,net.minecraft.world.entity.ai.attributes,net.minecraft.world.entity.ai.behavior,net.minecraft.world.entity.ai.control,net.minecraft.world.entity.ai.navigation,net.minecraft.world.entity.ai.targeting,net.minecraft.world.entity.ai.util,net.minecraft.world.entity.ai.village.poi,net.minecraft.world.entity.animal,net.minecraft.world.entity.animal.dolphin,net.minecraft.world.entity.animal.equine,net.minecraft.world.entity.animal.feline,net.minecraft.world.entity.animal.fish,net.minecraft.world.entity.animal.golem,net.minecraft.world.entity.animal.parrot,net.minecraft.world.entity.animal.wolf,net.minecraft.world.entity.decoration,net.minecraft.world.entity.monster,net.minecraft.world.entity.monster.zombie,net.minecraft.world.entity.npc.villager,net.minecraft.world.entity.player,net.minecraft.world.entity.projectile,net.minecraft.world.entity.raid,net.minecraft.world.item,net.minecraft.world.item.component,net.minecraft.world.level,net.minecraft.world.level.block,net.minecraft.world.level.block.entity,net.minecraft.world.level.block.state,net.minecraft.world.level.block.state.properties,net.minecraft.world.level.chunk,net.minecraft.world.level.chunk.status,net.minecraft.world.level.gamerules,net.minecraft.world.level.levelgen,net.minecraft.world.level.material,net.minecraft.world.level.pathfinder,net.minecraft.world.phys,net.minecraft.world.phys.shapes	pending	0	
mc.world.entity.ai.goal.target	net.minecraft.world.entity.ai.goal.target	net/minecraft/world/entity/ai/goal/target/DefendVillageTargetGoal.java,net/minecraft/world/entity/ai/goal/target/HurtByTargetGoal.java,net/minecraft/world/entity/ai/goal/target/NearestAttackableTargetGoal.java,net/minecraft/world/entity/ai/goal/target/NearestAttackableWitchTargetGoal.java,net/minecraft/world/entity/ai/goal/target/NearestHealableRaiderTargetGoal.java,net/minecraft/world/entity/ai/goal/target/NonTameRandomTargetGoal.java,net/minecraft/world/entity/ai/goal/target/OwnerHurtByTargetGoal.java,net/minecraft/world/entity/ai/goal/target/OwnerHurtTargetGoal.java,net/minecraft/world/entity/ai/goal/target/ResetUniversalAngerTargetGoal.java,net/minecraft/world/entity/ai/goal/target/TargetGoal.java,net/minecraft/world/entity/ai/goal/target/package-info.java	minecraft	11	658	rivet-entity	3	27	yes	net.minecraft.server.level,net.minecraft.world.entity,net.minecraft.world.entity.ai.attributes,net.minecraft.world.entity.ai.goal,net.minecraft.world.entity.ai.targeting,net.minecraft.world.entity.animal.golem,net.minecraft.world.entity.npc.villager,net.minecraft.world.entity.player,net.minecraft.world.entity.raid,net.minecraft.world.level.gamerules,net.minecraft.world.level.pathfinder,net.minecraft.world.phys,net.minecraft.world.scores	pending	0	
mc.world.entity.ai.gossip	net.minecraft.world.entity.ai.gossip	net/minecraft/world/entity/ai/gossip/GossipContainer.java,net/minecraft/world/entity/ai/gossip/GossipType.java,net/minecraft/world/entity/ai/gossip/package-info.java	minecraft	3	341	rivet-entity	3	27	yes	com.mojang.serialization,net.minecraft.core,net.minecraft.util	pending	0	
mc.world.entity.ai.memory	net.minecraft.world.entity.ai.memory	net/minecraft/world/entity/ai/memory/ExpirableValue.java,net/minecraft/world/entity/ai/memory/MemoryMap.java,net/minecraft/world/entity/ai/memory/MemoryModuleType.java,net/minecraft/world/entity/ai/memory/MemorySlot.java,net/minecraft/world/entity/ai/memory/MemoryStatus.java,net/minecraft/world/entity/ai/memory/NearestVisibleLivingEntities.java,net/minecraft/world/entity/ai/memory/WalkTarget.java,net/minecraft/world/entity/ai/memory/package-info.java	minecraft	8	491	rivet-entity	3	27	yes	com.mojang.serialization,net.minecraft.core,net.minecraft.core.registries,net.minecraft.resources,net.minecraft.server.level,net.minecraft.util,net.minecraft.world.damagesource,net.minecraft.world.entity,net.minecraft.world.entity.ai,net.minecraft.world.entity.ai.behavior,net.minecraft.world.entity.ai.sensing,net.minecraft.world.entity.item,net.minecraft.world.entity.monster.hoglin,net.minecraft.world.entity.monster.piglin,net.minecraft.world.entity.player,net.minecraft.world.level.pathfinder,net.minecraft.world.phys	pending	0	
mc.world.entity.ai.navigation	net.minecraft.world.entity.ai.navigation	net/minecraft/world/entity/ai/navigation/AmphibiousPathNavigation.java,net/minecraft/world/entity/ai/navigation/FlyingPathNavigation.java,net/minecraft/world/entity/ai/navigation/GroundPathNavigation.java,net/minecraft/world/entity/ai/navigation/PathNavigation.java,net/minecraft/world/entity/ai/navigation/WallClimberNavigation.java,net/minecraft/world/entity/ai/navigation/WaterBoundPathNavigation.java,net/minecraft/world/entity/ai/navigation/package-info.java	minecraft	7	896	rivet-entity	3	27	yes	net.minecraft.core,net.minecraft.server.level,net.minecraft.tags,net.minecraft.util,net.minecraft.util.debug,net.minecraft.util.profiling,net.minecraft.world.entity,net.minecraft.world.entity.ai.attributes,net.minecraft.world.level,net.minecraft.world.level.block,net.minecraft.world.level.block.state,net.minecraft.world.level.chunk,net.minecraft.world.level.pathfinder,net.minecraft.world.phys	pending	0	
mc.world.entity.ai.sensing	net.minecraft.world.entity.ai.sensing	net/minecraft/world/entity/ai/sensing/AdultSensor.java,net/minecraft/world/entity/ai/sensing/AdultSensorAnyType.java,net/minecraft/world/entity/ai/sensing/AxolotlAttackablesSensor.java,net/minecraft/world/entity/ai/sensing/BreezeAttackEntitySensor.java,net/minecraft/world/entity/ai/sensing/DummySensor.java,net/minecraft/world/entity/ai/sensing/FrogAttackablesSensor.java,net/minecraft/world/entity/ai/sensing/GolemSensor.java,net/minecraft/world/entity/ai/sensing/HoglinSpecificSensor.java,net/minecraft/world/entity/ai/sensing/HurtBySensor.java,net/minecraft/world/entity/ai/sensing/IsInWaterSensor.java,net/minecraft/world/entity/ai/sensing/MobSensor.java,net/minecraft/world/entity/ai/sensing/NearestBedSensor.java,net/minecraft/world/entity/ai/sensing/NearestItemSensor.java,net/minecraft/world/entity/ai/sensing/NearestLivingEntitySensor.java,net/minecraft/world/entity/ai/sensing/NearestVisibleLivingEntitySensor.java,net/minecraft/world/entity/ai/sensing/PiglinBruteSpecificSensor.java,net/minecraft/world/entity/ai/sensing/PiglinSpecificSensor.java,net/minecraft/world/entity/ai/sensing/PlayerSensor.java,net/minecraft/world/entity/ai/sensing/SecondaryPoiSensor.java,net/minecraft/world/entity/ai/sensing/Sensing.java,net/minecraft/world/entity/ai/sensing/Sensor.java,net/minecraft/world/entity/ai/sensing/SensorType.java,net/minecraft/world/entity/ai/sensing/TemptingSensor.java,net/minecraft/world/entity/ai/sensing/VillagerBabiesSensor.java,net/minecraft/world/entity/ai/sensing/VillagerHostilesSensor.java,net/minecraft/world/entity/ai/sensing/WardenEntitySensor.java,net/minecraft/world/entity/ai/sensing/package-info.java	minecraft	27	1258	rivet-entity	3	27	yes	com.mojang.datafixers.util,net.minecraft.core,net.minecraft.core.registries,net.minecraft.resources,net.minecraft.server.level,net.minecraft.tags,net.minecraft.util,net.minecraft.util.profiling,net.minecraft.world.damagesource,net.minecraft.world.entity,net.minecraft.world.entity.ai,net.minecraft.world.entity.ai.attributes,net.minecraft.world.entity.ai.behavior,net.minecraft.world.entity.ai.memory,net.minecraft.world.entity.ai.targeting,net.minecraft.world.entity.ai.village.poi,net.minecraft.world.entity.animal,net.minecraft.world.entity.animal.armadillo,net.minecraft.world.entity.animal.frog,net.minecraft.world.entity.animal.nautilus,net.minecraft.world.entity.boss.wither,net.minecraft.world.entity.item,net.minecraft.world.entity.monster.breeze,net.minecraft.world.entity.monster.hoglin,net.minecraft.world.entity.monster.piglin,net.minecraft.world.entity.monster.skeleton,net.minecraft.world.entity.monster.warden,net.minecraft.world.entity.npc.villager,net.minecraft.world.entity.player,net.minecraft.world.item,net.minecraft.world.level,net.minecraft.world.level.block,net.minecraft.world.level.block.state,net.minecraft.world.level.pathfinder,net.minecraft.world.phys	pending	0	
mc.world.entity.ai.targeting	net.minecraft.world.entity.ai.targeting	net/minecraft/world/entity/ai/targeting/TargetingConditions.java,net/minecraft/world/entity/ai/targeting/package-info.java	minecraft	2	106	rivet-entity	3	27	yes	net.minecraft.server.level,net.minecraft.world,net.minecraft.world.entity	pending	0	
mc.world.entity.ai.util	net.minecraft.world.entity.ai.util	net/minecraft/world/entity/ai/util/AirAndWaterRandomPos.java,net/minecraft/world/entity/ai/util/AirRandomPos.java,net/minecraft/world/entity/ai/util/DefaultRandomPos.java,net/minecraft/world/entity/ai/util/GoalUtils.java,net/minecraft/world/entity/ai/util/HoverRandomPos.java,net/minecraft/world/entity/ai/util/LandRandomPos.java,net/minecraft/world/entity/ai/util/RandomPos.java,net/minecraft/world/entity/ai/util/package-info.java	minecraft	8	440	rivet-entity	3	27	yes	net.minecraft.core,net.minecraft.tags,net.minecraft.util,net.minecraft.world.entity,net.minecraft.world.entity.ai.navigation,net.minecraft.world.level.pathfinder,net.minecraft.world.phys	pending	0	
mc.world.entity.ai.village	net.minecraft.world.entity.ai.village	net/minecraft/world/entity/ai/village/ReputationEventType.java,net/minecraft/world/entity/ai/village/VillageSiege.java,net/minecraft/world/entity/ai/village/package-info.java	minecraft	3	157	rivet-entity	3	27	yes	net.minecraft.core,net.minecraft.server.level,net.minecraft.tags,net.minecraft.util,net.minecraft.world.clock,net.minecraft.world.entity,net.minecraft.world.entity.monster,net.minecraft.world.entity.monster.zombie,net.minecraft.world.entity.player,net.minecraft.world.level,net.minecraft.world.level.levelgen,net.minecraft.world.phys	pending	0	
mc.world.entity.ai.village.poi	net.minecraft.world.entity.ai.village.poi	net/minecraft/world/entity/ai/village/poi/PoiManager.java,net/minecraft/world/entity/ai/village/poi/PoiRecord.java,net/minecraft/world/entity/ai/village/poi/PoiSection.java,net/minecraft/world/entity/ai/village/poi/PoiType.java,net/minecraft/world/entity/ai/village/poi/PoiTypes.java,net/minecraft/world/entity/ai/village/poi/package-info.java	minecraft	6	965	rivet-entity	3	27	yes	com.mojang.datafixers,com.mojang.datafixers.util,com.mojang.serialization,net.minecraft.core,net.minecraft.core.registries,net.minecraft.resources,net.minecraft.server.level,net.minecraft.tags,net.minecraft.util,net.minecraft.util.datafix,net.minecraft.util.debug,net.minecraft.world.level,net.minecraft.world.level.block,net.minecraft.world.level.block.state,net.minecraft.world.level.block.state.properties,net.minecraft.world.level.chunk,net.minecraft.world.level.chunk.status,net.minecraft.world.level.chunk.storage	pending	0	
mc.world.entity.ambient	net.minecraft.world.entity.ambient	net/minecraft/world/entity/ambient/AmbientCreature.java,net/minecraft/world/entity/ambient/Bat.java,net/minecraft/world/entity/ambient/package-info.java	minecraft	3	262	rivet-entity	3	27	yes	net.minecraft.core,net.minecraft.network.syncher,net.minecraft.server.level,net.minecraft.sounds,net.minecraft.tags,net.minecraft.util,net.minecraft.world.damagesource,net.minecraft.world.entity,net.minecraft.world.entity.ai.attributes,net.minecraft.world.entity.ai.targeting,net.minecraft.world.level,net.minecraft.world.level.block,net.minecraft.world.level.block.state,net.minecraft.world.level.levelgen,net.minecraft.world.level.storage,net.minecraft.world.phys	pending	0	
mc.world.entity.animal	net.minecraft.world.entity.animal	net/minecraft/world/entity/animal/AgeableWaterCreature.java,net/minecraft/world/entity/animal/Animal.java,net/minecraft/world/entity/animal/TemperatureVariants.java,net/minecraft/world/entity/animal/package-info.java	minecraft	4	414	rivet-entity	3	27	yes	net.minecraft.advancements.triggers,net.minecraft.core,net.minecraft.core.particles,net.minecraft.resources,net.minecraft.server.level,net.minecraft.stats,net.minecraft.tags,net.minecraft.util,net.minecraft.world,net.minecraft.world.damagesource,net.minecraft.world.entity,net.minecraft.world.entity.ai.attributes,net.minecraft.world.entity.player,net.minecraft.world.entity.vehicle,net.minecraft.world.item,net.minecraft.world.level,net.minecraft.world.level.block,net.minecraft.world.level.gamerules,net.minecraft.world.level.pathfinder,net.minecraft.world.level.storage,net.minecraft.world.phys	pending	0	
mc.world.entity.animal.allay	net.minecraft.world.entity.animal.allay	net/minecraft/world/entity/animal/allay/Allay.java,net/minecraft/world/entity/animal/allay/AllayAi.java,net/minecraft/world/entity/animal/allay/package-info.java	minecraft	3	784	rivet-entity	3	27	yes	com.mojang.datafixers.util,net.minecraft.advancements.triggers,net.minecraft.core,net.minecraft.core.component,net.minecraft.core.particles,net.minecraft.network.syncher,net.minecraft.server.level,net.minecraft.sounds,net.minecraft.tags,net.minecraft.util,net.minecraft.util.profiling,net.minecraft.util.valueproviders,net.minecraft.world,net.minecraft.world.damagesource,net.minecraft.world.entity,net.minecraft.world.entity.ai,net.minecraft.world.entity.ai.attributes,net.minecraft.world.entity.ai.behavior,net.minecraft.world.entity.ai.control,net.minecraft.world.entity.ai.memory,net.minecraft.world.entity.ai.navigation,net.minecraft.world.entity.ai.sensing,net.minecraft.world.entity.item,net.minecraft.world.entity.npc,net.minecraft.world.entity.player,net.minecraft.world.entity.schedule,net.minecraft.world.item,net.minecraft.world.item.alchemy,net.minecraft.world.item.enchantment,net.minecraft.world.level,net.minecraft.world.level.block,net.minecraft.world.level.block.state,net.minecraft.world.level.gameevent,net.minecraft.world.level.gameevent.vibrations,net.minecraft.world.level.gamerules,net.minecraft.world.level.storage,net.minecraft.world.phys	pending	0	
mc.world.entity.animal.armadillo	net.minecraft.world.entity.animal.armadillo	net/minecraft/world/entity/animal/armadillo/Armadillo.java,net/minecraft/world/entity/animal/armadillo/ArmadilloAi.java,net/minecraft/world/entity/animal/armadillo/package-info.java	minecraft	3	670	rivet-entity	3	27	yes	com.mojang.datafixers.util,com.mojang.serialization,net.minecraft.core,net.minecraft.network.codec,net.minecraft.network.syncher,net.minecraft.server.level,net.minecraft.sounds,net.minecraft.tags,net.minecraft.util,net.minecraft.util.profiling,net.minecraft.util.valueproviders,net.minecraft.world,net.minecraft.world.damagesource,net.minecraft.world.entity,net.minecraft.world.entity.ai,net.minecraft.world.entity.ai.attributes,net.minecraft.world.entity.ai.behavior,net.minecraft.world.entity.ai.behavior.declarative,net.minecraft.world.entity.ai.control,net.minecraft.world.entity.ai.memory,net.minecraft.world.entity.ai.sensing,net.minecraft.world.entity.animal,net.minecraft.world.entity.player,net.minecraft.world.entity.schedule,net.minecraft.world.item,net.minecraft.world.level,net.minecraft.world.level.block.state,net.minecraft.world.level.gameevent,net.minecraft.world.level.storage,net.minecraft.world.level.storage.loot	pending	0	
mc.world.entity.animal.axolotl	net.minecraft.world.entity.animal.axolotl	net/minecraft/world/entity/animal/axolotl/Axolotl.java,net/minecraft/world/entity/animal/axolotl/AxolotlAi.java,net/minecraft/world/entity/animal/axolotl/PlayDead.java,net/minecraft/world/entity/animal/axolotl/ValidatePlayDead.java,net/minecraft/world/entity/animal/axolotl/package-info.java	minecraft	5	917	rivet-entity	3	27	yes	com.mojang.datafixers.util,com.mojang.serialization,net.minecraft.core,net.minecraft.core.component,net.minecraft.nbt,net.minecraft.network.codec,net.minecraft.network.syncher,net.minecraft.server.level,net.minecraft.sounds,net.minecraft.tags,net.minecraft.util,net.minecraft.util.profiling,net.minecraft.util.valueproviders,net.minecraft.world,net.minecraft.world.damagesource,net.minecraft.world.effect,net.minecraft.world.entity,net.minecraft.world.entity.ai,net.minecraft.world.entity.ai.attributes,net.minecraft.world.entity.ai.behavior,net.minecraft.world.entity.ai.behavior.declarative,net.minecraft.world.entity.ai.control,net.minecraft.world.entity.ai.memory,net.minecraft.world.entity.ai.navigation,net.minecraft.world.entity.ai.sensing,net.minecraft.world.entity.animal,net.minecraft.world.entity.player,net.minecraft.world.entity.schedule,net.minecraft.world.item,net.minecraft.world.item.component,net.minecraft.world.level,net.minecraft.world.level.pathfinder,net.minecraft.world.level.storage,net.minecraft.world.phys	pending	0	
mc.world.entity.animal.bee	net.minecraft.world.entity.animal.bee	net/minecraft/world/entity/animal/bee/Bee.java,net/minecraft/world/entity/animal/bee/package-info.java	minecraft	2	1365	rivet-entity	3	27	yes	net.minecraft.core,net.minecraft.core.particles,net.minecraft.network.syncher,net.minecraft.server.level,net.minecraft.sounds,net.minecraft.tags,net.minecraft.util,net.minecraft.util.debug,net.minecraft.util.valueproviders,net.minecraft.world,net.minecraft.world.attribute,net.minecraft.world.damagesource,net.minecraft.world.effect,net.minecraft.world.entity,net.minecraft.world.entity.ai.attributes,net.minecraft.world.entity.ai.control,net.minecraft.world.entity.ai.goal,net.minecraft.world.entity.ai.goal.target,net.minecraft.world.entity.ai.navigation,net.minecraft.world.entity.ai.util,net.minecraft.world.entity.ai.village.poi,net.minecraft.world.entity.animal,net.minecraft.world.entity.player,net.minecraft.world.item,net.minecraft.world.item.enchantment,net.minecraft.world.level,net.minecraft.world.level.block,net.minecraft.world.level.block.entity,net.minecraft.world.level.block.state,net.minecraft.world.level.block.state.properties,net.minecraft.world.level.material,net.minecraft.world.level.pathfinder,net.minecraft.world.level.storage,net.minecraft.world.phys	pending	0	
mc.world.entity.animal.camel	net.minecraft.world.entity.animal.camel	net/minecraft/world/entity/animal/camel/Camel.java,net/minecraft/world/entity/animal/camel/CamelAi.java,net/minecraft/world/entity/animal/camel/CamelHusk.java,net/minecraft/world/entity/animal/camel/package-info.java	minecraft	4	999	rivet-entity	3	27	yes	com.mojang.datafixers.util,net.minecraft.core,net.minecraft.core.particles,net.minecraft.network.syncher,net.minecraft.server.level,net.minecraft.sounds,net.minecraft.tags,net.minecraft.util,net.minecraft.util.profiling,net.minecraft.util.valueproviders,net.minecraft.world,net.minecraft.world.damagesource,net.minecraft.world.entity,net.minecraft.world.entity.ai,net.minecraft.world.entity.ai.attributes,net.minecraft.world.entity.ai.behavior,net.minecraft.world.entity.ai.behavior.declarative,net.minecraft.world.entity.ai.control,net.minecraft.world.entity.ai.memory,net.minecraft.world.entity.ai.navigation,net.minecraft.world.entity.ai.sensing,net.minecraft.world.entity.animal,net.minecraft.world.entity.animal.equine,net.minecraft.world.entity.player,net.minecraft.world.entity.schedule,net.minecraft.world.item,net.minecraft.world.item.equipment,net.minecraft.world.level,net.minecraft.world.level.block.state,net.minecraft.world.level.gameevent,net.minecraft.world.level.storage,net.minecraft.world.phys	pending	0	
mc.world.entity.animal.chicken	net.minecraft.world.entity.animal.chicken	net/minecraft/world/entity/animal/chicken/Chicken.java,net/minecraft/world/entity/animal/chicken/ChickenSoundVariant.java,net/minecraft/world/entity/animal/chicken/ChickenSoundVariants.java,net/minecraft/world/entity/animal/chicken/ChickenVariant.java,net/minecraft/world/entity/animal/chicken/ChickenVariants.java,net/minecraft/world/entity/animal/chicken/package-info.java	minecraft	6	521	rivet-entity	3	27	yes	com.mojang.serialization,net.minecraft.core,net.minecraft.core.component,net.minecraft.core.registries,net.minecraft.data.worldgen,net.minecraft.network,net.minecraft.network.codec,net.minecraft.network.syncher,net.minecraft.resources,net.minecraft.server.level,net.minecraft.sounds,net.minecraft.tags,net.minecraft.util,net.minecraft.world,net.minecraft.world.damagesource,net.minecraft.world.entity,net.minecraft.world.entity.ai.attributes,net.minecraft.world.entity.ai.goal,net.minecraft.world.entity.animal,net.minecraft.world.entity.player,net.minecraft.world.entity.variant,net.minecraft.world.item,net.minecraft.world.level,net.minecraft.world.level.biome,net.minecraft.world.level.block.state,net.minecraft.world.level.gameevent,net.minecraft.world.level.pathfinder,net.minecraft.world.level.storage,net.minecraft.world.level.storage.loot,net.minecraft.world.phys	pending	0	
mc.world.entity.animal.cow	net.minecraft.world.entity.animal.cow	net/minecraft/world/entity/animal/cow/AbstractCow.java,net/minecraft/world/entity/animal/cow/Cow.java,net/minecraft/world/entity/animal/cow/CowSoundVariant.java,net/minecraft/world/entity/animal/cow/CowSoundVariants.java,net/minecraft/world/entity/animal/cow/CowVariant.java,net/minecraft/world/entity/animal/cow/CowVariants.java,net/minecraft/world/entity/animal/cow/MushroomCow.java,net/minecraft/world/entity/animal/cow/package-info.java	minecraft	8	802	rivet-entity	3	27	yes	com.mojang.serialization,net.minecraft.core,net.minecraft.core.component,net.minecraft.core.particles,net.minecraft.core.registries,net.minecraft.data.worldgen,net.minecraft.network,net.minecraft.network.codec,net.minecraft.network.syncher,net.minecraft.resources,net.minecraft.server.level,net.minecraft.sounds,net.minecraft.tags,net.minecraft.util,net.minecraft.world,net.minecraft.world.damagesource,net.minecraft.world.entity,net.minecraft.world.entity.ai.attributes,net.minecraft.world.entity.ai.goal,net.minecraft.world.entity.animal,net.minecraft.world.entity.item,net.minecraft.world.entity.player,net.minecraft.world.entity.variant,net.minecraft.world.item,net.minecraft.world.item.component,net.minecraft.world.level,net.minecraft.world.level.biome,net.minecraft.world.level.block,net.minecraft.world.level.block.state,net.minecraft.world.level.gameevent,net.minecraft.world.level.storage,net.minecraft.world.level.storage.loot	pending	0	
mc.world.entity.animal.dolphin	net.minecraft.world.entity.animal.dolphin	net/minecraft/world/entity/animal/dolphin/Dolphin.java,net/minecraft/world/entity/animal/dolphin/package-info.java	minecraft	2	602	rivet-entity	3	27	yes	net.minecraft.core,net.minecraft.core.particles,net.minecraft.network.syncher,net.minecraft.server.level,net.minecraft.sounds,net.minecraft.tags,net.minecraft.util,net.minecraft.world,net.minecraft.world.damagesource,net.minecraft.world.effect,net.minecraft.world.entity,net.minecraft.world.entity.ai.attributes,net.minecraft.world.entity.ai.control,net.minecraft.world.entity.ai.goal,net.minecraft.world.entity.ai.goal.target,net.minecraft.world.entity.ai.navigation,net.minecraft.world.entity.ai.targeting,net.minecraft.world.entity.ai.util,net.minecraft.world.entity.animal,net.minecraft.world.entity.animal.nautilus,net.minecraft.world.entity.item,net.minecraft.world.entity.monster,net.minecraft.world.entity.player,net.minecraft.world.entity.vehicle.boat,net.minecraft.world.item,net.minecraft.world.level,net.minecraft.world.level.pathfinder,net.minecraft.world.level.storage,net.minecraft.world.phys	pending	0	
mc.world.entity.animal.equine	net.minecraft.world.entity.animal.equine	net/minecraft/world/entity/animal/equine/AbstractChestedHorse.java,net/minecraft/world/entity/animal/equine/AbstractHorse.java,net/minecraft/world/entity/animal/equine/Donkey.java,net/minecraft/world/entity/animal/equine/Horse.java,net/minecraft/world/entity/animal/equine/Llama.java,net/minecraft/world/entity/animal/equine/Markings.java,net/minecraft/world/entity/animal/equine/Mule.java,net/minecraft/world/entity/animal/equine/SkeletonHorse.java,net/minecraft/world/entity/animal/equine/SkeletonTrapGoal.java,net/minecraft/world/entity/animal/equine/TraderLlama.java,net/minecraft/world/entity/animal/equine/Variant.java,net/minecraft/world/entity/animal/equine/ZombieHorse.java,net/minecraft/world/entity/animal/equine/package-info.java	minecraft	13	2924	rivet-entity	3	27	yes	com.mojang.serialization,net.minecraft.advancements.triggers,net.minecraft.core,net.minecraft.core.component,net.minecraft.core.particles,net.minecraft.network.codec,net.minecraft.network.syncher,net.minecraft.server.level,net.minecraft.sounds,net.minecraft.tags,net.minecraft.util,net.minecraft.world,net.minecraft.world.damagesource,net.minecraft.world.entity,net.minecraft.world.entity.ai.attributes,net.minecraft.world.entity.ai.goal,net.minecraft.world.entity.ai.goal.target,net.minecraft.world.entity.ai.targeting,net.minecraft.world.entity.animal,net.minecraft.world.entity.animal.wolf,net.minecraft.world.entity.monster,net.minecraft.world.entity.monster.illager,net.minecraft.world.entity.monster.skeleton,net.minecraft.world.entity.monster.zombie,net.minecraft.world.entity.npc.wanderingtrader,net.minecraft.world.entity.player,net.minecraft.world.entity.projectile,net.minecraft.world.entity.vehicle,net.minecraft.world.inventory,net.minecraft.world.item,net.minecraft.world.item.enchantment,net.minecraft.world.item.enchantment.providers,net.minecraft.world.item.equipment,net.minecraft.world.level,net.minecraft.world.level.block,net.minecraft.world.level.block.state,net.minecraft.world.level.gameevent,net.minecraft.world.level.storage,net.minecraft.world.phys	pending	0	
mc.world.entity.animal.feline	net.minecraft.world.entity.animal.feline	net/minecraft/world/entity/animal/feline/Cat.java,net/minecraft/world/entity/animal/feline/CatSoundVariant.java,net/minecraft/world/entity/animal/feline/CatSoundVariants.java,net/minecraft/world/entity/animal/feline/CatVariant.java,net/minecraft/world/entity/animal/feline/CatVariants.java,net/minecraft/world/entity/animal/feline/Ocelot.java,net/minecraft/world/entity/animal/feline/package-info.java	minecraft	7	1254	rivet-entity	3	27	yes	com.mojang.serialization,net.minecraft.advancements.predicates,net.minecraft.core,net.minecraft.core.component,net.minecraft.core.particles,net.minecraft.core.registries,net.minecraft.data.worldgen,net.minecraft.network,net.minecraft.network.codec,net.minecraft.network.syncher,net.minecraft.resources,net.minecraft.server.level,net.minecraft.sounds,net.minecraft.tags,net.minecraft.util,net.minecraft.world,net.minecraft.world.attribute,net.minecraft.world.damagesource,net.minecraft.world.entity,net.minecraft.world.entity.ai.attributes,net.minecraft.world.entity.ai.goal,net.minecraft.world.entity.ai.goal.target,net.minecraft.world.entity.animal,net.minecraft.world.entity.animal.chicken,net.minecraft.world.entity.animal.rabbit,net.minecraft.world.entity.animal.turtle,net.minecraft.world.entity.item,net.minecraft.world.entity.player,net.minecraft.world.entity.variant,net.minecraft.world.item,net.minecraft.world.level,net.minecraft.world.level.block,net.minecraft.world.level.block.state,net.minecraft.world.level.levelgen.structure,net.minecraft.world.level.storage,net.minecraft.world.level.storage.loot,net.minecraft.world.phys	pending	0	
mc.world.entity.animal.fish	net.minecraft.world.entity.animal.fish	net/minecraft/world/entity/animal/fish/AbstractFish.java,net/minecraft/world/entity/animal/fish/AbstractSchoolingFish.java,net/minecraft/world/entity/animal/fish/Cod.java,net/minecraft/world/entity/animal/fish/Pufferfish.java,net/minecraft/world/entity/animal/fish/Salmon.java,net/minecraft/world/entity/animal/fish/TropicalFish.java,net/minecraft/world/entity/animal/fish/WaterAnimal.java,net/minecraft/world/entity/animal/fish/package-info.java	minecraft	8	1254	rivet-entity	3	27	yes	com.mojang.serialization,net.minecraft,net.minecraft.core,net.minecraft.core.component,net.minecraft.nbt,net.minecraft.network.chat,net.minecraft.network.codec,net.minecraft.network.protocol.game,net.minecraft.network.syncher,net.minecraft.server.level,net.minecraft.sounds,net.minecraft.tags,net.minecraft.util,net.minecraft.util.random,net.minecraft.world,net.minecraft.world.damagesource,net.minecraft.world.effect,net.minecraft.world.entity,net.minecraft.world.entity.ai.attributes,net.minecraft.world.entity.ai.control,net.minecraft.world.entity.ai.goal,net.minecraft.world.entity.ai.navigation,net.minecraft.world.entity.ai.targeting,net.minecraft.world.entity.player,net.minecraft.world.item,net.minecraft.world.item.component,net.minecraft.world.level,net.minecraft.world.level.block,net.minecraft.world.level.block.state,net.minecraft.world.level.pathfinder,net.minecraft.world.level.storage,net.minecraft.world.phys	pending	0	
mc.world.entity.animal.fox	net.minecraft.world.entity.animal.fox	net/minecraft/world/entity/animal/fox/Fox.java,net/minecraft/world/entity/animal/fox/package-info.java	minecraft	2	1569	rivet-entity	3	27	yes	com.mojang.serialization,net.minecraft.advancements.triggers,net.minecraft.core,net.minecraft.core.component,net.minecraft.core.particles,net.minecraft.network.codec,net.minecraft.network.syncher,net.minecraft.server.level,net.minecraft.sounds,net.minecraft.stats,net.minecraft.tags,net.minecraft.util,net.minecraft.world,net.minecraft.world.damagesource,net.minecraft.world.entity,net.minecraft.world.entity.ai.attributes,net.minecraft.world.entity.ai.control,net.minecraft.world.entity.ai.goal,net.minecraft.world.entity.ai.goal.target,net.minecraft.world.entity.ai.targeting,net.minecraft.world.entity.animal,net.minecraft.world.entity.animal.chicken,net.minecraft.world.entity.animal.fish,net.minecraft.world.entity.animal.polarbear,net.minecraft.world.entity.animal.rabbit,net.minecraft.world.entity.animal.turtle,net.minecraft.world.entity.animal.wolf,net.minecraft.world.entity.item,net.minecraft.world.entity.monster,net.minecraft.world.entity.player,net.minecraft.world.item,net.minecraft.world.level,net.minecraft.world.level.biome,net.minecraft.world.level.block,net.minecraft.world.level.block.state,net.minecraft.world.level.gameevent,net.minecraft.world.level.gamerules,net.minecraft.world.level.pathfinder,net.minecraft.world.level.storage,net.minecraft.world.phys	pending	0	
mc.world.entity.animal.frog	net.minecraft.world.entity.animal.frog	net/minecraft/world/entity/animal/frog/Frog.java,net/minecraft/world/entity/animal/frog/FrogAi.java,net/minecraft/world/entity/animal/frog/FrogVariant.java,net/minecraft/world/entity/animal/frog/FrogVariants.java,net/minecraft/world/entity/animal/frog/ShootTongue.java,net/minecraft/world/entity/animal/frog/Tadpole.java,net/minecraft/world/entity/animal/frog/TadpoleAi.java,net/minecraft/world/entity/animal/frog/package-info.java	minecraft	8	1235	rivet-entity	3	27	yes	com.mojang.datafixers.util,com.mojang.serialization,net.minecraft.core,net.minecraft.core.component,net.minecraft.core.particles,net.minecraft.core.registries,net.minecraft.data.worldgen,net.minecraft.nbt,net.minecraft.network,net.minecraft.network.codec,net.minecraft.network.syncher,net.minecraft.resources,net.minecraft.server.level,net.minecraft.sounds,net.minecraft.tags,net.minecraft.util,net.minecraft.util.profiling,net.minecraft.util.valueproviders,net.minecraft.world,net.minecraft.world.damagesource,net.minecraft.world.entity,net.minecraft.world.entity.ai,net.minecraft.world.entity.ai.attributes,net.minecraft.world.entity.ai.behavior,net.minecraft.world.entity.ai.behavior.declarative,net.minecraft.world.entity.ai.control,net.minecraft.world.entity.ai.memory,net.minecraft.world.entity.ai.navigation,net.minecraft.world.entity.ai.sensing,net.minecraft.world.entity.animal,net.minecraft.world.entity.animal.fish,net.minecraft.world.entity.monster.cubemob,net.minecraft.world.entity.player,net.minecraft.world.entity.schedule,net.minecraft.world.entity.variant,net.minecraft.world.item,net.minecraft.world.item.component,net.minecraft.world.level,net.minecraft.world.level.biome,net.minecraft.world.level.block,net.minecraft.world.level.block.state,net.minecraft.world.level.pathfinder,net.minecraft.world.level.storage,net.minecraft.world.phys	pending	0	
mc.world.entity.animal.goat	net.minecraft.world.entity.animal.goat	net/minecraft/world/entity/animal/goat/Goat.java,net/minecraft/world/entity/animal/goat/GoatAi.java,net/minecraft/world/entity/animal/goat/package-info.java	minecraft	3	557	rivet-entity	3	27	yes	com.mojang.datafixers.util,net.minecraft.core,net.minecraft.core.registries,net.minecraft.network.syncher,net.minecraft.server.level,net.minecraft.sounds,net.minecraft.tags,net.minecraft.util,net.minecraft.util.profiling,net.minecraft.util.valueproviders,net.minecraft.world,net.minecraft.world.damagesource,net.minecraft.world.entity,net.minecraft.world.entity.ai,net.minecraft.world.entity.ai.attributes,net.minecraft.world.entity.ai.behavior,net.minecraft.world.entity.ai.memory,net.minecraft.world.entity.ai.sensing,net.minecraft.world.entity.ai.targeting,net.minecraft.world.entity.animal,net.minecraft.world.entity.item,net.minecraft.world.entity.player,net.minecraft.world.entity.schedule,net.minecraft.world.item,net.minecraft.world.level,net.minecraft.world.level.block.state,net.minecraft.world.level.gamerules,net.minecraft.world.level.pathfinder,net.minecraft.world.level.storage,net.minecraft.world.phys	pending	0	
mc.world.entity.animal.golem	net.minecraft.world.entity.animal.golem	net/minecraft/world/entity/animal/golem/AbstractGolem.java,net/minecraft/world/entity/animal/golem/CopperGolem.java,net/minecraft/world/entity/animal/golem/CopperGolemAi.java,net/minecraft/world/entity/animal/golem/CopperGolemOxidationLevel.java,net/minecraft/world/entity/animal/golem/CopperGolemOxidationLevels.java,net/minecraft/world/entity/animal/golem/CopperGolemState.java,net/minecraft/world/entity/animal/golem/IronGolem.java,net/minecraft/world/entity/animal/golem/SnowGolem.java,net/minecraft/world/entity/animal/golem/package-info.java	minecraft	9	1359	rivet-entity	3	27	yes	com.mojang.datafixers.util,com.mojang.serialization,net.minecraft.core,net.minecraft.network.codec,net.minecraft.network.syncher,net.minecraft.resources,net.minecraft.server.level,net.minecraft.sounds,net.minecraft.tags,net.minecraft.util,net.minecraft.util.profiling,net.minecraft.util.valueproviders,net.minecraft.world,net.minecraft.world.attribute,net.minecraft.world.damagesource,net.minecraft.world.entity,net.minecraft.world.entity.ai,net.minecraft.world.entity.ai.attributes,net.minecraft.world.entity.ai.behavior,net.minecraft.world.entity.ai.goal,net.minecraft.world.entity.ai.goal.target,net.minecraft.world.entity.ai.memory,net.minecraft.world.entity.ai.sensing,net.minecraft.world.entity.monster,net.minecraft.world.entity.player,net.minecraft.world.entity.projectile,net.minecraft.world.entity.projectile.throwableitemprojectile,net.minecraft.world.entity.schedule,net.minecraft.world.item,net.minecraft.world.item.enchantment,net.minecraft.world.level,net.minecraft.world.level.block,net.minecraft.world.level.block.entity,net.minecraft.world.level.block.state,net.minecraft.world.level.block.state.properties,net.minecraft.world.level.gameevent,net.minecraft.world.level.gamerules,net.minecraft.world.level.material,net.minecraft.world.level.pathfinder,net.minecraft.world.level.storage,net.minecraft.world.level.storage.loot,net.minecraft.world.phys	pending	0	
mc.world.entity.animal.happyghast	net.minecraft.world.entity.animal.happyghast	net/minecraft/world/entity/animal/happyghast/HappyGhast.java,net/minecraft/world/entity/animal/happyghast/HappyGhastAi.java,net/minecraft/world/entity/animal/happyghast/package-info.java	minecraft	3	736	rivet-entity	3	27	yes	com.mojang.datafixers.util,net.minecraft.core,net.minecraft.network.protocol.game,net.minecraft.network.syncher,net.minecraft.server.level,net.minecraft.sounds,net.minecraft.tags,net.minecraft.util,net.minecraft.util.profiling,net.minecraft.util.valueproviders,net.minecraft.world,net.minecraft.world.damagesource,net.minecraft.world.entity,net.minecraft.world.entity.ai,net.minecraft.world.entity.ai.attributes,net.minecraft.world.entity.ai.behavior,net.minecraft.world.entity.ai.control,net.minecraft.world.entity.ai.goal,net.minecraft.world.entity.ai.memory,net.minecraft.world.entity.ai.navigation,net.minecraft.world.entity.ai.sensing,net.minecraft.world.entity.animal,net.minecraft.world.entity.monster,net.minecraft.world.entity.player,net.minecraft.world.entity.schedule,net.minecraft.world.item,net.minecraft.world.level,net.minecraft.world.level.biome,net.minecraft.world.level.block.state,net.minecraft.world.level.storage,net.minecraft.world.phys	pending	0	
mc.world.entity.animal.nautilus	net.minecraft.world.entity.animal.nautilus	net/minecraft/world/entity/animal/nautilus/AbstractNautilus.java,net/minecraft/world/entity/animal/nautilus/Nautilus.java,net/minecraft/world/entity/animal/nautilus/NautilusAi.java,net/minecraft/world/entity/animal/nautilus/ZombieNautilus.java,net/minecraft/world/entity/animal/nautilus/ZombieNautilusAi.java,net/minecraft/world/entity/animal/nautilus/ZombieNautilusVariant.java,net/minecraft/world/entity/animal/nautilus/ZombieNautilusVariants.java,net/minecraft/world/entity/animal/nautilus/package-info.java	minecraft	8	1255	rivet-entity	3	27	yes	com.mojang.datafixers.util,com.mojang.serialization,net.minecraft.core,net.minecraft.core.component,net.minecraft.core.particles,net.minecraft.core.registries,net.minecraft.data.worldgen,net.minecraft.network,net.minecraft.network.codec,net.minecraft.network.syncher,net.minecraft.resources,net.minecraft.server.level,net.minecraft.sounds,net.minecraft.tags,net.minecraft.util,net.minecraft.util.profiling,net.minecraft.util.valueproviders,net.minecraft.world,net.minecraft.world.damagesource,net.minecraft.world.effect,net.minecraft.world.entity,net.minecraft.world.entity.ai,net.minecraft.world.entity.ai.attributes,net.minecraft.world.entity.ai.behavior,net.minecraft.world.entity.ai.control,net.minecraft.world.entity.ai.memory,net.minecraft.world.entity.ai.navigation,net.minecraft.world.entity.ai.sensing,net.minecraft.world.entity.ai.targeting,net.minecraft.world.entity.animal,net.minecraft.world.entity.player,net.minecraft.world.entity.schedule,net.minecraft.world.entity.variant,net.minecraft.world.inventory,net.minecraft.world.item,net.minecraft.world.item.equipment,net.minecraft.world.level,net.minecraft.world.level.biome,net.minecraft.world.level.block,net.minecraft.world.level.block.state,net.minecraft.world.level.gameevent,net.minecraft.world.level.gamerules,net.minecraft.world.level.pathfinder,net.minecraft.world.level.storage,net.minecraft.world.phys	pending	0	
mc.world.entity.animal.panda	net.minecraft.world.entity.animal.panda	net/minecraft/world/entity/animal/panda/Panda.java,net/minecraft/world/entity/animal/panda/package-info.java	minecraft	2	1138	rivet-entity	3	27	yes	com.mojang.serialization,net.minecraft.core,net.minecraft.core.particles,net.minecraft.network.syncher,net.minecraft.server.level,net.minecraft.sounds,net.minecraft.tags,net.minecraft.util,net.minecraft.world,net.minecraft.world.damagesource,net.minecraft.world.entity,net.minecraft.world.entity.ai.attributes,net.minecraft.world.entity.ai.control,net.minecraft.world.entity.ai.goal,net.minecraft.world.entity.ai.goal.target,net.minecraft.world.entity.ai.targeting,net.minecraft.world.entity.animal,net.minecraft.world.entity.item,net.minecraft.world.entity.monster,net.minecraft.world.entity.player,net.minecraft.world.item,net.minecraft.world.level,net.minecraft.world.level.block,net.minecraft.world.level.block.state,net.minecraft.world.level.gameevent,net.minecraft.world.level.gamerules,net.minecraft.world.level.storage,net.minecraft.world.level.storage.loot,net.minecraft.world.phys	pending	0	
mc.world.entity.animal.parrot	net.minecraft.world.entity.animal.parrot	net/minecraft/world/entity/animal/parrot/Parrot.java,net/minecraft/world/entity/animal/parrot/ShoulderRidingEntity.java,net/minecraft/world/entity/animal/parrot/package-info.java	minecraft	3	606	rivet-entity	3	27	yes	com.mojang.serialization,net.minecraft.core,net.minecraft.core.component,net.minecraft.network.codec,net.minecraft.network.syncher,net.minecraft.server.level,net.minecraft.sounds,net.minecraft.tags,net.minecraft.util,net.minecraft.world,net.minecraft.world.damagesource,net.minecraft.world.effect,net.minecraft.world.entity,net.minecraft.world.entity.ai.attributes,net.minecraft.world.entity.ai.control,net.minecraft.world.entity.ai.goal,net.minecraft.world.entity.ai.navigation,net.minecraft.world.entity.ai.util,net.minecraft.world.entity.animal,net.minecraft.world.entity.player,net.minecraft.world.item,net.minecraft.world.level,net.minecraft.world.level.block,net.minecraft.world.level.block.state,net.minecraft.world.level.pathfinder,net.minecraft.world.level.storage,net.minecraft.world.phys	pending	0	
mc.world.entity.animal.pig	net.minecraft.world.entity.animal.pig	net/minecraft/world/entity/animal/pig/Pig.java,net/minecraft/world/entity/animal/pig/PigSoundVariant.java,net/minecraft/world/entity/animal/pig/PigSoundVariants.java,net/minecraft/world/entity/animal/pig/PigVariant.java,net/minecraft/world/entity/animal/pig/PigVariants.java,net/minecraft/world/entity/animal/pig/package-info.java	minecraft	6	555	rivet-entity	3	27	yes	com.mojang.serialization,net.minecraft.core,net.minecraft.core.component,net.minecraft.core.registries,net.minecraft.data.worldgen,net.minecraft.network,net.minecraft.network.codec,net.minecraft.network.syncher,net.minecraft.resources,net.minecraft.server.level,net.minecraft.sounds,net.minecraft.tags,net.minecraft.util,net.minecraft.world,net.minecraft.world.damagesource,net.minecraft.world.entity,net.minecraft.world.entity.ai.attributes,net.minecraft.world.entity.ai.goal,net.minecraft.world.entity.animal,net.minecraft.world.entity.monster.zombie,net.minecraft.world.entity.player,net.minecraft.world.entity.variant,net.minecraft.world.item,net.minecraft.world.item.equipment,net.minecraft.world.level,net.minecraft.world.level.biome,net.minecraft.world.level.block.state,net.minecraft.world.level.storage,net.minecraft.world.phys	pending	0	
mc.world.entity.animal.polarbear	net.minecraft.world.entity.animal.polarbear	net/minecraft/world/entity/animal/polarbear/PolarBear.java,net/minecraft/world/entity/animal/polarbear/package-info.java	minecraft	2	341	rivet-entity	3	27	yes	net.minecraft.core,net.minecraft.network.syncher,net.minecraft.server.level,net.minecraft.sounds,net.minecraft.tags,net.minecraft.util,net.minecraft.util.valueproviders,net.minecraft.world,net.minecraft.world.damagesource,net.minecraft.world.entity,net.minecraft.world.entity.ai.attributes,net.minecraft.world.entity.ai.goal,net.minecraft.world.entity.ai.goal.target,net.minecraft.world.entity.animal,net.minecraft.world.entity.animal.fox,net.minecraft.world.entity.player,net.minecraft.world.item,net.minecraft.world.level,net.minecraft.world.level.biome,net.minecraft.world.level.block.state,net.minecraft.world.level.storage	pending	0	
mc.world.entity.animal.rabbit	net.minecraft.world.entity.animal.rabbit	net/minecraft/world/entity/animal/rabbit/Rabbit.java,net/minecraft/world/entity/animal/rabbit/package-info.java	minecraft	2	712	rivet-entity	3	27	yes	com.mojang.serialization,net.minecraft.core,net.minecraft.core.component,net.minecraft.network.chat,net.minecraft.network.codec,net.minecraft.network.syncher,net.minecraft.resources,net.minecraft.server.level,net.minecraft.sounds,net.minecraft.tags,net.minecraft.util,net.minecraft.world,net.minecraft.world.damagesource,net.minecraft.world.entity,net.minecraft.world.entity.ai.attributes,net.minecraft.world.entity.ai.control,net.minecraft.world.entity.ai.goal,net.minecraft.world.entity.ai.goal.target,net.minecraft.world.entity.animal,net.minecraft.world.entity.animal.wolf,net.minecraft.world.entity.monster,net.minecraft.world.entity.player,net.minecraft.world.item,net.minecraft.world.level,net.minecraft.world.level.biome,net.minecraft.world.level.block,net.minecraft.world.level.block.state,net.minecraft.world.level.gameevent,net.minecraft.world.level.gamerules,net.minecraft.world.level.pathfinder,net.minecraft.world.level.storage,net.minecraft.world.phys	pending	0	
mc.world.entity.animal.sheep	net.minecraft.world.entity.animal.sheep	net/minecraft/world/entity/animal/sheep/Sheep.java,net/minecraft/world/entity/animal/sheep/SheepColorSpawnRules.java,net/minecraft/world/entity/animal/sheep/package-info.java	minecraft	3	419	rivet-entity	3	27	yes	net.minecraft.core,net.minecraft.core.component,net.minecraft.network.syncher,net.minecraft.server.level,net.minecraft.sounds,net.minecraft.tags,net.minecraft.util,net.minecraft.util.random,net.minecraft.world,net.minecraft.world.damagesource,net.minecraft.world.entity,net.minecraft.world.entity.ai.attributes,net.minecraft.world.entity.ai.goal,net.minecraft.world.entity.animal,net.minecraft.world.entity.item,net.minecraft.world.entity.player,net.minecraft.world.item,net.minecraft.world.level,net.minecraft.world.level.biome,net.minecraft.world.level.block.state,net.minecraft.world.level.gameevent,net.minecraft.world.level.storage,net.minecraft.world.level.storage.loot	pending	0	
mc.world.entity.animal.sniffer	net.minecraft.world.entity.animal.sniffer	net/minecraft/world/entity/animal/sniffer/Sniffer.java,net/minecraft/world/entity/animal/sniffer/SnifferAi.java,net/minecraft/world/entity/animal/sniffer/package-info.java	minecraft	3	881	rivet-entity	3	27	yes	com.mojang.datafixers.util,net.minecraft.core,net.minecraft.core.particles,net.minecraft.network.codec,net.minecraft.network.syncher,net.minecraft.server.level,net.minecraft.sounds,net.minecraft.tags,net.minecraft.util,net.minecraft.util.profiling,net.minecraft.world,net.minecraft.world.damagesource,net.minecraft.world.entity,net.minecraft.world.entity.ai,net.minecraft.world.entity.ai.attributes,net.minecraft.world.entity.ai.behavior,net.minecraft.world.entity.ai.memory,net.minecraft.world.entity.ai.sensing,net.minecraft.world.entity.ai.util,net.minecraft.world.entity.animal,net.minecraft.world.entity.item,net.minecraft.world.entity.player,net.minecraft.world.entity.schedule,net.minecraft.world.item,net.minecraft.world.level,net.minecraft.world.level.block,net.minecraft.world.level.block.state,net.minecraft.world.level.gameevent,net.minecraft.world.level.pathfinder,net.minecraft.world.level.storage.loot,net.minecraft.world.phys	pending	0	
mc.world.entity.animal.squid	net.minecraft.world.entity.animal.squid	net/minecraft/world/entity/animal/squid/GlowSquid.java,net/minecraft/world/entity/animal/squid/Squid.java,net/minecraft/world/entity/animal/squid/package-info.java	minecraft	3	449	rivet-entity	3	27	yes	net.minecraft.core,net.minecraft.core.particles,net.minecraft.network.syncher,net.minecraft.server.level,net.minecraft.sounds,net.minecraft.tags,net.minecraft.util,net.minecraft.world,net.minecraft.world.damagesource,net.minecraft.world.effect,net.minecraft.world.entity,net.minecraft.world.entity.ai.attributes,net.minecraft.world.entity.ai.goal,net.minecraft.world.entity.animal,net.minecraft.world.level,net.minecraft.world.level.block,net.minecraft.world.level.block.state,net.minecraft.world.level.material,net.minecraft.world.level.storage,net.minecraft.world.phys	pending	0	
mc.world.entity.animal.turtle	net.minecraft.world.entity.animal.turtle	net/minecraft/world/entity/animal/turtle/Turtle.java,net/minecraft/world/entity/animal/turtle/package-info.java	minecraft	2	663	rivet-entity	3	27	yes	net.minecraft.advancements.triggers,net.minecraft.core,net.minecraft.network.syncher,net.minecraft.server.level,net.minecraft.sounds,net.minecraft.stats,net.minecraft.tags,net.minecraft.util,net.minecraft.world,net.minecraft.world.damagesource,net.minecraft.world.entity,net.minecraft.world.entity.ai.attributes,net.minecraft.world.entity.ai.control,net.minecraft.world.entity.ai.goal,net.minecraft.world.entity.ai.navigation,net.minecraft.world.entity.ai.targeting,net.minecraft.world.entity.ai.util,net.minecraft.world.entity.animal,net.minecraft.world.entity.player,net.minecraft.world.item,net.minecraft.world.level,net.minecraft.world.level.block,net.minecraft.world.level.block.state,net.minecraft.world.level.gameevent,net.minecraft.world.level.gamerules,net.minecraft.world.level.pathfinder,net.minecraft.world.level.storage,net.minecraft.world.level.storage.loot,net.minecraft.world.phys	pending	0	
mc.world.entity.animal.wolf	net.minecraft.world.entity.animal.wolf	net/minecraft/world/entity/animal/wolf/Wolf.java,net/minecraft/world/entity/animal/wolf/WolfSoundVariant.java,net/minecraft/world/entity/animal/wolf/WolfSoundVariants.java,net/minecraft/world/entity/animal/wolf/WolfVariant.java,net/minecraft/world/entity/animal/wolf/WolfVariants.java,net/minecraft/world/entity/animal/wolf/package-info.java	minecraft	6	997	rivet-entity	3	27	yes	com.mojang.serialization,net.minecraft.core,net.minecraft.core.component,net.minecraft.core.particles,net.minecraft.core.registries,net.minecraft.data.worldgen,net.minecraft.network,net.minecraft.network.codec,net.minecraft.network.syncher,net.minecraft.resources,net.minecraft.server.level,net.minecraft.sounds,net.minecraft.tags,net.minecraft.util,net.minecraft.util.valueproviders,net.minecraft.world,net.minecraft.world.damagesource,net.minecraft.world.entity,net.minecraft.world.entity.ai.attributes,net.minecraft.world.entity.ai.goal,net.minecraft.world.entity.ai.goal.target,net.minecraft.world.entity.ai.targeting,net.minecraft.world.entity.animal,net.minecraft.world.entity.animal.equine,net.minecraft.world.entity.animal.turtle,net.minecraft.world.entity.decoration,net.minecraft.world.entity.monster,net.minecraft.world.entity.monster.skeleton,net.minecraft.world.entity.player,net.minecraft.world.entity.variant,net.minecraft.world.item,net.minecraft.world.level,net.minecraft.world.level.biome,net.minecraft.world.level.block.state,net.minecraft.world.level.gameevent,net.minecraft.world.level.pathfinder,net.minecraft.world.level.storage,net.minecraft.world.phys	pending	0	
mc.world.entity.boss.enderdragon	net.minecraft.world.entity.boss.enderdragon	net/minecraft/world/entity/boss/enderdragon/DragonFlightHistory.java,net/minecraft/world/entity/boss/enderdragon/EndCrystal.java,net/minecraft/world/entity/boss/enderdragon/EnderDragon.java,net/minecraft/world/entity/boss/enderdragon/EnderDragonPart.java,net/minecraft/world/entity/boss/enderdragon/package-info.java	minecraft	5	1320	rivet-entity	3	27	yes	net.minecraft.core,net.minecraft.core.particles,net.minecraft.network.protocol,net.minecraft.network.protocol.game,net.minecraft.network.syncher,net.minecraft.server.level,net.minecraft.sounds,net.minecraft.tags,net.minecraft.util,net.minecraft.world.damagesource,net.minecraft.world.effect,net.minecraft.world.entity,net.minecraft.world.entity.ai.attributes,net.minecraft.world.entity.ai.targeting,net.minecraft.world.entity.boss.enderdragon.phases,net.minecraft.world.entity.monster,net.minecraft.world.entity.player,net.minecraft.world.item,net.minecraft.world.item.enchantment,net.minecraft.world.level,net.minecraft.world.level.block,net.minecraft.world.level.block.state,net.minecraft.world.level.dimension.end,net.minecraft.world.level.gameevent,net.minecraft.world.level.gamerules,net.minecraft.world.level.levelgen,net.minecraft.world.level.levelgen.feature,net.minecraft.world.level.pathfinder,net.minecraft.world.level.storage,net.minecraft.world.phys	pending	0	
mc.world.entity.boss.enderdragon.phases	net.minecraft.world.entity.boss.enderdragon.phases	net/minecraft/world/entity/boss/enderdragon/phases/AbstractDragonPhaseInstance.java,net/minecraft/world/entity/boss/enderdragon/phases/AbstractDragonSittingPhase.java,net/minecraft/world/entity/boss/enderdragon/phases/DragonChargePlayerPhase.java,net/minecraft/world/entity/boss/enderdragon/phases/DragonDeathPhase.java,net/minecraft/world/entity/boss/enderdragon/phases/DragonHoldingPatternPhase.java,net/minecraft/world/entity/boss/enderdragon/phases/DragonHoverPhase.java,net/minecraft/world/entity/boss/enderdragon/phases/DragonLandingApproachPhase.java,net/minecraft/world/entity/boss/enderdragon/phases/DragonLandingPhase.java,net/minecraft/world/entity/boss/enderdragon/phases/DragonPhaseInstance.java,net/minecraft/world/entity/boss/enderdragon/phases/DragonSittingAttackingPhase.java,net/minecraft/world/entity/boss/enderdragon/phases/DragonSittingFlamingPhase.java,net/minecraft/world/entity/boss/enderdragon/phases/DragonSittingScanningPhase.java,net/minecraft/world/entity/boss/enderdragon/phases/DragonStrafePlayerPhase.java,net/minecraft/world/entity/boss/enderdragon/phases/DragonTakeoffPhase.java,net/minecraft/world/entity/boss/enderdragon/phases/EnderDragonPhase.java,net/minecraft/world/entity/boss/enderdragon/phases/EnderDragonPhaseManager.java,net/minecraft/world/entity/boss/enderdragon/phases/package-info.java	minecraft	17	1263	rivet-entity	3	27	yes	net.minecraft.core,net.minecraft.core.particles,net.minecraft.server.level,net.minecraft.sounds,net.minecraft.util,net.minecraft.world.damagesource,net.minecraft.world.effect,net.minecraft.world.entity,net.minecraft.world.entity.ai.targeting,net.minecraft.world.entity.boss.enderdragon,net.minecraft.world.entity.player,net.minecraft.world.entity.projectile.arrow,net.minecraft.world.entity.projectile.hurtingprojectile,net.minecraft.world.entity.projectile.hurtingprojectile.windcharge,net.minecraft.world.level.block,net.minecraft.world.level.levelgen,net.minecraft.world.level.levelgen.feature,net.minecraft.world.level.pathfinder,net.minecraft.world.phys	pending	0	
mc.world.entity.boss.wither	net.minecraft.world.entity.boss.wither	net/minecraft/world/entity/boss/wither/WitherBoss.java,net/minecraft/world/entity/boss/wither/package-info.java	minecraft	2	620	rivet-entity	3	27	yes	net.minecraft.core,net.minecraft.core.particles,net.minecraft.network.chat,net.minecraft.network.syncher,net.minecraft.server.level,net.minecraft.sounds,net.minecraft.tags,net.minecraft.util,net.minecraft.world,net.minecraft.world.damagesource,net.minecraft.world.effect,net.minecraft.world.entity,net.minecraft.world.entity.ai.attributes,net.minecraft.world.entity.ai.control,net.minecraft.world.entity.ai.goal,net.minecraft.world.entity.ai.goal.target,net.minecraft.world.entity.ai.navigation,net.minecraft.world.entity.ai.targeting,net.minecraft.world.entity.item,net.minecraft.world.entity.monster,net.minecraft.world.entity.player,net.minecraft.world.entity.projectile.arrow,net.minecraft.world.entity.projectile.hurtingprojectile,net.minecraft.world.entity.projectile.hurtingprojectile.windcharge,net.minecraft.world.item,net.minecraft.world.level,net.minecraft.world.level.block,net.minecraft.world.level.block.state,net.minecraft.world.level.gamerules,net.minecraft.world.level.storage,net.minecraft.world.phys	pending	0	
mc.world.entity.decoration	net.minecraft.world.entity.decoration	net/minecraft/world/entity/decoration/ArmorStand.java,net/minecraft/world/entity/decoration/BlockAttachedEntity.java,net/minecraft/world/entity/decoration/GlowItemFrame.java,net/minecraft/world/entity/decoration/HangingEntity.java,net/minecraft/world/entity/decoration/ItemFrame.java,net/minecraft/world/entity/decoration/LeashFenceKnotEntity.java,net/minecraft/world/entity/decoration/Mannequin.java,net/minecraft/world/entity/decoration/package-info.java	minecraft	8	2078	rivet-entity	3	27	yes	com.mojang.serialization,net.minecraft.core,net.minecraft.core.component,net.minecraft.core.particles,net.minecraft.network.chat,net.minecraft.network.protocol,net.minecraft.network.protocol.game,net.minecraft.network.syncher,net.minecraft.server.level,net.minecraft.sounds,net.minecraft.tags,net.minecraft.util,net.minecraft.world,net.minecraft.world.damagesource,net.minecraft.world.entity,net.minecraft.world.entity.ai.attributes,net.minecraft.world.entity.item,net.minecraft.world.entity.player,net.minecraft.world.entity.vehicle.minecart,net.minecraft.world.item,net.minecraft.world.item.component,net.minecraft.world.item.enchantment,net.minecraft.world.level,net.minecraft.world.level.block,net.minecraft.world.level.block.state,net.minecraft.world.level.entity,net.minecraft.world.level.gameevent,net.minecraft.world.level.gamerules,net.minecraft.world.level.material,net.minecraft.world.level.saveddata.maps,net.minecraft.world.level.storage,net.minecraft.world.phys	pending	0	
mc.world.entity.decoration.painting	net.minecraft.world.entity.decoration.painting	net/minecraft/world/entity/decoration/painting/Painting.java,net/minecraft/world/entity/decoration/painting/PaintingVariant.java,net/minecraft/world/entity/decoration/painting/PaintingVariants.java,net/minecraft/world/entity/decoration/painting/package-info.java	minecraft	4	416	rivet-entity	3	27	yes	com.mojang.serialization,net.minecraft,net.minecraft.core,net.minecraft.core.component,net.minecraft.core.registries,net.minecraft.data.worldgen,net.minecraft.network,net.minecraft.network.chat,net.minecraft.network.codec,net.minecraft.network.protocol,net.minecraft.network.protocol.game,net.minecraft.network.syncher,net.minecraft.resources,net.minecraft.server.level,net.minecraft.sounds,net.minecraft.tags,net.minecraft.util,net.minecraft.world.entity,net.minecraft.world.entity.decoration,net.minecraft.world.entity.player,net.minecraft.world.entity.variant,net.minecraft.world.item,net.minecraft.world.level,net.minecraft.world.level.gamerules,net.minecraft.world.level.storage,net.minecraft.world.phys	pending	0	
mc.world.entity.item	net.minecraft.world.entity.item	net/minecraft/world/entity/item/FallingBlockEntity.java,net/minecraft/world/entity/item/ItemEntity.java,net/minecraft/world/entity/item/PrimedTnt.java,net/minecraft/world/entity/item/package-info.java	minecraft	4	1232	rivet-entity	3	27	yes	net.minecraft,net.minecraft.core,net.minecraft.core.particles,net.minecraft.nbt,net.minecraft.network.chat,net.minecraft.network.protocol,net.minecraft.network.protocol.game,net.minecraft.network.syncher,net.minecraft.resources,net.minecraft.server.level,net.minecraft.sounds,net.minecraft.stats,net.minecraft.tags,net.minecraft.util,net.minecraft.world.damagesource,net.minecraft.world.entity,net.minecraft.world.entity.player,net.minecraft.world.item,net.minecraft.world.item.context,net.minecraft.world.level,net.minecraft.world.level.block,net.minecraft.world.level.block.entity,net.minecraft.world.level.block.state,net.minecraft.world.level.block.state.properties,net.minecraft.world.level.gameevent,net.minecraft.world.level.gamerules,net.minecraft.world.level.material,net.minecraft.world.level.portal,net.minecraft.world.level.storage,net.minecraft.world.phys,org.bukkit.craftbukkit.event,org.bukkit.event.entity	pending	0	
mc.world.entity.monster	net.minecraft.world.entity.monster	net/minecraft/world/entity/monster/Blaze.java,net/minecraft/world/entity/monster/Creeper.java,net/minecraft/world/entity/monster/CrossbowAttackMob.java,net/minecraft/world/entity/monster/ElderGuardian.java,net/minecraft/world/entity/monster/EnderMan.java,net/minecraft/world/entity/monster/Endermite.java,net/minecraft/world/entity/monster/Enemy.java,net/minecraft/world/entity/monster/Ghast.java,net/minecraft/world/entity/monster/Giant.java,net/minecraft/world/entity/monster/Guardian.java,net/minecraft/world/entity/monster/Monster.java,net/minecraft/world/entity/monster/PatrollingMonster.java,net/minecraft/world/entity/monster/Phantom.java,net/minecraft/world/entity/monster/RangedAttackMob.java,net/minecraft/world/entity/monster/Ravager.java,net/minecraft/world/entity/monster/Shulker.java,net/minecraft/world/entity/monster/Silverfish.java,net/minecraft/world/entity/monster/Strider.java,net/minecraft/world/entity/monster/Vex.java,net/minecraft/world/entity/monster/Witch.java,net/minecraft/world/entity/monster/Zoglin.java,net/minecraft/world/entity/monster/package-info.java	minecraft	22	6311	rivet-entity	3	27	yes	com.mojang.datafixers.util,net.minecraft.core,net.minecraft.core.component,net.minecraft.core.particles,net.minecraft.core.registries,net.minecraft.network.protocol.game,net.minecraft.network.syncher,net.minecraft.resources,net.minecraft.server.level,net.minecraft.sounds,net.minecraft.tags,net.minecraft.util,net.minecraft.util.profiling,net.minecraft.util.valueproviders,net.minecraft.world,net.minecraft.world.damagesource,net.minecraft.world.effect,net.minecraft.world.entity,net.minecraft.world.entity.ai,net.minecraft.world.entity.ai.attributes,net.minecraft.world.entity.ai.behavior,net.minecraft.world.entity.ai.behavior.declarative,net.minecraft.world.entity.ai.control,net.minecraft.world.entity.ai.goal,net.minecraft.world.entity.ai.goal.target,net.minecraft.world.entity.ai.memory,net.minecraft.world.entity.ai.navigation,net.minecraft.world.entity.ai.sensing,net.minecraft.world.entity.ai.targeting,net.minecraft.world.entity.animal,net.minecraft.world.entity.animal.axolotl,net.minecraft.world.entity.animal.feline,net.minecraft.world.entity.animal.goat,net.minecraft.world.entity.animal.golem,net.minecraft.world.entity.animal.squid,net.minecraft.world.entity.monster.hoglin,net.minecraft.world.entity.monster.illager,net.minecraft.world.entity.monster.zombie,net.minecraft.world.entity.npc.villager,net.minecraft.world.entity.player,net.minecraft.world.entity.projectile,net.minecraft.world.entity.projectile.arrow,net.minecraft.world.entity.projectile.hurtingprojectile,net.minecraft.world.entity.projectile.throwableitemprojectile,net.minecraft.world.entity.raid,net.minecraft.world.entity.schedule,net.minecraft.world.entity.vehicle,net.minecraft.world.entity.vehicle.boat,net.minecraft.world.item,net.minecraft.world.item.alchemy,net.minecraft.world.item.enchantment,net.minecraft.world.item.enchantment.providers,net.minecraft.world.item.equipment,net.minecraft.world.level,net.minecraft.world.level.block,net.minecraft.world.level.block.state,net.minecraft.world.level.dimension,net.minecraft.world.level.gameevent,net.minecraft.world.level.gamerules,net.minecraft.world.level.levelgen,net.minecraft.world.level.material,net.minecraft.world.level.pathfinder,net.minecraft.world.level.storage,net.minecraft.world.level.storage.loot,net.minecraft.world.level.storage.loot.parameters,net.minecraft.world.phys,net.minecraft.world.phys.shapes	pending	0	
mc.world.entity.monster.breeze	net.minecraft.world.entity.monster.breeze	net/minecraft/world/entity/monster/breeze/Breeze.java,net/minecraft/world/entity/monster/breeze/BreezeAi.java,net/minecraft/world/entity/monster/breeze/BreezeUtil.java,net/minecraft/world/entity/monster/breeze/LongJump.java,net/minecraft/world/entity/monster/breeze/Shoot.java,net/minecraft/world/entity/monster/breeze/ShootWhenStuck.java,net/minecraft/world/entity/monster/breeze/Slide.java,net/minecraft/world/entity/monster/breeze/package-info.java	minecraft	8	917	rivet-entity	3	27	yes	com.mojang.datafixers.util,net.minecraft.commands.arguments,net.minecraft.core,net.minecraft.core.particles,net.minecraft.network.syncher,net.minecraft.server.level,net.minecraft.sounds,net.minecraft.tags,net.minecraft.util,net.minecraft.util.debug,net.minecraft.util.profiling,net.minecraft.world.damagesource,net.minecraft.world.effect,net.minecraft.world.entity,net.minecraft.world.entity.ai,net.minecraft.world.entity.ai.attributes,net.minecraft.world.entity.ai.behavior,net.minecraft.world.entity.ai.memory,net.minecraft.world.entity.ai.sensing,net.minecraft.world.entity.ai.util,net.minecraft.world.entity.monster,net.minecraft.world.entity.projectile,net.minecraft.world.entity.projectile.hurtingprojectile.windcharge,net.minecraft.world.entity.schedule,net.minecraft.world.item,net.minecraft.world.level,net.minecraft.world.level.block,net.minecraft.world.level.block.state,net.minecraft.world.level.pathfinder,net.minecraft.world.phys	pending	0	
mc.world.entity.monster.creaking	net.minecraft.world.entity.monster.creaking	net/minecraft/world/entity/monster/creaking/Creaking.java,net/minecraft/world/entity/monster/creaking/CreakingAi.java,net/minecraft/world/entity/monster/creaking/package-info.java	minecraft	3	701	rivet-entity	3	27	yes	com.mojang.datafixers.util,net.minecraft.core,net.minecraft.core.particles,net.minecraft.network.syncher,net.minecraft.server.level,net.minecraft.sounds,net.minecraft.tags,net.minecraft.util.profiling,net.minecraft.util.valueproviders,net.minecraft.world.damagesource,net.minecraft.world.entity,net.minecraft.world.entity.ai,net.minecraft.world.entity.ai.attributes,net.minecraft.world.entity.ai.behavior,net.minecraft.world.entity.ai.control,net.minecraft.world.entity.ai.memory,net.minecraft.world.entity.ai.navigation,net.minecraft.world.entity.ai.sensing,net.minecraft.world.entity.monster,net.minecraft.world.entity.player,net.minecraft.world.entity.projectile,net.minecraft.world.entity.schedule,net.minecraft.world.level,net.minecraft.world.level.block,net.minecraft.world.level.block.entity,net.minecraft.world.level.block.state,net.minecraft.world.level.block.state.properties,net.minecraft.world.level.gameevent,net.minecraft.world.level.pathfinder,net.minecraft.world.level.storage,net.minecraft.world.phys	pending	0	
mc.world.entity.monster.cubemob	net.minecraft.world.entity.monster.cubemob	net/minecraft/world/entity/monster/cubemob/AbstractCubeMob.java,net/minecraft/world/entity/monster/cubemob/MagmaCube.java,net/minecraft/world/entity/monster/cubemob/Slime.java,net/minecraft/world/entity/monster/cubemob/SulfurCube.java,net/minecraft/world/entity/monster/cubemob/package-info.java	minecraft	5	1953	rivet-entity	3	27	yes	net.minecraft.advancements.triggers,net.minecraft.core,net.minecraft.core.component,net.minecraft.core.particles,net.minecraft.core.registries,net.minecraft.nbt,net.minecraft.network.chat,net.minecraft.network.syncher,net.minecraft.server.level,net.minecraft.sounds,net.minecraft.stats,net.minecraft.tags,net.minecraft.util,net.minecraft.world,net.minecraft.world.attribute,net.minecraft.world.damagesource,net.minecraft.world.effect,net.minecraft.world.entity,net.minecraft.world.entity.ai.attributes,net.minecraft.world.entity.ai.control,net.minecraft.world.entity.ai.goal,net.minecraft.world.entity.ai.goal.target,net.minecraft.world.entity.animal.golem,net.minecraft.world.entity.item,net.minecraft.world.entity.monster,net.minecraft.world.entity.player,net.minecraft.world.entity.projectile.arrow,net.minecraft.world.item,net.minecraft.world.item.component,net.minecraft.world.item.enchantment,net.minecraft.world.level,net.minecraft.world.level.block.state,net.minecraft.world.level.gameevent,net.minecraft.world.level.gamerules,net.minecraft.world.level.levelgen,net.minecraft.world.level.material,net.minecraft.world.level.storage,net.minecraft.world.phys,net.minecraft.world.scores	pending	0	
mc.world.entity.monster.hoglin	net.minecraft.world.entity.monster.hoglin	net/minecraft/world/entity/monster/hoglin/Hoglin.java,net/minecraft/world/entity/monster/hoglin/HoglinAi.java,net/minecraft/world/entity/monster/hoglin/HoglinBase.java,net/minecraft/world/entity/monster/hoglin/package-info.java	minecraft	4	684	rivet-entity	3	27	yes	com.mojang.datafixers.util,net.minecraft.core,net.minecraft.network.syncher,net.minecraft.server.level,net.minecraft.sounds,net.minecraft.tags,net.minecraft.util,net.minecraft.util.profiling,net.minecraft.util.valueproviders,net.minecraft.world,net.minecraft.world.attribute,net.minecraft.world.damagesource,net.minecraft.world.effect,net.minecraft.world.entity,net.minecraft.world.entity.ai,net.minecraft.world.entity.ai.attributes,net.minecraft.world.entity.ai.behavior,net.minecraft.world.entity.ai.behavior.declarative,net.minecraft.world.entity.ai.memory,net.minecraft.world.entity.ai.sensing,net.minecraft.world.entity.animal,net.minecraft.world.entity.monster,net.minecraft.world.entity.player,net.minecraft.world.entity.schedule,net.minecraft.world.item,net.minecraft.world.item.enchantment,net.minecraft.world.level,net.minecraft.world.level.block,net.minecraft.world.level.block.state,net.minecraft.world.level.storage,net.minecraft.world.phys	pending	0	
mc.world.entity.monster.illager	net.minecraft.world.entity.monster.illager	net/minecraft/world/entity/monster/illager/AbstractIllager.java,net/minecraft/world/entity/monster/illager/Evoker.java,net/minecraft/world/entity/monster/illager/Illusioner.java,net/minecraft/world/entity/monster/illager/Pillager.java,net/minecraft/world/entity/monster/illager/SpellcasterIllager.java,net/minecraft/world/entity/monster/illager/Vindicator.java,net/minecraft/world/entity/monster/illager/package-info.java	minecraft	7	1441	rivet-entity	3	27	yes	net.minecraft.core,net.minecraft.core.particles,net.minecraft.network.chat,net.minecraft.network.syncher,net.minecraft.resources,net.minecraft.server.level,net.minecraft.sounds,net.minecraft.tags,net.minecraft.util,net.minecraft.world,net.minecraft.world.damagesource,net.minecraft.world.effect,net.minecraft.world.entity,net.minecraft.world.entity.ai.attributes,net.minecraft.world.entity.ai.goal,net.minecraft.world.entity.ai.goal.target,net.minecraft.world.entity.ai.targeting,net.minecraft.world.entity.ai.util,net.minecraft.world.entity.animal.golem,net.minecraft.world.entity.animal.sheep,net.minecraft.world.entity.item,net.minecraft.world.entity.monster,net.minecraft.world.entity.monster.creaking,net.minecraft.world.entity.npc,net.minecraft.world.entity.npc.villager,net.minecraft.world.entity.player,net.minecraft.world.entity.projectile,net.minecraft.world.entity.projectile.arrow,net.minecraft.world.entity.raid,net.minecraft.world.item,net.minecraft.world.item.enchantment,net.minecraft.world.item.enchantment.providers,net.minecraft.world.level,net.minecraft.world.level.block.state,net.minecraft.world.level.gameevent,net.minecraft.world.level.gamerules,net.minecraft.world.level.storage,net.minecraft.world.phys,net.minecraft.world.phys.shapes,net.minecraft.world.scores	pending	0	
mc.world.entity.monster.piglin	net.minecraft.world.entity.monster.piglin	net/minecraft/world/entity/monster/piglin/AbstractPiglin.java,net/minecraft/world/entity/monster/piglin/Piglin.java,net/minecraft/world/entity/monster/piglin/PiglinAi.java,net/minecraft/world/entity/monster/piglin/PiglinArmPose.java,net/minecraft/world/entity/monster/piglin/PiglinBrute.java,net/minecraft/world/entity/monster/piglin/PiglinBruteAi.java,net/minecraft/world/entity/monster/piglin/RememberIfHoglinWasKilled.java,net/minecraft/world/entity/monster/piglin/StartAdmiringItemIfSeen.java,net/minecraft/world/entity/monster/piglin/StartHuntingHoglin.java,net/minecraft/world/entity/monster/piglin/StopAdmiringIfItemTooFarAway.java,net/minecraft/world/entity/monster/piglin/StopAdmiringIfTiredOfTryingToReachItem.java,net/minecraft/world/entity/monster/piglin/StopHoldingItemIfNoLongerAdmiring.java,net/minecraft/world/entity/monster/piglin/package-info.java	minecraft	13	1987	rivet-entity	3	27	yes	com.mojang.datafixers.util,net.minecraft.core,net.minecraft.core.component,net.minecraft.network.syncher,net.minecraft.resources,net.minecraft.server.level,net.minecraft.sounds,net.minecraft.tags,net.minecraft.util,net.minecraft.util.profiling,net.minecraft.util.valueproviders,net.minecraft.world,net.minecraft.world.attribute,net.minecraft.world.damagesource,net.minecraft.world.effect,net.minecraft.world.entity,net.minecraft.world.entity.ai,net.minecraft.world.entity.ai.attributes,net.minecraft.world.entity.ai.behavior,net.minecraft.world.entity.ai.behavior.declarative,net.minecraft.world.entity.ai.memory,net.minecraft.world.entity.ai.sensing,net.minecraft.world.entity.ai.util,net.minecraft.world.entity.item,net.minecraft.world.entity.monster,net.minecraft.world.entity.monster.hoglin,net.minecraft.world.entity.npc,net.minecraft.world.entity.player,net.minecraft.world.entity.schedule,net.minecraft.world.item,net.minecraft.world.item.enchantment,net.minecraft.world.level,net.minecraft.world.level.block,net.minecraft.world.level.block.state,net.minecraft.world.level.gamerules,net.minecraft.world.level.pathfinder,net.minecraft.world.level.storage,net.minecraft.world.level.storage.loot,net.minecraft.world.level.storage.loot.parameters,net.minecraft.world.phys	pending	0	
mc.world.entity.monster.skeleton	net.minecraft.world.entity.monster.skeleton	net/minecraft/world/entity/monster/skeleton/AbstractSkeleton.java,net/minecraft/world/entity/monster/skeleton/Bogged.java,net/minecraft/world/entity/monster/skeleton/Parched.java,net/minecraft/world/entity/monster/skeleton/Skeleton.java,net/minecraft/world/entity/monster/skeleton/Stray.java,net/minecraft/world/entity/monster/skeleton/WitherSkeleton.java,net/minecraft/world/entity/monster/skeleton/package-info.java	minecraft	7	812	rivet-entity	3	27	yes	net.minecraft.core,net.minecraft.network.syncher,net.minecraft.server.level,net.minecraft.sounds,net.minecraft.tags,net.minecraft.util,net.minecraft.world,net.minecraft.world.damagesource,net.minecraft.world.effect,net.minecraft.world.entity,net.minecraft.world.entity.ai.attributes,net.minecraft.world.entity.ai.goal,net.minecraft.world.entity.ai.goal.target,net.minecraft.world.entity.animal.golem,net.minecraft.world.entity.animal.turtle,net.minecraft.world.entity.animal.wolf,net.minecraft.world.entity.monster,net.minecraft.world.entity.monster.piglin,net.minecraft.world.entity.player,net.minecraft.world.entity.projectile,net.minecraft.world.entity.projectile.arrow,net.minecraft.world.item,net.minecraft.world.level,net.minecraft.world.level.block,net.minecraft.world.level.block.state,net.minecraft.world.level.gameevent,net.minecraft.world.level.pathfinder,net.minecraft.world.level.storage,net.minecraft.world.level.storage.loot	pending	0	
mc.world.entity.monster.spider	net.minecraft.world.entity.monster.spider	net/minecraft/world/entity/monster/spider/CaveSpider.java,net/minecraft/world/entity/monster/spider/Spider.java,net/minecraft/world/entity/monster/spider/package-info.java	minecraft	3	298	rivet-entity	3	27	yes	net.minecraft.core,net.minecraft.network.syncher,net.minecraft.server.level,net.minecraft.sounds,net.minecraft.util,net.minecraft.world,net.minecraft.world.damagesource,net.minecraft.world.effect,net.minecraft.world.entity,net.minecraft.world.entity.ai.attributes,net.minecraft.world.entity.ai.goal,net.minecraft.world.entity.ai.goal.target,net.minecraft.world.entity.ai.navigation,net.minecraft.world.entity.animal.armadillo,net.minecraft.world.entity.animal.golem,net.minecraft.world.entity.monster,net.minecraft.world.entity.monster.skeleton,net.minecraft.world.entity.player,net.minecraft.world.level,net.minecraft.world.level.block,net.minecraft.world.level.block.state,net.minecraft.world.phys	pending	0	
mc.world.entity.monster.warden	net.minecraft.world.entity.monster.warden	net/minecraft/world/entity/monster/warden/AngerLevel.java,net/minecraft/world/entity/monster/warden/AngerManagement.java,net/minecraft/world/entity/monster/warden/Warden.java,net/minecraft/world/entity/monster/warden/WardenAi.java,net/minecraft/world/entity/monster/warden/WardenSpawnTracker.java,net/minecraft/world/entity/monster/warden/package-info.java	minecraft	6	1227	rivet-entity	3	27	yes	com.mojang.datafixers.util,com.mojang.serialization,net.minecraft.core,net.minecraft.core.particles,net.minecraft.network.protocol,net.minecraft.network.protocol.game,net.minecraft.network.syncher,net.minecraft.server.level,net.minecraft.sounds,net.minecraft.tags,net.minecraft.util,net.minecraft.util.profiling,net.minecraft.world,net.minecraft.world.damagesource,net.minecraft.world.effect,net.minecraft.world.entity,net.minecraft.world.entity.ai,net.minecraft.world.entity.ai.attributes,net.minecraft.world.entity.ai.behavior,net.minecraft.world.entity.ai.behavior.declarative,net.minecraft.world.entity.ai.behavior.warden,net.minecraft.world.entity.ai.memory,net.minecraft.world.entity.ai.navigation,net.minecraft.world.entity.ai.sensing,net.minecraft.world.entity.monster,net.minecraft.world.entity.player,net.minecraft.world.entity.schedule,net.minecraft.world.level,net.minecraft.world.level.block,net.minecraft.world.level.block.state,net.minecraft.world.level.gameevent,net.minecraft.world.level.gameevent.vibrations,net.minecraft.world.level.pathfinder,net.minecraft.world.level.storage,net.minecraft.world.phys	pending	0	
mc.world.entity.monster.zombie	net.minecraft.world.entity.monster.zombie	net/minecraft/world/entity/monster/zombie/Drowned.java,net/minecraft/world/entity/monster/zombie/Husk.java,net/minecraft/world/entity/monster/zombie/Zombie.java,net/minecraft/world/entity/monster/zombie/ZombieVillager.java,net/minecraft/world/entity/monster/zombie/ZombifiedPiglin.java,net/minecraft/world/entity/monster/zombie/package-info.java	minecraft	6	2014	rivet-entity	3	27	yes	net.minecraft.advancements.triggers,net.minecraft.core,net.minecraft.core.component,net.minecraft.core.registries,net.minecraft.network.syncher,net.minecraft.resources,net.minecraft.server.level,net.minecraft.sounds,net.minecraft.tags,net.minecraft.util,net.minecraft.util.valueproviders,net.minecraft.world,net.minecraft.world.damagesource,net.minecraft.world.effect,net.minecraft.world.entity,net.minecraft.world.entity.ai.attributes,net.minecraft.world.entity.ai.control,net.minecraft.world.entity.ai.goal,net.minecraft.world.entity.ai.goal.target,net.minecraft.world.entity.ai.gossip,net.minecraft.world.entity.ai.navigation,net.minecraft.world.entity.ai.util,net.minecraft.world.entity.ai.village,net.minecraft.world.entity.animal.axolotl,net.minecraft.world.entity.animal.camel,net.minecraft.world.entity.animal.chicken,net.minecraft.world.entity.animal.golem,net.minecraft.world.entity.animal.nautilus,net.minecraft.world.entity.animal.turtle,net.minecraft.world.entity.monster,net.minecraft.world.entity.monster.skeleton,net.minecraft.world.entity.npc.villager,net.minecraft.world.entity.player,net.minecraft.world.entity.projectile,net.minecraft.world.entity.projectile.arrow,net.minecraft.world.item,net.minecraft.world.item.enchantment,net.minecraft.world.item.trading,net.minecraft.world.level,net.minecraft.world.level.biome,net.minecraft.world.level.block,net.minecraft.world.level.block.state,net.minecraft.world.level.pathfinder,net.minecraft.world.level.storage,net.minecraft.world.phys	pending	0	
mc.world.entity.npc	net.minecraft.world.entity.npc	net/minecraft/world/entity/npc/CatSpawner.java,net/minecraft/world/entity/npc/ClientSideMerchant.java,net/minecraft/world/entity/npc/InventoryCarrier.java,net/minecraft/world/entity/npc/Npc.java,net/minecraft/world/entity/npc/package-info.java	minecraft	5	221	rivet-entity	3	27	yes	net.minecraft.core,net.minecraft.server.level,net.minecraft.sounds,net.minecraft.tags,net.minecraft.util,net.minecraft.world,net.minecraft.world.entity,net.minecraft.world.entity.ai.village.poi,net.minecraft.world.entity.animal.feline,net.minecraft.world.entity.item,net.minecraft.world.entity.player,net.minecraft.world.item,net.minecraft.world.item.trading,net.minecraft.world.level,net.minecraft.world.level.storage,net.minecraft.world.phys	pending	0	
mc.world.entity.npc.villager	net.minecraft.world.entity.npc.villager	net/minecraft/world/entity/npc/villager/AbstractVillager.java,net/minecraft/world/entity/npc/villager/Villager.java,net/minecraft/world/entity/npc/villager/VillagerData.java,net/minecraft/world/entity/npc/villager/VillagerDataHolder.java,net/minecraft/world/entity/npc/villager/VillagerProfession.java,net/minecraft/world/entity/npc/villager/VillagerType.java,net/minecraft/world/entity/npc/villager/package-info.java	minecraft	7	1845	rivet-entity	3	27	yes	com.mojang.datafixers.util,com.mojang.serialization,net.minecraft,net.minecraft.advancements.triggers,net.minecraft.core,net.minecraft.core.component,net.minecraft.core.particles,net.minecraft.core.registries,net.minecraft.network,net.minecraft.network.chat,net.minecraft.network.codec,net.minecraft.network.syncher,net.minecraft.resources,net.minecraft.server,net.minecraft.server.level,net.minecraft.sounds,net.minecraft.stats,net.minecraft.tags,net.minecraft.util,net.minecraft.util.profiling,net.minecraft.world,net.minecraft.world.attribute,net.minecraft.world.damagesource,net.minecraft.world.effect,net.minecraft.world.entity,net.minecraft.world.entity.ai,net.minecraft.world.entity.ai.attributes,net.minecraft.world.entity.ai.behavior,net.minecraft.world.entity.ai.gossip,net.minecraft.world.entity.ai.memory,net.minecraft.world.entity.ai.sensing,net.minecraft.world.entity.ai.village,net.minecraft.world.entity.ai.village.poi,net.minecraft.world.entity.item,net.minecraft.world.entity.monster,net.minecraft.world.entity.npc,net.minecraft.world.entity.player,net.minecraft.world.entity.raid,net.minecraft.world.entity.schedule,net.minecraft.world.item,net.minecraft.world.item.trading,net.minecraft.world.level,net.minecraft.world.level.biome,net.minecraft.world.level.block,net.minecraft.world.level.pathfinder,net.minecraft.world.level.portal,net.minecraft.world.level.storage,net.minecraft.world.level.storage.loot,net.minecraft.world.level.storage.loot.parameters,net.minecraft.world.phys,net.minecraft.world.timeline	pending	0	
mc.world.entity.npc.wanderingtrader	net.minecraft.world.entity.npc.wanderingtrader	net/minecraft/world/entity/npc/wanderingtrader/WanderingTrader.java,net/minecraft/world/entity/npc/wanderingtrader/WanderingTraderSpawner.java,net/minecraft/world/entity/npc/wanderingtrader/package-info.java	minecraft	3	435	rivet-entity	3	27	yes	net.minecraft.core,net.minecraft.server.level,net.minecraft.sounds,net.minecraft.stats,net.minecraft.tags,net.minecraft.util,net.minecraft.world,net.minecraft.world.damagesource,net.minecraft.world.entity,net.minecraft.world.entity.ai.goal,net.minecraft.world.entity.ai.village.poi,net.minecraft.world.entity.animal.equine,net.minecraft.world.entity.monster,net.minecraft.world.entity.monster.illager,net.minecraft.world.entity.monster.zombie,net.minecraft.world.entity.npc.villager,net.minecraft.world.entity.player,net.minecraft.world.item,net.minecraft.world.item.alchemy,net.minecraft.world.item.component,net.minecraft.world.item.trading,net.minecraft.world.level,net.minecraft.world.level.gamerules,net.minecraft.world.level.saveddata,net.minecraft.world.level.storage,net.minecraft.world.phys	pending	0	
mc.world.entity.player	net.minecraft.world.entity.player	net/minecraft/world/entity/player/Abilities.java,net/minecraft/world/entity/player/ChatVisiblity.java,net/minecraft/world/entity/player/Input.java,net/minecraft/world/entity/player/Inventory.java,net/minecraft/world/entity/player/Player.java,net/minecraft/world/entity/player/PlayerEquipment.java,net/minecraft/world/entity/player/PlayerModelPart.java,net/minecraft/world/entity/player/PlayerModelType.java,net/minecraft/world/entity/player/PlayerSkin.java,net/minecraft/world/entity/player/ProfileKeyPair.java,net/minecraft/world/entity/player/ProfilePublicKey.java,net/minecraft/world/entity/player/StackedContents.java,net/minecraft/world/entity/player/StackedItemContents.java,net/minecraft/world/entity/player/package-info.java	minecraft	14	3828	rivet-entity	3	27	yes	com.mojang.datafixers,com.mojang.datafixers.util,com.mojang.serialization,net.minecraft,net.minecraft.core,net.minecraft.core.component,net.minecraft.core.particles,net.minecraft.nbt,net.minecraft.network,net.minecraft.network.chat,net.minecraft.network.codec,net.minecraft.network.protocol.game,net.minecraft.network.syncher,net.minecraft.resources,net.minecraft.server.dialog,net.minecraft.server.level,net.minecraft.server.permissions,net.minecraft.server.players,net.minecraft.sounds,net.minecraft.stats,net.minecraft.tags,net.minecraft.util,net.minecraft.world,net.minecraft.world.attribute,net.minecraft.world.damagesource,net.minecraft.world.effect,net.minecraft.world.entity,net.minecraft.world.entity.ai.attributes,net.minecraft.world.entity.animal.equine,net.minecraft.world.entity.animal.nautilus,net.minecraft.world.entity.animal.parrot,net.minecraft.world.entity.boss.enderdragon,net.minecraft.world.entity.decoration,net.minecraft.world.entity.item,net.minecraft.world.entity.monster.warden,net.minecraft.world.entity.projectile,net.minecraft.world.entity.vehicle.minecart,net.minecraft.world.food,net.minecraft.world.inventory,net.minecraft.world.item,net.minecraft.world.item.component,net.minecraft.world.item.crafting,net.minecraft.world.item.enchantment,net.minecraft.world.item.equipment,net.minecraft.world.item.trading,net.minecraft.world.level,net.minecraft.world.level.block.entity,net.minecraft.world.level.block.state,net.minecraft.world.level.block.state.pattern,net.minecraft.world.level.gameevent,net.minecraft.world.level.gamerules,net.minecraft.world.level.storage,net.minecraft.world.phys,net.minecraft.world.scores	pending	0	
mc.world.entity.projectile	net.minecraft.world.entity.projectile	net/minecraft/world/entity/projectile/EvokerFangs.java,net/minecraft/world/entity/projectile/EyeOfEnder.java,net/minecraft/world/entity/projectile/FireworkRocketEntity.java,net/minecraft/world/entity/projectile/FishingHook.java,net/minecraft/world/entity/projectile/ItemSupplier.java,net/minecraft/world/entity/projectile/LlamaSpit.java,net/minecraft/world/entity/projectile/Projectile.java,net/minecraft/world/entity/projectile/ProjectileDeflection.java,net/minecraft/world/entity/projectile/ProjectileUtil.java,net/minecraft/world/entity/projectile/ShulkerBullet.java,net/minecraft/world/entity/projectile/ThrowableProjectile.java,net/minecraft/world/entity/projectile/package-info.java	minecraft	12	2780	rivet-entity	3	27	yes	com.mojang.datafixers.util,net.minecraft.advancements.triggers,net.minecraft.core,net.minecraft.core.component,net.minecraft.core.particles,net.minecraft.network.protocol,net.minecraft.network.protocol.game,net.minecraft.network.syncher,net.minecraft.server.level,net.minecraft.sounds,net.minecraft.stats,net.minecraft.tags,net.minecraft.util,net.minecraft.world,net.minecraft.world.damagesource,net.minecraft.world.effect,net.minecraft.world.entity,net.minecraft.world.entity.animal.equine,net.minecraft.world.entity.item,net.minecraft.world.entity.player,net.minecraft.world.entity.projectile.arrow,net.minecraft.world.item,net.minecraft.world.item.component,net.minecraft.world.item.enchantment,net.minecraft.world.level,net.minecraft.world.level.block,net.minecraft.world.level.block.state,net.minecraft.world.level.gameevent,net.minecraft.world.level.gamerules,net.minecraft.world.level.material,net.minecraft.world.level.storage,net.minecraft.world.level.storage.loot,net.minecraft.world.level.storage.loot.parameters,net.minecraft.world.phys	pending	0	
mc.world.entity.projectile.arrow	net.minecraft.world.entity.projectile.arrow	net/minecraft/world/entity/projectile/arrow/AbstractArrow.java,net/minecraft/world/entity/projectile/arrow/Arrow.java,net/minecraft/world/entity/projectile/arrow/SpectralArrow.java,net/minecraft/world/entity/projectile/arrow/ThrownTrident.java,net/minecraft/world/entity/projectile/arrow/package-info.java	minecraft	5	1313	rivet-entity	3	27	yes	com.mojang.serialization,net.minecraft.advancements.triggers,net.minecraft.core,net.minecraft.core.component,net.minecraft.core.particles,net.minecraft.core.registries,net.minecraft.network.protocol.game,net.minecraft.network.syncher,net.minecraft.server.level,net.minecraft.sounds,net.minecraft.tags,net.minecraft.util,net.minecraft.world.damagesource,net.minecraft.world.effect,net.minecraft.world.entity,net.minecraft.world.entity.ai.attributes,net.minecraft.world.entity.player,net.minecraft.world.entity.projectile,net.minecraft.world.item,net.minecraft.world.item.alchemy,net.minecraft.world.item.enchantment,net.minecraft.world.level,net.minecraft.world.level.block.state,net.minecraft.world.level.storage,net.minecraft.world.phys,net.minecraft.world.phys.shapes	pending	0	
mc.world.entity.projectile.hurtingprojectile	net.minecraft.world.entity.projectile.hurtingprojectile	net/minecraft/world/entity/projectile/hurtingprojectile/AbstractHurtingProjectile.java,net/minecraft/world/entity/projectile/hurtingprojectile/DragonFireball.java,net/minecraft/world/entity/projectile/hurtingprojectile/Fireball.java,net/minecraft/world/entity/projectile/hurtingprojectile/LargeFireball.java,net/minecraft/world/entity/projectile/hurtingprojectile/SmallFireball.java,net/minecraft/world/entity/projectile/hurtingprojectile/WitherSkull.java,net/minecraft/world/entity/projectile/hurtingprojectile/package-info.java	minecraft	7	648	rivet-entity	3	27	yes	net.minecraft.core,net.minecraft.core.particles,net.minecraft.network.syncher,net.minecraft.server.level,net.minecraft.world,net.minecraft.world.damagesource,net.minecraft.world.effect,net.minecraft.world.entity,net.minecraft.world.entity.boss.wither,net.minecraft.world.entity.projectile,net.minecraft.world.item,net.minecraft.world.item.enchantment,net.minecraft.world.level,net.minecraft.world.level.block,net.minecraft.world.level.block.state,net.minecraft.world.level.gamerules,net.minecraft.world.level.material,net.minecraft.world.level.storage,net.minecraft.world.phys	pending	0	
mc.world.entity.projectile.hurtingprojectile.windcharge	net.minecraft.world.entity.projectile.hurtingprojectile.windcharge	net/minecraft/world/entity/projectile/hurtingprojectile/windcharge/AbstractWindCharge.java,net/minecraft/world/entity/projectile/hurtingprojectile/windcharge/BreezeWindCharge.java,net/minecraft/world/entity/projectile/hurtingprojectile/windcharge/WindCharge.java,net/minecraft/world/entity/projectile/hurtingprojectile/windcharge/package-info.java	minecraft	4	295	rivet-entity	3	27	yes	net.minecraft.core,net.minecraft.core.particles,net.minecraft.core.registries,net.minecraft.server.level,net.minecraft.sounds,net.minecraft.tags,net.minecraft.util,net.minecraft.util.random,net.minecraft.world.damagesource,net.minecraft.world.entity,net.minecraft.world.entity.monster.breeze,net.minecraft.world.entity.player,net.minecraft.world.entity.projectile,net.minecraft.world.entity.projectile.hurtingprojectile,net.minecraft.world.item,net.minecraft.world.item.enchantment,net.minecraft.world.level,net.minecraft.world.phys	pending	0	
mc.world.entity.projectile.throwableitemprojectile	net.minecraft.world.entity.projectile.throwableitemprojectile	net/minecraft/world/entity/projectile/throwableitemprojectile/AbstractThrownPotion.java,net/minecraft/world/entity/projectile/throwableitemprojectile/Snowball.java,net/minecraft/world/entity/projectile/throwableitemprojectile/ThrowableItemProjectile.java,net/minecraft/world/entity/projectile/throwableitemprojectile/ThrownEgg.java,net/minecraft/world/entity/projectile/throwableitemprojectile/ThrownEnderpearl.java,net/minecraft/world/entity/projectile/throwableitemprojectile/ThrownExperienceBottle.java,net/minecraft/world/entity/projectile/throwableitemprojectile/ThrownLingeringPotion.java,net/minecraft/world/entity/projectile/throwableitemprojectile/ThrownSplashPotion.java,net/minecraft/world/entity/projectile/throwableitemprojectile/package-info.java	minecraft	9	918	rivet-entity	3	27	yes	net.minecraft.core,net.minecraft.core.component,net.minecraft.core.particles,net.minecraft.network.syncher,net.minecraft.server.level,net.minecraft.sounds,net.minecraft.tags,net.minecraft.world,net.minecraft.world.damagesource,net.minecraft.world.effect,net.minecraft.world.entity,net.minecraft.world.entity.animal.axolotl,net.minecraft.world.entity.animal.chicken,net.minecraft.world.entity.monster,net.minecraft.world.entity.projectile,net.minecraft.world.item,net.minecraft.world.item.alchemy,net.minecraft.world.level,net.minecraft.world.level.block,net.minecraft.world.level.block.state,net.minecraft.world.level.gamerules,net.minecraft.world.level.portal,net.minecraft.world.level.storage,net.minecraft.world.phys	pending	0	
mc.world.entity.raid	net.minecraft.world.entity.raid	net/minecraft/world/entity/raid/Raid.java,net/minecraft/world/entity/raid/Raider.java,net/minecraft/world/entity/raid/Raids.java,net/minecraft/world/entity/raid/package-info.java	minecraft	4	1665	rivet-entity	3	27	yes	com.mojang.serialization,net.minecraft,net.minecraft.advancements.triggers,net.minecraft.core,net.minecraft.core.component,net.minecraft.core.registries,net.minecraft.nbt,net.minecraft.network.chat,net.minecraft.network.protocol.game,net.minecraft.network.syncher,net.minecraft.resources,net.minecraft.server.level,net.minecraft.sounds,net.minecraft.stats,net.minecraft.tags,net.minecraft.util,net.minecraft.util.datafix,net.minecraft.world,net.minecraft.world.attribute,net.minecraft.world.damagesource,net.minecraft.world.effect,net.minecraft.world.entity,net.minecraft.world.entity.ai.attributes,net.minecraft.world.entity.ai.behavior,net.minecraft.world.entity.ai.goal,net.minecraft.world.entity.ai.targeting,net.minecraft.world.entity.ai.util,net.minecraft.world.entity.ai.village.poi,net.minecraft.world.entity.item,net.minecraft.world.entity.monster,net.minecraft.world.entity.monster.illager,net.minecraft.world.item,net.minecraft.world.item.component,net.minecraft.world.level,net.minecraft.world.level.block,net.minecraft.world.level.block.entity,net.minecraft.world.level.gamerules,net.minecraft.world.level.levelgen,net.minecraft.world.level.pathfinder,net.minecraft.world.level.saveddata,net.minecraft.world.level.storage,net.minecraft.world.phys	pending	0	
mc.world.entity.schedule	net.minecraft.world.entity.schedule	net/minecraft/world/entity/schedule/Activity.java,net/minecraft/world/entity/schedule/package-info.java	minecraft	2	74	rivet-entity	3	27	yes	net.minecraft.core,net.minecraft.core.registries	pending	0	
mc.world.entity.variant	net.minecraft.world.entity.variant	net/minecraft/world/entity/variant/BiomeCheck.java,net/minecraft/world/entity/variant/ModelAndTexture.java,net/minecraft/world/entity/variant/MoonBrightnessCheck.java,net/minecraft/world/entity/variant/PriorityProvider.java,net/minecraft/world/entity/variant/SpawnCondition.java,net/minecraft/world/entity/variant/SpawnConditions.java,net/minecraft/world/entity/variant/SpawnContext.java,net/minecraft/world/entity/variant/SpawnPrioritySelectors.java,net/minecraft/world/entity/variant/StructureCheck.java,net/minecraft/world/entity/variant/VariantUtils.java,net/minecraft/world/entity/variant/package-info.java	minecraft	11	317	rivet-entity	3	27	yes	com.mojang.datafixers,com.mojang.serialization,net.minecraft.advancements.predicates,net.minecraft.core,net.minecraft.core.registries,net.minecraft.network,net.minecraft.network.codec,net.minecraft.resources,net.minecraft.util,net.minecraft.world.attribute,net.minecraft.world.level,net.minecraft.world.level.biome,net.minecraft.world.level.dimension,net.minecraft.world.level.levelgen.structure,net.minecraft.world.level.storage,net.minecraft.world.phys	pending	0	
mc.world.entity.vehicle	net.minecraft.world.entity.vehicle	net/minecraft/world/entity/vehicle/ContainerEntity.java,net/minecraft/world/entity/vehicle/DismountHelper.java,net/minecraft/world/entity/vehicle/VehicleEntity.java,net/minecraft/world/entity/vehicle/package-info.java	minecraft	4	454	rivet-entity	3	27	yes	net.minecraft.advancements.triggers,net.minecraft.core,net.minecraft.core.component,net.minecraft.network.syncher,net.minecraft.resources,net.minecraft.server,net.minecraft.server.level,net.minecraft.tags,net.minecraft.world,net.minecraft.world.damagesource,net.minecraft.world.entity,net.minecraft.world.entity.monster.piglin,net.minecraft.world.entity.player,net.minecraft.world.item,net.minecraft.world.level,net.minecraft.world.level.block,net.minecraft.world.level.block.state,net.minecraft.world.level.gameevent,net.minecraft.world.level.gamerules,net.minecraft.world.level.storage,net.minecraft.world.level.storage.loot,net.minecraft.world.level.storage.loot.parameters,net.minecraft.world.phys,net.minecraft.world.phys.shapes	pending	0	
mc.world.entity.vehicle.boat	net.minecraft.world.entity.vehicle.boat	net/minecraft/world/entity/vehicle/boat/AbstractBoat.java,net/minecraft/world/entity/vehicle/boat/AbstractChestBoat.java,net/minecraft/world/entity/vehicle/boat/Boat.java,net/minecraft/world/entity/vehicle/boat/ChestBoat.java,net/minecraft/world/entity/vehicle/boat/ChestRaft.java,net/minecraft/world/entity/vehicle/boat/Raft.java,net/minecraft/world/entity/vehicle/boat/package-info.java	minecraft	7	1182	rivet-entity	3	27	yes	net.minecraft.core,net.minecraft.core.particles,net.minecraft.network.protocol.game,net.minecraft.network.syncher,net.minecraft.resources,net.minecraft.server.level,net.minecraft.sounds,net.minecraft.tags,net.minecraft.util,net.minecraft.world,net.minecraft.world.damagesource,net.minecraft.world.entity,net.minecraft.world.entity.animal,net.minecraft.world.entity.monster.piglin,net.minecraft.world.entity.player,net.minecraft.world.entity.vehicle,net.minecraft.world.inventory,net.minecraft.world.item,net.minecraft.world.level,net.minecraft.world.level.block,net.minecraft.world.level.block.state,net.minecraft.world.level.gameevent,net.minecraft.world.level.material,net.minecraft.world.level.storage,net.minecraft.world.level.storage.loot,net.minecraft.world.phys,net.minecraft.world.phys.shapes	pending	0	
mc.world.entity.vehicle.minecart	net.minecraft.world.entity.vehicle.minecart	net/minecraft/world/entity/vehicle/minecart/AbstractMinecart.java,net/minecraft/world/entity/vehicle/minecart/AbstractMinecartContainer.java,net/minecraft/world/entity/vehicle/minecart/Minecart.java,net/minecraft/world/entity/vehicle/minecart/MinecartBehavior.java,net/minecraft/world/entity/vehicle/minecart/MinecartChest.java,net/minecraft/world/entity/vehicle/minecart/MinecartCommandBlock.java,net/minecraft/world/entity/vehicle/minecart/MinecartFurnace.java,net/minecraft/world/entity/vehicle/minecart/MinecartHopper.java,net/minecraft/world/entity/vehicle/minecart/MinecartSpawner.java,net/minecraft/world/entity/vehicle/minecart/MinecartTNT.java,net/minecraft/world/entity/vehicle/minecart/NewMinecartBehavior.java,net/minecraft/world/entity/vehicle/minecart/OldMinecartBehavior.java,net/minecraft/world/entity/vehicle/minecart/package-info.java	minecraft	13	3055	rivet-entity	3	27	yes	com.mojang.datafixers.util,net.minecraft.commands,net.minecraft.core,net.minecraft.core.particles,net.minecraft.network.chat,net.minecraft.network.codec,net.minecraft.network.protocol.game,net.minecraft.network.syncher,net.minecraft.resources,net.minecraft.server.level,net.minecraft.server.permissions,net.minecraft.sounds,net.minecraft.tags,net.minecraft.util,net.minecraft.world,net.minecraft.world.damagesource,net.minecraft.world.entity,net.minecraft.world.entity.animal.golem,net.minecraft.world.entity.item,net.minecraft.world.entity.monster.piglin,net.minecraft.world.entity.npc.villager,net.minecraft.world.entity.npc.wanderingtrader,net.minecraft.world.entity.player,net.minecraft.world.entity.projectile,net.minecraft.world.entity.projectile.arrow,net.minecraft.world.entity.vehicle,net.minecraft.world.entity.vehicle.boat,net.minecraft.world.flag,net.minecraft.world.inventory,net.minecraft.world.item,net.minecraft.world.level,net.minecraft.world.level.block,net.minecraft.world.level.block.entity,net.minecraft.world.level.block.state,net.minecraft.world.level.block.state.properties,net.minecraft.world.level.gameevent,net.minecraft.world.level.gamerules,net.minecraft.world.level.material,net.minecraft.world.level.redstone,net.minecraft.world.level.storage,net.minecraft.world.level.storage.loot,net.minecraft.world.phys	pending	0	
mc.world.flag	net.minecraft.world.flag	net/minecraft/world/flag/FeatureElement.java,net/minecraft/world/flag/FeatureFlag.java,net/minecraft/world/flag/FeatureFlagRegistry.java,net/minecraft/world/flag/FeatureFlagSet.java,net/minecraft/world/flag/FeatureFlagUniverse.java,net/minecraft/world/flag/FeatureFlags.java,net/minecraft/world/flag/package-info.java	minecraft	7	303	rivet-world	3	27	yes	com.mojang.serialization,net.minecraft.core,net.minecraft.core.registries,net.minecraft.resources	pending	0	
mc.world.food	net.minecraft.world.food	net/minecraft/world/food/FoodConstants.java,net/minecraft/world/food/FoodData.java,net/minecraft/world/food/FoodProperties.java,net/minecraft/world/food/Foods.java,net/minecraft/world/food/package-info.java	minecraft	5	336	rivet-world	3	27	yes	com.mojang.serialization,net.minecraft.network,net.minecraft.network.codec,net.minecraft.server.level,net.minecraft.sounds,net.minecraft.util,net.minecraft.world,net.minecraft.world.entity,net.minecraft.world.entity.player,net.minecraft.world.item,net.minecraft.world.item.component,net.minecraft.world.level,net.minecraft.world.level.gamerules,net.minecraft.world.level.storage	pending	0	
mc.world.inventory	net.minecraft.world.inventory	net/minecraft/world/inventory/AbstractContainerMenu.java,net/minecraft/world/inventory/AbstractCraftingMenu.java,net/minecraft/world/inventory/AbstractFurnaceMenu.java,net/minecraft/world/inventory/AbstractMountInventoryMenu.java,net/minecraft/world/inventory/AnvilMenu.java,net/minecraft/world/inventory/ArmorSlot.java,net/minecraft/world/inventory/BeaconMenu.java,net/minecraft/world/inventory/BlastFurnaceMenu.java,net/minecraft/world/inventory/BrewingStandMenu.java,net/minecraft/world/inventory/CartographyTableMenu.java,net/minecraft/world/inventory/ChestMenu.java,net/minecraft/world/inventory/ClickAction.java,net/minecraft/world/inventory/ContainerData.java,net/minecraft/world/inventory/ContainerInput.java,net/minecraft/world/inventory/ContainerLevelAccess.java,net/minecraft/world/inventory/ContainerListener.java,net/minecraft/world/inventory/ContainerSynchronizer.java,net/minecraft/world/inventory/CrafterMenu.java,net/minecraft/world/inventory/CrafterSlot.java,net/minecraft/world/inventory/CraftingContainer.java,net/minecraft/world/inventory/CraftingMenu.java,net/minecraft/world/inventory/DataSlot.java,net/minecraft/world/inventory/DispenserMenu.java,net/minecraft/world/inventory/EnchantmentMenu.java,net/minecraft/world/inventory/FurnaceFuelSlot.java,net/minecraft/world/inventory/FurnaceMenu.java,net/minecraft/world/inventory/FurnaceResultSlot.java,net/minecraft/world/inventory/GrindstoneMenu.java,net/minecraft/world/inventory/HopperMenu.java,net/minecraft/world/inventory/HorseInventoryMenu.java,net/minecraft/world/inventory/InventoryMenu.java,net/minecraft/world/inventory/ItemCombinerMenu.java,net/minecraft/world/inventory/ItemCombinerMenuSlotDefinition.java,net/minecraft/world/inventory/LecternMenu.java,net/minecraft/world/inventory/LoomMenu.java,net/minecraft/world/inventory/MenuConstructor.java,net/minecraft/world/inventory/MenuType.java,net/minecraft/world/inventory/MerchantContainer.java,net/minecraft/world/inventory/MerchantMenu.java,net/minecraft/world/inventory/MerchantResultSlot.java,net/minecraft/world/inventory/NautilusInventoryMenu.java,net/minecraft/world/inventory/NonInteractiveResultSlot.java,net/minecraft/world/inventory/PlayerEnderChestContainer.java,net/minecraft/world/inventory/RecipeBookMenu.java,net/minecraft/world/inventory/RecipeBookType.java,net/minecraft/world/inventory/RecipeCraftingHolder.java,net/minecraft/world/inventory/RemoteSlot.java,net/minecraft/world/inventory/ResultContainer.java,net/minecraft/world/inventory/ResultSlot.java,net/minecraft/world/inventory/ShulkerBoxMenu.java,net/minecraft/world/inventory/ShulkerBoxSlot.java,net/minecraft/world/inventory/SimpleContainerData.java,net/minecraft/world/inventory/Slot.java,net/minecraft/world/inventory/SlotRange.java,net/minecraft/world/inventory/SlotRanges.java,net/minecraft/world/inventory/SmithingMenu.java,net/minecraft/world/inventory/SmokerMenu.java,net/minecraft/world/inventory/StackedContentsCompatible.java,net/minecraft/world/inventory/StonecutterMenu.java,net/minecraft/world/inventory/TransientCraftingContainer.java,net/minecraft/world/inventory/package-info.java	minecraft	61	7575	rivet-world	3	27	yes	com.mojang.serialization,net.minecraft,net.minecraft.advancements.triggers,net.minecraft.core,net.minecraft.core.component,net.minecraft.core.registries,net.minecraft.network,net.minecraft.network.chat,net.minecraft.network.codec,net.minecraft.network.protocol.game,net.minecraft.recipebook,net.minecraft.resources,net.minecraft.server.level,net.minecraft.sounds,net.minecraft.stats,net.minecraft.tags,net.minecraft.util,net.minecraft.world,net.minecraft.world.effect,net.minecraft.world.entity,net.minecraft.world.entity.animal.equine,net.minecraft.world.entity.animal.nautilus,net.minecraft.world.entity.npc,net.minecraft.world.entity.player,net.minecraft.world.flag,net.minecraft.world.item,net.minecraft.world.item.alchemy,net.minecraft.world.item.component,net.minecraft.world.item.crafting,net.minecraft.world.item.enchantment,net.minecraft.world.item.trading,net.minecraft.world.level,net.minecraft.world.level.block,net.minecraft.world.level.block.entity,net.minecraft.world.level.block.state,net.minecraft.world.level.gamerules,net.minecraft.world.level.redstone,net.minecraft.world.level.saveddata.maps,net.minecraft.world.level.storage,net.minecraft.world.phys	pending	0	
mc.world.inventory.tooltip	net.minecraft.world.inventory.tooltip	net/minecraft/world/inventory/tooltip/BundleTooltip.java,net/minecraft/world/inventory/tooltip/TooltipComponent.java,net/minecraft/world/inventory/tooltip/package-info.java	minecraft	3	14	rivet-world	3	27	yes	net.minecraft.world.item.component	pending	0	
mc.world.item	net.minecraft.world.item	net/minecraft/world/item/AdventureModePredicate.java,net/minecraft/world/item/AirItem.java,net/minecraft/world/item/ArmorStandItem.java,net/minecraft/world/item/ArrowItem.java,net/minecraft/world/item/AxeItem.java,net/minecraft/world/item/BannerItem.java,net/minecraft/world/item/BedItem.java,net/minecraft/world/item/BlockItem.java,net/minecraft/world/item/BoatItem.java,net/minecraft/world/item/BoneMealItem.java,net/minecraft/world/item/BottleItem.java,net/minecraft/world/item/BowItem.java,net/minecraft/world/item/BrushItem.java,net/minecraft/world/item/BucketItem.java,net/minecraft/world/item/BundleItem.java,net/minecraft/world/item/CompassItem.java,net/minecraft/world/item/CreativeModeTab.java,net/minecraft/world/item/CreativeModeTabs.java,net/minecraft/world/item/CrossbowItem.java,net/minecraft/world/item/DebugStickItem.java,net/minecraft/world/item/DiscFragmentItem.java,net/minecraft/world/item/DispensibleContainerItem.java,net/minecraft/world/item/DoubleHighBlockItem.java,net/minecraft/world/item/DyeColor.java,net/minecraft/world/item/DyeItem.java,net/minecraft/world/item/EggItem.java,net/minecraft/world/item/EmptyMapItem.java,net/minecraft/world/item/EndCrystalItem.java,net/minecraft/world/item/EnderEyeItem.java,net/minecraft/world/item/EnderpearlItem.java,net/minecraft/world/item/ExperienceBottleItem.java,net/minecraft/world/item/FireChargeItem.java,net/minecraft/world/item/FireworkRocketItem.java,net/minecraft/world/item/FishingRodItem.java,net/minecraft/world/item/FlintAndSteelItem.java,net/minecraft/world/item/FoodOnAStickItem.java,net/minecraft/world/item/GameMasterBlockItem.java,net/minecraft/world/item/GlowInkSacItem.java,net/minecraft/world/item/HangingEntityItem.java,net/minecraft/world/item/HangingSignItem.java,net/minecraft/world/item/HoeItem.java,net/minecraft/world/item/HoneycombItem.java,net/minecraft/world/item/InkSacItem.java,net/minecraft/world/item/Instrument.java,net/minecraft/world/item/InstrumentItem.java,net/minecraft/world/item/Instruments.java,net/minecraft/world/item/Item.java,net/minecraft/world/item/ItemCooldowns.java,net/minecraft/world/item/ItemDisplayContext.java,net/minecraft/world/item/ItemFrameItem.java,net/minecraft/world/item/ItemInstance.java,net/minecraft/world/item/ItemStack.java,net/minecraft/world/item/ItemStackLinkedSet.java,net/minecraft/world/item/ItemStackTemplate.java,net/minecraft/world/item/ItemUseAnimation.java,net/minecraft/world/item/ItemUtils.java,net/minecraft/world/item/Items.java,net/minecraft/world/item/JukeboxPlayable.java,net/minecraft/world/item/JukeboxSong.java,net/minecraft/world/item/JukeboxSongPlayer.java,net/minecraft/world/item/JukeboxSongs.java,net/minecraft/world/item/KnowledgeBookItem.java,net/minecraft/world/item/LeadItem.java,net/minecraft/world/item/LingeringPotionItem.java,net/minecraft/world/item/MaceItem.java,net/minecraft/world/item/MapItem.java,net/minecraft/world/item/MinecartItem.java,net/minecraft/world/item/MobBucketItem.java,net/minecraft/world/item/NameTagItem.java,net/minecraft/world/item/PlaceOnWaterBlockItem.java,net/minecraft/world/item/PlayerHeadItem.java,net/minecraft/world/item/PotionItem.java,net/minecraft/world/item/ProjectileItem.java,net/minecraft/world/item/ProjectileWeaponItem.java,net/minecraft/world/item/Rarity.java,net/minecraft/world/item/ScaffoldingBlockItem.java,net/minecraft/world/item/ServerItemCooldowns.java,net/minecraft/world/item/ShearsItem.java,net/minecraft/world/item/ShieldItem.java,net/minecraft/world/item/ShovelItem.java,net/minecraft/world/item/SignApplicator.java,net/minecraft/world/item/SignItem.java,net/minecraft/world/item/SmithingTemplateItem.java,net/minecraft/world/item/SnowballItem.java,net/minecraft/world/item/SolidBucketItem.java,net/minecraft/world/item/SpawnEggItem.java,net/minecraft/world/item/SpectralArrowItem.java,net/minecraft/world/item/SplashPotionItem.java,net/minecraft/world/item/SpyglassItem.java,net/minecraft/world/item/StandingAndWallBlockItem.java,net/minecraft/world/item/SwingAnimationType.java,net/minecraft/world/item/ThrowablePotionItem.java,net/minecraft/world/item/TippedArrowItem.java,net/minecraft/world/item/ToolMaterial.java,net/minecraft/world/item/TooltipFlag.java,net/minecraft/world/item/TridentItem.java,net/minecraft/world/item/WindChargeItem.java,net/minecraft/world/item/WritableBookItem.java,net/minecraft/world/item/WrittenBookItem.java,net/minecraft/world/item/package-info.java	minecraft	100	14031	rivet-world	3	27	yes	com.mojang.datafixers.util,com.mojang.serialization,net.minecraft,net.minecraft.advancements.predicates,net.minecraft.advancements.triggers,net.minecraft.core,net.minecraft.core.component,net.minecraft.core.dispenser,net.minecraft.core.particles,net.minecraft.core.registries,net.minecraft.data.recipes,net.minecraft.data.worldgen,net.minecraft.nbt,net.minecraft.network,net.minecraft.network.chat,net.minecraft.network.codec,net.minecraft.network.protocol.game,net.minecraft.references,net.minecraft.resources,net.minecraft.server.level,net.minecraft.server.permissions,net.minecraft.sounds,net.minecraft.stats,net.minecraft.tags,net.minecraft.util,net.minecraft.world,net.minecraft.world.attribute,net.minecraft.world.damagesource,net.minecraft.world.entity,net.minecraft.world.entity.ai.attributes,net.minecraft.world.entity.animal.chicken,net.minecraft.world.entity.animal.sheep,net.minecraft.world.entity.boss.enderdragon,net.minecraft.world.entity.decoration,net.minecraft.world.entity.decoration.painting,net.minecraft.world.entity.item,net.minecraft.world.entity.player,net.minecraft.world.entity.projectile,net.minecraft.world.entity.projectile.arrow,net.minecraft.world.entity.projectile.hurtingprojectile,net.minecraft.world.entity.projectile.hurtingprojectile.windcharge,net.minecraft.world.entity.projectile.throwableitemprojectile,net.minecraft.world.entity.raid,net.minecraft.world.entity.vehicle.boat,net.minecraft.world.entity.vehicle.minecart,net.minecraft.world.flag,net.minecraft.world.food,net.minecraft.world.inventory,net.minecraft.world.inventory.tooltip,net.minecraft.world.item.alchemy,net.minecraft.world.item.component,net.minecraft.world.item.context,net.minecraft.world.item.crafting,net.minecraft.world.item.enchantment,net.minecraft.world.item.equipment,net.minecraft.world.item.equipment.trim,net.minecraft.world.level,net.minecraft.world.level.biome,net.minecraft.world.level.block,net.minecraft.world.level.block.entity,net.minecraft.world.level.block.state,net.minecraft.world.level.block.state.pattern,net.minecraft.world.level.block.state.properties,net.minecraft.world.level.chunk,net.minecraft.world.level.dimension.end,net.minecraft.world.level.gameevent,net.minecraft.world.level.levelgen,net.minecraft.world.level.material,net.minecraft.world.level.saveddata.maps,net.minecraft.world.level.storage,net.minecraft.world.phys,net.minecraft.world.phys.shapes,net.minecraft.world.waypoints	pending	0	
mc.world.item.alchemy	net.minecraft.world.item.alchemy	net/minecraft/world/item/alchemy/Potion.java,net/minecraft/world/item/alchemy/PotionBrewing.java,net/minecraft/world/item/alchemy/PotionContents.java,net/minecraft/world/item/alchemy/PotionIds.java,net/minecraft/world/item/alchemy/Potions.java,net/minecraft/world/item/alchemy/package-info.java	minecraft	6	790	rivet-world	3	27	yes	com.mojang.datafixers.util,com.mojang.serialization,net.minecraft,net.minecraft.core,net.minecraft.core.component,net.minecraft.core.registries,net.minecraft.network,net.minecraft.network.chat,net.minecraft.network.codec,net.minecraft.resources,net.minecraft.server.level,net.minecraft.util,net.minecraft.world.effect,net.minecraft.world.entity,net.minecraft.world.entity.ai.attributes,net.minecraft.world.entity.player,net.minecraft.world.flag,net.minecraft.world.item,net.minecraft.world.item.component,net.minecraft.world.item.crafting,net.minecraft.world.level	pending	0	
mc.world.item.component	net.minecraft.world.item.component	net/minecraft/world/item/component/AttackRange.java,net/minecraft/world/item/component/Bees.java,net/minecraft/world/item/component/BlockItemStateProperties.java,net/minecraft/world/item/component/BlocksAttacks.java,net/minecraft/world/item/component/BookContent.java,net/minecraft/world/item/component/BundleContents.java,net/minecraft/world/item/component/ChargedProjectiles.java,net/minecraft/world/item/component/Consumable.java,net/minecraft/world/item/component/ConsumableListener.java,net/minecraft/world/item/component/Consumables.java,net/minecraft/world/item/component/CustomData.java,net/minecraft/world/item/component/CustomModelData.java,net/minecraft/world/item/component/DamageResistant.java,net/minecraft/world/item/component/DeathProtection.java,net/minecraft/world/item/component/DebugStickState.java,net/minecraft/world/item/component/DyedItemColor.java,net/minecraft/world/item/component/FireworkExplosion.java,net/minecraft/world/item/component/Fireworks.java,net/minecraft/world/item/component/InstrumentComponent.java,net/minecraft/world/item/component/ItemAttributeModifiers.java,net/minecraft/world/item/component/ItemContainerContents.java,net/minecraft/world/item/component/ItemLore.java,net/minecraft/world/item/component/KineticWeapon.java,net/minecraft/world/item/component/LodestoneTracker.java,net/minecraft/world/item/component/MapDecorations.java,net/minecraft/world/item/component/MapItemColor.java,net/minecraft/world/item/component/MapPostProcessing.java,net/minecraft/world/item/component/OminousBottleAmplifier.java,net/minecraft/world/item/component/PiercingWeapon.java,net/minecraft/world/item/component/ProvidesTrimMaterial.java,net/minecraft/world/item/component/ResolvableProfile.java,net/minecraft/world/item/component/SeededContainerLoot.java,net/minecraft/world/item/component/SulfurCubeContent.java,net/minecraft/world/item/component/SuspiciousStewEffects.java,net/minecraft/world/item/component/SwingAnimation.java,net/minecraft/world/item/component/Tool.java,net/minecraft/world/item/component/TooltipDisplay.java,net/minecraft/world/item/component/TooltipProvider.java,net/minecraft/world/item/component/TypedEntityData.java,net/minecraft/world/item/component/UseCooldown.java,net/minecraft/world/item/component/UseEffects.java,net/minecraft/world/item/component/UseRemainder.java,net/minecraft/world/item/component/Weapon.java,net/minecraft/world/item/component/WritableBookContent.java,net/minecraft/world/item/component/WrittenBookContent.java,net/minecraft/world/item/component/package-info.java	minecraft	46	3826	rivet-world	3	27	yes	com.mojang.datafixers.util,com.mojang.serialization,net.minecraft,net.minecraft.advancements.triggers,net.minecraft.core,net.minecraft.core.component,net.minecraft.core.registries,net.minecraft.nbt,net.minecraft.network,net.minecraft.network.chat,net.minecraft.network.codec,net.minecraft.resources,net.minecraft.server.level,net.minecraft.server.network,net.minecraft.server.players,net.minecraft.sounds,net.minecraft.stats,net.minecraft.util,net.minecraft.world,net.minecraft.world.damagesource,net.minecraft.world.effect,net.minecraft.world.entity,net.minecraft.world.entity.ai.attributes,net.minecraft.world.entity.ai.village.poi,net.minecraft.world.entity.boss.enderdragon,net.minecraft.world.entity.player,net.minecraft.world.entity.projectile,net.minecraft.world.food,net.minecraft.world.inventory,net.minecraft.world.inventory.tooltip,net.minecraft.world.item,net.minecraft.world.item.alchemy,net.minecraft.world.item.consume_effects,net.minecraft.world.item.equipment.trim,net.minecraft.world.level,net.minecraft.world.level.block,net.minecraft.world.level.block.entity,net.minecraft.world.level.block.state,net.minecraft.world.level.block.state.properties,net.minecraft.world.level.gameevent,net.minecraft.world.level.saveddata.maps,net.minecraft.world.level.storage,net.minecraft.world.level.storage.loot,net.minecraft.world.phys	pending	0	
mc.world.item.consume_effects	net.minecraft.world.item.consume_effects	net/minecraft/world/item/consume_effects/ApplyStatusEffectsConsumeEffect.java,net/minecraft/world/item/consume_effects/ClearAllStatusEffectsConsumeEffect.java,net/minecraft/world/item/consume_effects/ConsumeEffect.java,net/minecraft/world/item/consume_effects/PlaySoundConsumeEffect.java,net/minecraft/world/item/consume_effects/RemoveStatusEffectsConsumeEffect.java,net/minecraft/world/item/consume_effects/TeleportRandomlyConsumeEffect.java,net/minecraft/world/item/consume_effects/package-info.java	minecraft	7	315	rivet-world	3	27	yes	com.mojang.serialization,net.minecraft.core,net.minecraft.core.registries,net.minecraft.network,net.minecraft.network.codec,net.minecraft.server.level,net.minecraft.sounds,net.minecraft.util,net.minecraft.world.effect,net.minecraft.world.entity,net.minecraft.world.entity.animal.fox,net.minecraft.world.item,net.minecraft.world.level,net.minecraft.world.level.gameevent,net.minecraft.world.phys	pending	0	
mc.world.item.context	net.minecraft.world.item.context	net/minecraft/world/item/context/BlockPlaceContext.java,net/minecraft/world/item/context/DirectionalPlaceContext.java,net/minecraft/world/item/context/UseOnContext.java,net/minecraft/world/item/context/package-info.java	minecraft	4	248	rivet-world	3	27	yes	net.minecraft.core,net.minecraft.world,net.minecraft.world.entity.player,net.minecraft.world.item,net.minecraft.world.level,net.minecraft.world.phys	pending	0	
mc.world.item.crafting	net.minecraft.world.item.crafting	net/minecraft/world/item/crafting/AbstractCookingRecipe.java,net/minecraft/world/item/crafting/BannerDuplicateRecipe.java,net/minecraft/world/item/crafting/BlastingRecipe.java,net/minecraft/world/item/crafting/BookCloningRecipe.java,net/minecraft/world/item/crafting/CampfireCookingRecipe.java,net/minecraft/world/item/crafting/CookingBookCategory.java,net/minecraft/world/item/crafting/CraftingBookCategory.java,net/minecraft/world/item/crafting/CraftingInput.java,net/minecraft/world/item/crafting/CraftingRecipe.java,net/minecraft/world/item/crafting/CustomRecipe.java,net/minecraft/world/item/crafting/DecoratedPotRecipe.java,net/minecraft/world/item/crafting/DyeRecipe.java,net/minecraft/world/item/crafting/ExtendedRecipeBookCategory.java,net/minecraft/world/item/crafting/FireworkRocketRecipe.java,net/minecraft/world/item/crafting/FireworkStarFadeRecipe.java,net/minecraft/world/item/crafting/FireworkStarRecipe.java,net/minecraft/world/item/crafting/ImbueRecipe.java,net/minecraft/world/item/crafting/Ingredient.java,net/minecraft/world/item/crafting/MapExtendingRecipe.java,net/minecraft/world/item/crafting/NormalCraftingRecipe.java,net/minecraft/world/item/crafting/PlacementInfo.java,net/minecraft/world/item/crafting/Recipe.java,net/minecraft/world/item/crafting/RecipeAccess.java,net/minecraft/world/item/crafting/RecipeBookCategories.java,net/minecraft/world/item/crafting/RecipeBookCategory.java,net/minecraft/world/item/crafting/RecipeCache.java,net/minecraft/world/item/crafting/RecipeHolder.java,net/minecraft/world/item/crafting/RecipeInput.java,net/minecraft/world/item/crafting/RecipeManager.java,net/minecraft/world/item/crafting/RecipeMap.java,net/minecraft/world/item/crafting/RecipePropertySet.java,net/minecraft/world/item/crafting/RecipeSerializer.java,net/minecraft/world/item/crafting/RecipeSerializers.java,net/minecraft/world/item/crafting/RecipeType.java,net/minecraft/world/item/crafting/RepairItemRecipe.java,net/minecraft/world/item/crafting/SelectableRecipe.java,net/minecraft/world/item/crafting/ShapedRecipe.java,net/minecraft/world/item/crafting/ShapedRecipePattern.java,net/minecraft/world/item/crafting/ShapelessRecipe.java,net/minecraft/world/item/crafting/ShieldDecorationRecipe.java,net/minecraft/world/item/crafting/SimpleSmithingRecipe.java,net/minecraft/world/item/crafting/SingleItemRecipe.java,net/minecraft/world/item/crafting/SingleRecipeInput.java,net/minecraft/world/item/crafting/SmeltingRecipe.java,net/minecraft/world/item/crafting/SmithingRecipe.java,net/minecraft/world/item/crafting/SmithingRecipeInput.java,net/minecraft/world/item/crafting/SmithingTransformRecipe.java,net/minecraft/world/item/crafting/SmithingTrimRecipe.java,net/minecraft/world/item/crafting/SmokingRecipe.java,net/minecraft/world/item/crafting/StonecutterRecipe.java,net/minecraft/world/item/crafting/TransmuteRecipe.java,net/minecraft/world/item/crafting/package-info.java	minecraft	52	4389	rivet-world	3	27	yes	com.mojang.datafixers.util,com.mojang.serialization,net.minecraft.advancements.predicates,net.minecraft.core,net.minecraft.core.component,net.minecraft.core.registries,net.minecraft.network,net.minecraft.network.codec,net.minecraft.resources,net.minecraft.server.level,net.minecraft.server.packs.resources,net.minecraft.tags,net.minecraft.util,net.minecraft.util.profiling,net.minecraft.world.entity.player,net.minecraft.world.flag,net.minecraft.world.item,net.minecraft.world.item.component,net.minecraft.world.item.crafting.display,net.minecraft.world.item.enchantment,net.minecraft.world.item.equipment.trim,net.minecraft.world.level,net.minecraft.world.level.block.entity,net.minecraft.world.level.saveddata.maps	pending	0	
mc.world.item.crafting.display	net.minecraft.world.item.crafting.display	net/minecraft/world/item/crafting/display/DisplayContentsFactory.java,net/minecraft/world/item/crafting/display/FurnaceRecipeDisplay.java,net/minecraft/world/item/crafting/display/RecipeDisplay.java,net/minecraft/world/item/crafting/display/RecipeDisplayEntry.java,net/minecraft/world/item/crafting/display/RecipeDisplayId.java,net/minecraft/world/item/crafting/display/RecipeDisplays.java,net/minecraft/world/item/crafting/display/ShapedCraftingRecipeDisplay.java,net/minecraft/world/item/crafting/display/ShapelessCraftingRecipeDisplay.java,net/minecraft/world/item/crafting/display/SlotDisplay.java,net/minecraft/world/item/crafting/display/SlotDisplayContext.java,net/minecraft/world/item/crafting/display/SlotDisplays.java,net/minecraft/world/item/crafting/display/SmithingRecipeDisplay.java,net/minecraft/world/item/crafting/display/StonecutterRecipeDisplay.java,net/minecraft/world/item/crafting/display/package-info.java	minecraft	14	829	rivet-world	3	27	yes	com.mojang.serialization,net.minecraft.core,net.minecraft.core.component,net.minecraft.core.registries,net.minecraft.network,net.minecraft.network.codec,net.minecraft.tags,net.minecraft.util,net.minecraft.util.context,net.minecraft.world.entity.player,net.minecraft.world.flag,net.minecraft.world.item,net.minecraft.world.item.alchemy,net.minecraft.world.item.component,net.minecraft.world.item.crafting,net.minecraft.world.item.equipment.trim,net.minecraft.world.level,net.minecraft.world.level.block.entity	pending	0	
mc.world.item.enchantment	net.minecraft.world.item.enchantment	net/minecraft/world/item/enchantment/ConditionalEffect.java,net/minecraft/world/item/enchantment/Enchantable.java,net/minecraft/world/item/enchantment/EnchantedItemInUse.java,net/minecraft/world/item/enchantment/Enchantment.java,net/minecraft/world/item/enchantment/EnchantmentEffectComponents.java,net/minecraft/world/item/enchantment/EnchantmentHelper.java,net/minecraft/world/item/enchantment/EnchantmentInstance.java,net/minecraft/world/item/enchantment/EnchantmentTarget.java,net/minecraft/world/item/enchantment/Enchantments.java,net/minecraft/world/item/enchantment/ItemEnchantments.java,net/minecraft/world/item/enchantment/LevelBasedValue.java,net/minecraft/world/item/enchantment/Repairable.java,net/minecraft/world/item/enchantment/TargetedConditionalEffect.java,net/minecraft/world/item/enchantment/package-info.java	minecraft	14	3347	rivet-world	3	27	yes	com.mojang.datafixers.util,com.mojang.serialization,net.minecraft,net.minecraft.advancements.predicates,net.minecraft.advancements.predicates.entity,net.minecraft.core,net.minecraft.core.component,net.minecraft.core.particles,net.minecraft.core.registries,net.minecraft.data.worldgen,net.minecraft.network,net.minecraft.network.chat,net.minecraft.network.codec,net.minecraft.resources,net.minecraft.server.level,net.minecraft.sounds,net.minecraft.tags,net.minecraft.util,net.minecraft.util.context,net.minecraft.util.random,net.minecraft.util.valueproviders,net.minecraft.world,net.minecraft.world.damagesource,net.minecraft.world.effect,net.minecraft.world.entity,net.minecraft.world.entity.ai.attributes,net.minecraft.world.entity.projectile,net.minecraft.world.item,net.minecraft.world.item.component,net.minecraft.world.item.enchantment.effects,net.minecraft.world.item.enchantment.providers,net.minecraft.world.level,net.minecraft.world.level.block,net.minecraft.world.level.block.state,net.minecraft.world.level.gameevent,net.minecraft.world.level.levelgen.blockpredicates,net.minecraft.world.level.levelgen.feature.stateproviders,net.minecraft.world.level.material,net.minecraft.world.level.storage.loot,net.minecraft.world.level.storage.loot.parameters,net.minecraft.world.level.storage.loot.predicates,net.minecraft.world.level.storage.loot.providers.number,net.minecraft.world.phys	pending	0	
mc.world.item.enchantment.effects	net.minecraft.world.item.enchantment.effects	net/minecraft/world/item/enchantment/effects/AddValue.java,net/minecraft/world/item/enchantment/effects/AllOf.java,net/minecraft/world/item/enchantment/effects/ApplyEntityImpulse.java,net/minecraft/world/item/enchantment/effects/ApplyExhaustion.java,net/minecraft/world/item/enchantment/effects/ApplyMobEffect.java,net/minecraft/world/item/enchantment/effects/ChangeItemDamage.java,net/minecraft/world/item/enchantment/effects/DamageEntity.java,net/minecraft/world/item/enchantment/effects/DamageImmunity.java,net/minecraft/world/item/enchantment/effects/EnchantmentAttributeEffect.java,net/minecraft/world/item/enchantment/effects/EnchantmentEntityEffect.java,net/minecraft/world/item/enchantment/effects/EnchantmentLocationBasedEffect.java,net/minecraft/world/item/enchantment/effects/EnchantmentValueEffect.java,net/minecraft/world/item/enchantment/effects/ExplodeEffect.java,net/minecraft/world/item/enchantment/effects/Ignite.java,net/minecraft/world/item/enchantment/effects/MultiplyValue.java,net/minecraft/world/item/enchantment/effects/PlaySoundEffect.java,net/minecraft/world/item/enchantment/effects/RemoveBinomial.java,net/minecraft/world/item/enchantment/effects/ReplaceBlock.java,net/minecraft/world/item/enchantment/effects/ReplaceDisk.java,net/minecraft/world/item/enchantment/effects/RunFunction.java,net/minecraft/world/item/enchantment/effects/ScaleExponentially.java,net/minecraft/world/item/enchantment/effects/SetBlockProperties.java,net/minecraft/world/item/enchantment/effects/SetValue.java,net/minecraft/world/item/enchantment/effects/SpawnParticlesEffect.java,net/minecraft/world/item/enchantment/effects/SummonEntityEffect.java,net/minecraft/world/item/enchantment/effects/package-info.java	minecraft	26	1218	rivet-world	3	27	yes	com.mojang.serialization,net.minecraft.commands,net.minecraft.commands.functions,net.minecraft.core,net.minecraft.core.component,net.minecraft.core.particles,net.minecraft.core.registries,net.minecraft.resources,net.minecraft.server,net.minecraft.server.level,net.minecraft.server.permissions,net.minecraft.sounds,net.minecraft.util,net.minecraft.util.random,net.minecraft.util.valueproviders,net.minecraft.world.damagesource,net.minecraft.world.effect,net.minecraft.world.entity,net.minecraft.world.entity.ai.attributes,net.minecraft.world.entity.player,net.minecraft.world.item,net.minecraft.world.item.component,net.minecraft.world.item.enchantment,net.minecraft.world.level,net.minecraft.world.level.block,net.minecraft.world.level.block.state,net.minecraft.world.level.gameevent,net.minecraft.world.level.levelgen.blockpredicates,net.minecraft.world.level.levelgen.feature.stateproviders,net.minecraft.world.phys	pending	0	
mc.world.item.enchantment.providers	net.minecraft.world.item.enchantment.providers	net/minecraft/world/item/enchantment/providers/EnchantmentProvider.java,net/minecraft/world/item/enchantment/providers/EnchantmentProviderTypes.java,net/minecraft/world/item/enchantment/providers/EnchantmentsByCost.java,net/minecraft/world/item/enchantment/providers/EnchantmentsByCostWithDifficulty.java,net/minecraft/world/item/enchantment/providers/SingleEnchantment.java,net/minecraft/world/item/enchantment/providers/VanillaEnchantmentProviders.java,net/minecraft/world/item/enchantment/providers/package-info.java	minecraft	7	188	rivet-world	3	27	yes	com.mojang.serialization,net.minecraft.core,net.minecraft.core.registries,net.minecraft.data.worldgen,net.minecraft.resources,net.minecraft.tags,net.minecraft.util,net.minecraft.util.valueproviders,net.minecraft.world,net.minecraft.world.item,net.minecraft.world.item.enchantment	pending	0	
mc.world.item.equipment	net.minecraft.world.item.equipment	net/minecraft/world/item/equipment/AllowedEntitiesProvider.java,net/minecraft/world/item/equipment/ArmorMaterial.java,net/minecraft/world/item/equipment/ArmorMaterials.java,net/minecraft/world/item/equipment/ArmorType.java,net/minecraft/world/item/equipment/EquipmentAsset.java,net/minecraft/world/item/equipment/EquipmentAssets.java,net/minecraft/world/item/equipment/Equippable.java,net/minecraft/world/item/equipment/package-info.java	minecraft	8	451	rivet-world	3	27	yes	com.mojang.serialization,net.minecraft.core,net.minecraft.core.registries,net.minecraft.network,net.minecraft.network.codec,net.minecraft.resources,net.minecraft.sounds,net.minecraft.stats,net.minecraft.tags,net.minecraft.util,net.minecraft.world,net.minecraft.world.entity,net.minecraft.world.entity.ai.attributes,net.minecraft.world.entity.player,net.minecraft.world.item,net.minecraft.world.item.component,net.minecraft.world.item.enchantment	pending	0	
mc.world.item.equipment.trim	net.minecraft.world.item.equipment.trim	net/minecraft/world/item/equipment/trim/ArmorTrim.java,net/minecraft/world/item/equipment/trim/MaterialAssetGroup.java,net/minecraft/world/item/equipment/trim/TrimMaterial.java,net/minecraft/world/item/equipment/trim/TrimMaterials.java,net/minecraft/world/item/equipment/trim/TrimPattern.java,net/minecraft/world/item/equipment/trim/TrimPatterns.java,net/minecraft/world/item/equipment/trim/package-info.java	minecraft	7	307	rivet-world	3	27	yes	com.mojang.serialization,net.minecraft,net.minecraft.core,net.minecraft.core.component,net.minecraft.core.registries,net.minecraft.data.worldgen,net.minecraft.network,net.minecraft.network.chat,net.minecraft.network.codec,net.minecraft.resources,net.minecraft.util,net.minecraft.world.item,net.minecraft.world.item.component,net.minecraft.world.item.equipment	pending	0	
mc.world.item.slot	net.minecraft.world.item.slot	net/minecraft/world/item/slot/CompositeSlotSource.java,net/minecraft/world/item/slot/ContentsSlotSource.java,net/minecraft/world/item/slot/EmptySlotSource.java,net/minecraft/world/item/slot/FilteredSlotSource.java,net/minecraft/world/item/slot/GroupSlotSource.java,net/minecraft/world/item/slot/LimitSlotSource.java,net/minecraft/world/item/slot/RangeSlotSource.java,net/minecraft/world/item/slot/SlotCollection.java,net/minecraft/world/item/slot/SlotSource.java,net/minecraft/world/item/slot/SlotSources.java,net/minecraft/world/item/slot/TransformedSlotSource.java,net/minecraft/world/item/slot/package-info.java	minecraft	12	386	rivet-world	3	27	yes	com.mojang.serialization,net.minecraft.advancements.predicates,net.minecraft.core,net.minecraft.core.registries,net.minecraft.util,net.minecraft.util.context,net.minecraft.world.entity,net.minecraft.world.inventory,net.minecraft.world.item,net.minecraft.world.level.storage.loot	pending	0	
mc.world.item.trading	net.minecraft.world.item.trading	net/minecraft/world/item/trading/ItemCost.java,net/minecraft/world/item/trading/Merchant.java,net/minecraft/world/item/trading/MerchantOffer.java,net/minecraft/world/item/trading/MerchantOffers.java,net/minecraft/world/item/trading/TradeCost.java,net/minecraft/world/item/trading/TradeRebalanceVillagerTrades.java,net/minecraft/world/item/trading/TradeSet.java,net/minecraft/world/item/trading/TradeSets.java,net/minecraft/world/item/trading/VillagerTrade.java,net/minecraft/world/item/trading/VillagerTrades.java,net/minecraft/world/item/trading/package-info.java	minecraft	11	4394	rivet-world	3	27	yes	com.mojang.serialization,net.minecraft.advancements.predicates,net.minecraft.advancements.predicates.entity,net.minecraft.core,net.minecraft.core.component,net.minecraft.core.component.predicates,net.minecraft.core.registries,net.minecraft.data.worldgen,net.minecraft.network,net.minecraft.network.chat,net.minecraft.network.codec,net.minecraft.resources,net.minecraft.sounds,net.minecraft.tags,net.minecraft.util,net.minecraft.world,net.minecraft.world.effect,net.minecraft.world.entity.npc.villager,net.minecraft.world.entity.player,net.minecraft.world.inventory,net.minecraft.world.item,net.minecraft.world.item.alchemy,net.minecraft.world.item.enchantment,net.minecraft.world.level,net.minecraft.world.level.block,net.minecraft.world.level.levelgen.structure,net.minecraft.world.level.saveddata.maps,net.minecraft.world.level.storage.loot,net.minecraft.world.level.storage.loot.functions,net.minecraft.world.level.storage.loot.parameters,net.minecraft.world.level.storage.loot.predicates,net.minecraft.world.level.storage.loot.providers.number	pending	0	
mc.world.level	net.minecraft.world.level	net/minecraft/world/level/BaseCommandBlock.java,net/minecraft/world/level/BaseSpawner.java,net/minecraft/world/level/BlockAndLightGetter.java,net/minecraft/world/level/BlockCollisions.java,net/minecraft/world/level/BlockEventData.java,net/minecraft/world/level/BlockGetter.java,net/minecraft/world/level/CardinalLighting.java,net/minecraft/world/level/ChunkPos.java,net/minecraft/world/level/ClipBlockStateContext.java,net/minecraft/world/level/ClipContext.java,net/minecraft/world/level/CollisionGetter.java,net/minecraft/world/level/ColorMapColorUtil.java,net/minecraft/world/level/ColorResolver.java,net/minecraft/world/level/CommonLevelAccessor.java,net/minecraft/world/level/CustomSpawner.java,net/minecraft/world/level/DataPackConfig.java,net/minecraft/world/level/DryFoliageColor.java,net/minecraft/world/level/EmptyBlockGetter.java,net/minecraft/world/level/EntityBasedExplosionDamageCalculator.java,net/minecraft/world/level/EntityGetter.java,net/minecraft/world/level/Explosion.java,net/minecraft/world/level/ExplosionDamageCalculator.java,net/minecraft/world/level/FoliageColor.java,net/minecraft/world/level/GameType.java,net/minecraft/world/level/GrassColor.java,net/minecraft/world/level/ItemLike.java,net/minecraft/world/level/Level.java,net/minecraft/world/level/LevelAccessor.java,net/minecraft/world/level/LevelHeightAccessor.java,net/minecraft/world/level/LevelReader.java,net/minecraft/world/level/LevelSettings.java,net/minecraft/world/level/LevelSimulatedRW.java,net/minecraft/world/level/LevelSimulatedReader.java,net/minecraft/world/level/LevelWriter.java,net/minecraft/world/level/LightLayer.java,net/minecraft/world/level/LocalMobCapCalculator.java,net/minecraft/world/level/MoonPhase.java,net/minecraft/world/level/NaturalSpawner.java,net/minecraft/world/level/NoiseColumn.java,net/minecraft/world/level/PathNavigationRegion.java,net/minecraft/world/level/PotentialCalculator.java,net/minecraft/world/level/ScheduledTickAccess.java,net/minecraft/world/level/ServerExplosion.java,net/minecraft/world/level/ServerLevelAccessor.java,net/minecraft/world/level/SignalGetter.java,net/minecraft/world/level/SimpleExplosionDamageCalculator.java,net/minecraft/world/level/SpawnData.java,net/minecraft/world/level/Spawner.java,net/minecraft/world/level/StructureManager.java,net/minecraft/world/level/TicketStorage.java,net/minecraft/world/level/WorldDataConfiguration.java,net/minecraft/world/level/WorldGenLevel.java,net/minecraft/world/level/package-info.java	minecraft	53	7811	rivet-world	3	27	yes	com.mojang.datafixers.util,com.mojang.serialization,net.minecraft,net.minecraft.commands,net.minecraft.core,net.minecraft.core.particles,net.minecraft.core.registries,net.minecraft.nbt,net.minecraft.network,net.minecraft.network.chat,net.minecraft.network.codec,net.minecraft.network.protocol,net.minecraft.resources,net.minecraft.server,net.minecraft.server.level,net.minecraft.sounds,net.minecraft.tags,net.minecraft.util,net.minecraft.util.datafix,net.minecraft.util.profiling,net.minecraft.util.random,net.minecraft.world,net.minecraft.world.attribute,net.minecraft.world.clock,net.minecraft.world.damagesource,net.minecraft.world.entity,net.minecraft.world.entity.ai.attributes,net.minecraft.world.entity.boss.enderdragon,net.minecraft.world.entity.item,net.minecraft.world.entity.player,net.minecraft.world.entity.projectile,net.minecraft.world.flag,net.minecraft.world.item,net.minecraft.world.item.alchemy,net.minecraft.world.item.component,net.minecraft.world.item.crafting,net.minecraft.world.level.biome,net.minecraft.world.level.block,net.minecraft.world.level.block.entity,net.minecraft.world.level.block.state,net.minecraft.world.level.border,net.minecraft.world.level.chunk,net.minecraft.world.level.chunk.status,net.minecraft.world.level.dimension,net.minecraft.world.level.entity,net.minecraft.world.level.gameevent,net.minecraft.world.level.gamerules,net.minecraft.world.level.levelgen,net.minecraft.world.level.levelgen.structure,net.minecraft.world.level.levelgen.structure.placement,net.minecraft.world.level.levelgen.structure.structures,net.minecraft.world.level.lighting,net.minecraft.world.level.material,net.minecraft.world.level.redstone,net.minecraft.world.level.saveddata,net.minecraft.world.level.saveddata.maps,net.minecraft.world.level.storage,net.minecraft.world.phys,net.minecraft.world.phys.shapes,net.minecraft.world.scores,net.minecraft.world.ticks,org.bukkit.craftbukkit,org.bukkit.craftbukkit.block,org.bukkit.craftbukkit.block.data,org.bukkit.craftbukkit.util,org.bukkit.entity	pending	0	
mc.world.level.biome	net.minecraft.world.level.biome	net/minecraft/world/level/biome/Biome.java,net/minecraft/world/level/biome/BiomeGenerationSettings.java,net/minecraft/world/level/biome/BiomeManager.java,net/minecraft/world/level/biome/BiomeResolver.java,net/minecraft/world/level/biome/BiomeSource.java,net/minecraft/world/level/biome/BiomeSources.java,net/minecraft/world/level/biome/BiomeSpecialEffects.java,net/minecraft/world/level/biome/Biomes.java,net/minecraft/world/level/biome/CheckerboardColumnBiomeSource.java,net/minecraft/world/level/biome/Climate.java,net/minecraft/world/level/biome/FeatureSorter.java,net/minecraft/world/level/biome/FixedBiomeSource.java,net/minecraft/world/level/biome/MobSpawnSettings.java,net/minecraft/world/level/biome/MultiNoiseBiomeSource.java,net/minecraft/world/level/biome/MultiNoiseBiomeSourceParameterList.java,net/minecraft/world/level/biome/MultiNoiseBiomeSourceParameterLists.java,net/minecraft/world/level/biome/OverworldBiomeBuilder.java,net/minecraft/world/level/biome/TheEndBiomeSource.java,net/minecraft/world/level/biome/package-info.java	minecraft	19	3460	rivet-world	3	27	yes	com.mojang.datafixers.util,com.mojang.serialization,net.minecraft,net.minecraft.core,net.minecraft.core.registries,net.minecraft.data.worldgen,net.minecraft.resources,net.minecraft.tags,net.minecraft.util,net.minecraft.util.random,net.minecraft.world.attribute,net.minecraft.world.attribute.modifier,net.minecraft.world.entity,net.minecraft.world.level,net.minecraft.world.level.block,net.minecraft.world.level.block.state,net.minecraft.world.level.levelgen,net.minecraft.world.level.levelgen.carver,net.minecraft.world.level.levelgen.feature,net.minecraft.world.level.levelgen.placement,net.minecraft.world.level.levelgen.synth,net.minecraft.world.level.material	pending	0	
mc.world.level.block	net.minecraft.world.level.block	net/minecraft/world/level/block/AbstractBannerBlock.java,net/minecraft/world/level/block/AbstractCandleBlock.java,net/minecraft/world/level/block/AbstractCauldronBlock.java,net/minecraft/world/level/block/AbstractChestBlock.java,net/minecraft/world/level/block/AbstractFurnaceBlock.java,net/minecraft/world/level/block/AbstractSkullBlock.java,net/minecraft/world/level/block/AirBlock.java,net/minecraft/world/level/block/AmethystBlock.java,net/minecraft/world/level/block/AmethystClusterBlock.java,net/minecraft/world/level/block/AnvilBlock.java,net/minecraft/world/level/block/AttachedStemBlock.java,net/minecraft/world/level/block/AzaleaBlock.java,net/minecraft/world/level/block/BambooSaplingBlock.java,net/minecraft/world/level/block/BambooStalkBlock.java,net/minecraft/world/level/block/BannerBlock.java,net/minecraft/world/level/block/BarrelBlock.java,net/minecraft/world/level/block/BarrierBlock.java,net/minecraft/world/level/block/BaseCoralFanBlock.java,net/minecraft/world/level/block/BaseCoralPlantBlock.java,net/minecraft/world/level/block/BaseCoralPlantTypeBlock.java,net/minecraft/world/level/block/BaseCoralWallFanBlock.java,net/minecraft/world/level/block/BaseEntityBlock.java,net/minecraft/world/level/block/BaseFireBlock.java,net/minecraft/world/level/block/BasePressurePlateBlock.java,net/minecraft/world/level/block/BaseRailBlock.java,net/minecraft/world/level/block/BaseTorchBlock.java,net/minecraft/world/level/block/BeaconBeamBlock.java,net/minecraft/world/level/block/BeaconBlock.java,net/minecraft/world/level/block/BedBlock.java,net/minecraft/world/level/block/BeehiveBlock.java,net/minecraft/world/level/block/BeetrootBlock.java,net/minecraft/world/level/block/BellBlock.java,net/minecraft/world/level/block/BigDripleafBlock.java,net/minecraft/world/level/block/BigDripleafStemBlock.java,net/minecraft/world/level/block/BlastFurnaceBlock.java,net/minecraft/world/level/block/Block.java,net/minecraft/world/level/block/BlockTypes.java,net/minecraft/world/level/block/Blocks.java,net/minecraft/world/level/block/BonemealableBlock.java,net/minecraft/world/level/block/BonemealableFeaturePlacerBlock.java,net/minecraft/world/level/block/BrewingStandBlock.java,net/minecraft/world/level/block/BrushableBlock.java,net/minecraft/world/level/block/BubbleColumnBlock.java,net/minecraft/world/level/block/BucketPickup.java,net/minecraft/world/level/block/BuddingAmethystBlock.java,net/minecraft/world/level/block/BushBlock.java,net/minecraft/world/level/block/ButtonBlock.java,net/minecraft/world/level/block/CactusBlock.java,net/minecraft/world/level/block/CactusFlowerBlock.java,net/minecraft/world/level/block/CakeBlock.java,net/minecraft/world/level/block/CalibratedSculkSensorBlock.java,net/minecraft/world/level/block/CampfireBlock.java,net/minecraft/world/level/block/CandleBlock.java,net/minecraft/world/level/block/CandleCakeBlock.java,net/minecraft/world/level/block/CarpetBlock.java,net/minecraft/world/level/block/CarrotBlock.java,net/minecraft/world/level/block/CartographyTableBlock.java,net/minecraft/world/level/block/CarvedPumpkinBlock.java,net/minecraft/world/level/block/CauldronBlock.java,net/minecraft/world/level/block/CaveVines.java,net/minecraft/world/level/block/CaveVinesBlock.java,net/minecraft/world/level/block/CaveVinesPlantBlock.java,net/minecraft/world/level/block/CeilingHangingSignBlock.java,net/minecraft/world/level/block/ChainBlock.java,net/minecraft/world/level/block/ChangeOverTimeBlock.java,net/minecraft/world/level/block/ChestBlock.java,net/minecraft/world/level/block/ChiseledBookShelfBlock.java,net/minecraft/world/level/block/ChorusFlowerBlock.java,net/minecraft/world/level/block/ChorusPlantBlock.java,net/minecraft/world/level/block/CocoaBlock.java,net/minecraft/world/level/block/ColorCollection.java,net/minecraft/world/level/block/ColoredFallingBlock.java,net/minecraft/world/level/block/CommandBlock.java,net/minecraft/world/level/block/ComparatorBlock.java,net/minecraft/world/level/block/ComposterBlock.java,net/minecraft/world/level/block/ConcretePowderBlock.java,net/minecraft/world/level/block/ConduitBlock.java,net/minecraft/world/level/block/CopperBulbBlock.java,net/minecraft/world/level/block/CopperChestBlock.java,net/minecraft/world/level/block/CopperGolemStatueBlock.java,net/minecraft/world/level/block/CoralBlock.java,net/minecraft/world/level/block/CoralFanBlock.java,net/minecraft/world/level/block/CoralPlantBlock.java,net/minecraft/world/level/block/CoralWallFanBlock.java,net/minecraft/world/level/block/CrafterBlock.java,net/minecraft/world/level/block/CraftingTableBlock.java,net/minecraft/world/level/block/CreakingHeartBlock.java,net/minecraft/world/level/block/CropBlock.java,net/minecraft/world/level/block/CrossCollisionBlock.java,net/minecraft/world/level/block/CryingObsidianBlock.java,net/minecraft/world/level/block/DaylightDetectorBlock.java,net/minecraft/world/level/block/DecoratedPotBlock.java,net/minecraft/world/level/block/DetectorRailBlock.java,net/minecraft/world/level/block/DiodeBlock.java,net/minecraft/world/level/block/DirectionalBlock.java,net/minecraft/world/level/block/DirtPathBlock.java,net/minecraft/world/level/block/DispenserBlock.java,net/minecraft/world/level/block/DoorBlock.java,net/minecraft/world/level/block/DoubleBlockCombiner.java,net/minecraft/world/level/block/DoublePlantBlock.java,net/minecraft/world/level/block/DragonEggBlock.java,net/minecraft/world/level/block/DriedGhastBlock.java,net/minecraft/world/level/block/DropExperienceBlock.java,net/minecraft/world/level/block/DropperBlock.java,net/minecraft/world/level/block/DryVegetationBlock.java,net/minecraft/world/level/block/EnchantingTableBlock.java,net/minecraft/world/level/block/EndGatewayBlock.java,net/minecraft/world/level/block/EndPortalBlock.java,net/minecraft/world/level/block/EndPortalFrameBlock.java,net/minecraft/world/level/block/EndRodBlock.java,net/minecraft/world/level/block/EnderChestBlock.java,net/minecraft/world/level/block/EntityBlock.java,net/minecraft/world/level/block/EyeblossomBlock.java,net/minecraft/world/level/block/FaceAttachedHorizontalDirectionalBlock.java,net/minecraft/world/level/block/Fallable.java,net/minecraft/world/level/block/FallingBlock.java,net/minecraft/world/level/block/FarmlandBlock.java,net/minecraft/world/level/block/FenceBlock.java,net/minecraft/world/level/block/FenceGateBlock.java,net/minecraft/world/level/block/FireBlock.java,net/minecraft/world/level/block/FireflyBushBlock.java,net/minecraft/world/level/block/FlowerBedBlock.java,net/minecraft/world/level/block/FlowerBlock.java,net/minecraft/world/level/block/FlowerPotBlock.java,net/minecraft/world/level/block/FrogspawnBlock.java,net/minecraft/world/level/block/FrostedIceBlock.java,net/minecraft/world/level/block/FurnaceBlock.java,net/minecraft/world/level/block/GameMasterBlock.java,net/minecraft/world/level/block/GlazedTerracottaBlock.java,net/minecraft/world/level/block/GlowLichenBlock.java,net/minecraft/world/level/block/GrassBlock.java,net/minecraft/world/level/block/GrindstoneBlock.java,net/minecraft/world/level/block/GrowingPlantBlock.java,net/minecraft/world/level/block/GrowingPlantBodyBlock.java,net/minecraft/world/level/block/GrowingPlantHeadBlock.java,net/minecraft/world/level/block/HalfTransparentBlock.java,net/minecraft/world/level/block/HangingMossBlock.java,net/minecraft/world/level/block/HangingRootsBlock.java,net/minecraft/world/level/block/HangingSignBlock.java,net/minecraft/world/level/block/HayBlock.java,net/minecraft/world/level/block/HeavyCoreBlock.java,net/minecraft/world/level/block/HoneyBlock.java,net/minecraft/world/level/block/HopperBlock.java,net/minecraft/world/level/block/HorizontalDirectionalBlock.java,net/minecraft/world/level/block/HugeMushroomBlock.java,net/minecraft/world/level/block/IceBlock.java,net/minecraft/world/level/block/InfestedBlock.java,net/minecraft/world/level/block/InfestedRotatedPillarBlock.java,net/minecraft/world/level/block/IronBarsBlock.java,net/minecraft/world/level/block/JigsawBlock.java,net/minecraft/world/level/block/JukeboxBlock.java,net/minecraft/world/level/block/KelpBlock.java,net/minecraft/world/level/block/KelpPlantBlock.java,net/minecraft/world/level/block/LadderBlock.java,net/minecraft/world/level/block/LanternBlock.java,net/minecraft/world/level/block/LavaCauldronBlock.java,net/minecraft/world/level/block/LayeredCauldronBlock.java,net/minecraft/world/level/block/LeafLitterBlock.java,net/minecraft/world/level/block/LeavesBlock.java,net/minecraft/world/level/block/LecternBlock.java,net/minecraft/world/level/block/LevelEvent.java,net/minecraft/world/level/block/LeverBlock.java,net/minecraft/world/level/block/LightBlock.java,net/minecraft/world/level/block/LightningRodBlock.java,net/minecraft/world/level/block/LilyPadBlock.java,net/minecraft/world/level/block/LiquidBlock.java,net/minecraft/world/level/block/LiquidBlockContainer.java,net/minecraft/world/level/block/LoomBlock.java,net/minecraft/world/level/block/MagmaBlock.java,net/minecraft/world/level/block/MangroveLeavesBlock.java,net/minecraft/world/level/block/MangrovePropaguleBlock.java,net/minecraft/world/level/block/MangroveRootsBlock.java,net/minecraft/world/level/block/Mirror.java,net/minecraft/world/level/block/MossyCarpetBlock.java,net/minecraft/world/level/block/MudBlock.java,net/minecraft/world/level/block/MultifaceBlock.java,net/minecraft/world/level/block/MultifaceSpreadeableBlock.java,net/minecraft/world/level/block/MultifaceSpreader.java,net/minecraft/world/level/block/MushroomBlock.java,net/minecraft/world/level/block/MyceliumBlock.java,net/minecraft/world/level/block/NetherFungusBlock.java,net/minecraft/world/level/block/NetherPortalBlock.java,net/minecraft/world/level/block/NetherRootsBlock.java,net/minecraft/world/level/block/NetherSproutsBlock.java,net/minecraft/world/level/block/NetherVines.java,net/minecraft/world/level/block/NetherWartBlock.java,net/minecraft/world/level/block/NetherrackBlock.java,net/minecraft/world/level/block/NoteBlock.java,net/minecraft/world/level/block/NyliumBlock.java,net/minecraft/world/level/block/ObserverBlock.java,net/minecraft/world/level/block/PiglinWallSkullBlock.java,net/minecraft/world/level/block/PipeBlock.java,net/minecraft/world/level/block/PitcherCropBlock.java,net/minecraft/world/level/block/PlainSignBlock.java,net/minecraft/world/level/block/PlayerHeadBlock.java,net/minecraft/world/level/block/PlayerWallHeadBlock.java,net/minecraft/world/level/block/PointedDripstoneBlock.java,net/minecraft/world/level/block/Portal.java,net/minecraft/world/level/block/PotatoBlock.java,net/minecraft/world/level/block/PotentSulfurBlock.java,net/minecraft/world/level/block/PowderSnowBlock.java,net/minecraft/world/level/block/PoweredBlock.java,net/minecraft/world/level/block/PoweredRailBlock.java,net/minecraft/world/level/block/PressurePlateBlock.java,net/minecraft/world/level/block/PumpkinBlock.java,net/minecraft/world/level/block/RailBlock.java,net/minecraft/world/level/block/RailState.java,net/minecraft/world/level/block/RedStoneOreBlock.java,net/minecraft/world/level/block/RedStoneWireBlock.java,net/minecraft/world/level/block/RedstoneLampBlock.java,net/minecraft/world/level/block/RedstoneTorchBlock.java,net/minecraft/world/level/block/RedstoneWallTorchBlock.java,net/minecraft/world/level/block/RenderShape.java,net/minecraft/world/level/block/RepeaterBlock.java,net/minecraft/world/level/block/RespawnAnchorBlock.java,net/minecraft/world/level/block/RodBlock.java,net/minecraft/world/level/block/RootedDirtBlock.java,net/minecraft/world/level/block/RotatedPillarBlock.java,net/minecraft/world/level/block/Rotation.java,net/minecraft/world/level/block/SandBlock.java,net/minecraft/world/level/block/SaplingBlock.java,net/minecraft/world/level/block/ScaffoldingBlock.java,net/minecraft/world/level/block/SculkBehaviour.java,net/minecraft/world/level/block/SculkBlock.java,net/minecraft/world/level/block/SculkCatalystBlock.java,net/minecraft/world/level/block/SculkSensorBlock.java,net/minecraft/world/level/block/SculkShriekerBlock.java,net/minecraft/world/level/block/SculkSpreader.java,net/minecraft/world/level/block/SculkVeinBlock.java,net/minecraft/world/level/block/SeaPickleBlock.java,net/minecraft/world/level/block/SeagrassBlock.java,net/minecraft/world/level/block/SegmentableBlock.java,net/minecraft/world/level/block/SelectableSlotContainer.java,net/minecraft/world/level/block/ShelfBlock.java,net/minecraft/world/level/block/ShortDryGrassBlock.java,net/minecraft/world/level/block/ShulkerBoxBlock.java,net/minecraft/world/level/block/SideChainPartBlock.java,net/minecraft/world/level/block/SignBlock.java,net/minecraft/world/level/block/SimpleWaterloggedBlock.java,net/minecraft/world/level/block/SkullBlock.java,net/minecraft/world/level/block/SlabBlock.java,net/minecraft/world/level/block/SlimeBlock.java,net/minecraft/world/level/block/SmallDripleafBlock.java,net/minecraft/world/level/block/SmithingTableBlock.java,net/minecraft/world/level/block/SmokerBlock.java,net/minecraft/world/level/block/SnifferEggBlock.java,net/minecraft/world/level/block/SnowLayerBlock.java,net/minecraft/world/level/block/SnowyBlock.java,net/minecraft/world/level/block/SoulFireBlock.java,net/minecraft/world/level/block/SoulSandBlock.java,net/minecraft/world/level/block/SoundType.java,net/minecraft/world/level/block/SpawnerBlock.java,net/minecraft/world/level/block/SpeleothemBlock.java,net/minecraft/world/level/block/SpongeBlock.java,net/minecraft/world/level/block/SporeBlossomBlock.java,net/minecraft/world/level/block/SpreadingSnowyBlock.java,net/minecraft/world/level/block/StainedGlassBlock.java,net/minecraft/world/level/block/StainedGlassPaneBlock.java,net/minecraft/world/level/block/StairBlock.java,net/minecraft/world/level/block/StandingSignBlock.java,net/minecraft/world/level/block/StemBlock.java,net/minecraft/world/level/block/StonecutterBlock.java,net/minecraft/world/level/block/StructureBlock.java,net/minecraft/world/level/block/StructureVoidBlock.java,net/minecraft/world/level/block/SugarCaneBlock.java,net/minecraft/world/level/block/SulfurSpikeBlock.java,net/minecraft/world/level/block/SupportType.java,net/minecraft/world/level/block/SuspiciousEffectHolder.java,net/minecraft/world/level/block/SweetBerryBushBlock.java,net/minecraft/world/level/block/TallDryGrassBlock.java,net/minecraft/world/level/block/TallFlowerBlock.java,net/minecraft/world/level/block/TallGrassBlock.java,net/minecraft/world/level/block/TallSeagrassBlock.java,net/minecraft/world/level/block/TargetBlock.java,net/minecraft/world/level/block/TestBlock.java,net/minecraft/world/level/block/TestInstanceBlock.java,net/minecraft/world/level/block/TintedGlassBlock.java,net/minecraft/world/level/block/TintedParticleLeavesBlock.java,net/minecraft/world/level/block/TntBlock.java,net/minecraft/world/level/block/TorchBlock.java,net/minecraft/world/level/block/TorchflowerCropBlock.java,net/minecraft/world/level/block/TransparentBlock.java,net/minecraft/world/level/block/TrapDoorBlock.java,net/minecraft/world/level/block/TrappedChestBlock.java,net/minecraft/world/level/block/TrialSpawnerBlock.java,net/minecraft/world/level/block/TripWireBlock.java,net/minecraft/world/level/block/TripWireHookBlock.java,net/minecraft/world/level/block/TurtleEggBlock.java,net/minecraft/world/level/block/TwistingVinesBlock.java,net/minecraft/world/level/block/TwistingVinesPlantBlock.java,net/minecraft/world/level/block/UntintedParticleLeavesBlock.java,net/minecraft/world/level/block/VaultBlock.java,net/minecraft/world/level/block/VegetationBlock.java,net/minecraft/world/level/block/VineBlock.java,net/minecraft/world/level/block/WallBannerBlock.java,net/minecraft/world/level/block/WallBlock.java,net/minecraft/world/level/block/WallHangingSignBlock.java,net/minecraft/world/level/block/WallSignBlock.java,net/minecraft/world/level/block/WallSkullBlock.java,net/minecraft/world/level/block/WallTorchBlock.java,net/minecraft/world/level/block/WaterloggedTransparentBlock.java,net/minecraft/world/level/block/WeatheringCopper.java,net/minecraft/world/level/block/WeatheringCopperBarsBlock.java,net/minecraft/world/level/block/WeatheringCopperBulbBlock.java,net/minecraft/world/level/block/WeatheringCopperChainBlock.java,net/minecraft/world/level/block/WeatheringCopperChestBlock.java,net/minecraft/world/level/block/WeatheringCopperCollection.java,net/minecraft/world/level/block/WeatheringCopperDoorBlock.java,net/minecraft/world/level/block/WeatheringCopperFullBlock.java,net/minecraft/world/level/block/WeatheringCopperGolemStatueBlock.java,net/minecraft/world/level/block/WeatheringCopperGrateBlock.java,net/minecraft/world/level/block/WeatheringCopperSlabBlock.java,net/minecraft/world/level/block/WeatheringCopperStairBlock.java,net/minecraft/world/level/block/WeatheringCopperTrapDoorBlock.java,net/minecraft/world/level/block/WeatheringLanternBlock.java,net/minecraft/world/level/block/WeatheringLightningRodBlock.java,net/minecraft/world/level/block/WebBlock.java,net/minecraft/world/level/block/WeepingVinesBlock.java,net/minecraft/world/level/block/WeepingVinesPlantBlock.java,net/minecraft/world/level/block/WeightedPressurePlateBlock.java,net/minecraft/world/level/block/WetSpongeBlock.java,net/minecraft/world/level/block/WitherRoseBlock.java,net/minecraft/world/level/block/WitherSkullBlock.java,net/minecraft/world/level/block/WitherWallSkullBlock.java,net/minecraft/world/level/block/WoolCarpetBlock.java,net/minecraft/world/level/block/package-info.java	minecraft	326	46253	rivet-world	3	27	yes	com.mojang.datafixers,com.mojang.serialization,net.minecraft,net.minecraft.advancements.triggers,net.minecraft.core,net.minecraft.core.cauldron,net.minecraft.core.component,net.minecraft.core.dispenser,net.minecraft.core.particles,net.minecraft.core.registries,net.minecraft.data,net.minecraft.data.worldgen.features,net.minecraft.data.worldgen.placement,net.minecraft.network.chat,net.minecraft.network.chat.contents,net.minecraft.network.codec,net.minecraft.references,net.minecraft.resources,net.minecraft.server.level,net.minecraft.sounds,net.minecraft.stats,net.minecraft.tags,net.minecraft.util,net.minecraft.util.valueproviders,net.minecraft.world,net.minecraft.world.attribute,net.minecraft.world.damagesource,net.minecraft.world.effect,net.minecraft.world.entity,net.minecraft.world.entity.ambient,net.minecraft.world.entity.animal.bee,net.minecraft.world.entity.animal.feline,net.minecraft.world.entity.animal.frog,net.minecraft.world.entity.animal.golem,net.minecraft.world.entity.animal.happyghast,net.minecraft.world.entity.animal.sniffer,net.minecraft.world.entity.animal.turtle,net.minecraft.world.entity.boss.wither,net.minecraft.world.entity.decoration,net.minecraft.world.entity.item,net.minecraft.world.entity.monster,net.minecraft.world.entity.monster.piglin,net.minecraft.world.entity.monster.zombie,net.minecraft.world.entity.npc.villager,net.minecraft.world.entity.player,net.minecraft.world.entity.projectile,net.minecraft.world.entity.projectile.arrow,net.minecraft.world.entity.projectile.hurtingprojectile,net.minecraft.world.entity.projectile.throwableitemprojectile,net.minecraft.world.entity.vehicle,net.minecraft.world.entity.vehicle.boat,net.minecraft.world.entity.vehicle.minecart,net.minecraft.world.flag,net.minecraft.world.inventory,net.minecraft.world.item,net.minecraft.world.item.component,net.minecraft.world.item.context,net.minecraft.world.item.crafting,net.minecraft.world.item.enchantment,net.minecraft.world.level,net.minecraft.world.level.biome,net.minecraft.world.level.block.entity,net.minecraft.world.level.block.entity.trialspawner,net.minecraft.world.level.block.entity.vault,net.minecraft.world.level.block.grower,net.minecraft.world.level.block.piston,net.minecraft.world.level.block.sounds,net.minecraft.world.level.block.state,net.minecraft.world.level.block.state.pattern,net.minecraft.world.level.block.state.predicate,net.minecraft.world.level.block.state.properties,net.minecraft.world.level.border,net.minecraft.world.level.chunk,net.minecraft.world.level.dimension,net.minecraft.world.level.gameevent,net.minecraft.world.level.gameevent.vibrations,net.minecraft.world.level.gamerules,net.minecraft.world.level.levelgen,net.minecraft.world.level.levelgen.feature,net.minecraft.world.level.levelgen.feature.configurations,net.minecraft.world.level.levelgen.placement,net.minecraft.world.level.levelgen.structure.templatesystem,net.minecraft.world.level.lighting,net.minecraft.world.level.material,net.minecraft.world.level.pathfinder,net.minecraft.world.level.portal,net.minecraft.world.level.redstone,net.minecraft.world.level.storage,net.minecraft.world.level.storage.loot,net.minecraft.world.level.storage.loot.parameters,net.minecraft.world.phys,net.minecraft.world.phys.shapes,net.minecraft.world.ticks	pending	0	
mc.world.level.block.entity	net.minecraft.world.level.block.entity	net/minecraft/world/level/block/entity/AbstractFurnaceBlockEntity.java,net/minecraft/world/level/block/entity/BannerBlockEntity.java,net/minecraft/world/level/block/entity/BannerPattern.java,net/minecraft/world/level/block/entity/BannerPatternLayers.java,net/minecraft/world/level/block/entity/BannerPatterns.java,net/minecraft/world/level/block/entity/BarrelBlockEntity.java,net/minecraft/world/level/block/entity/BaseContainerBlockEntity.java,net/minecraft/world/level/block/entity/BeaconBeamOwner.java,net/minecraft/world/level/block/entity/BeaconBlockEntity.java,net/minecraft/world/level/block/entity/BeehiveBlockEntity.java,net/minecraft/world/level/block/entity/BellBlockEntity.java,net/minecraft/world/level/block/entity/BlastFurnaceBlockEntity.java,net/minecraft/world/level/block/entity/BlockEntity.java,net/minecraft/world/level/block/entity/BlockEntityTicker.java,net/minecraft/world/level/block/entity/BlockEntityType.java,net/minecraft/world/level/block/entity/BlockEntityTypeIds.java,net/minecraft/world/level/block/entity/BlockEntityTypes.java,net/minecraft/world/level/block/entity/BoundingBoxRenderable.java,net/minecraft/world/level/block/entity/BrewingStandBlockEntity.java,net/minecraft/world/level/block/entity/BrushableBlockEntity.java,net/minecraft/world/level/block/entity/CalibratedSculkSensorBlockEntity.java,net/minecraft/world/level/block/entity/CampfireBlockEntity.java,net/minecraft/world/level/block/entity/ChestBlockEntity.java,net/minecraft/world/level/block/entity/ChestLidController.java,net/minecraft/world/level/block/entity/ChiseledBookShelfBlockEntity.java,net/minecraft/world/level/block/entity/CommandBlockEntity.java,net/minecraft/world/level/block/entity/ComparatorBlockEntity.java,net/minecraft/world/level/block/entity/ConduitBlockEntity.java,net/minecraft/world/level/block/entity/ContainerOpenersCounter.java,net/minecraft/world/level/block/entity/CopperGolemStatueBlockEntity.java,net/minecraft/world/level/block/entity/CrafterBlockEntity.java,net/minecraft/world/level/block/entity/CreakingHeartBlockEntity.java,net/minecraft/world/level/block/entity/DaylightDetectorBlockEntity.java,net/minecraft/world/level/block/entity/DecoratedPotBlockEntity.java,net/minecraft/world/level/block/entity/DecoratedPotPattern.java,net/minecraft/world/level/block/entity/DecoratedPotPatterns.java,net/minecraft/world/level/block/entity/DispenserBlockEntity.java,net/minecraft/world/level/block/entity/DropperBlockEntity.java,net/minecraft/world/level/block/entity/EnchantingTableBlockEntity.java,net/minecraft/world/level/block/entity/EnderChestBlockEntity.java,net/minecraft/world/level/block/entity/FuelValues.java,net/minecraft/world/level/block/entity/FurnaceBlockEntity.java,net/minecraft/world/level/block/entity/HangingSignBlockEntity.java,net/minecraft/world/level/block/entity/Hopper.java,net/minecraft/world/level/block/entity/HopperBlockEntity.java,net/minecraft/world/level/block/entity/JigsawBlockEntity.java,net/minecraft/world/level/block/entity/JukeboxBlockEntity.java,net/minecraft/world/level/block/entity/LecternBlockEntity.java,net/minecraft/world/level/block/entity/LidBlockEntity.java,net/minecraft/world/level/block/entity/ListBackedContainer.java,net/minecraft/world/level/block/entity/PotDecorations.java,net/minecraft/world/level/block/entity/PotentSulfurBlockEntity.java,net/minecraft/world/level/block/entity/RandomizableContainerBlockEntity.java,net/minecraft/world/level/block/entity/SculkCatalystBlockEntity.java,net/minecraft/world/level/block/entity/SculkSensorBlockEntity.java,net/minecraft/world/level/block/entity/SculkShriekerBlockEntity.java,net/minecraft/world/level/block/entity/ShelfBlockEntity.java,net/minecraft/world/level/block/entity/ShulkerBoxBlockEntity.java,net/minecraft/world/level/block/entity/SignBlockEntity.java,net/minecraft/world/level/block/entity/SignText.java,net/minecraft/world/level/block/entity/SkullBlockEntity.java,net/minecraft/world/level/block/entity/SmokerBlockEntity.java,net/minecraft/world/level/block/entity/SpawnerBlockEntity.java,net/minecraft/world/level/block/entity/StructureBlockEntity.java,net/minecraft/world/level/block/entity/TestBlockEntity.java,net/minecraft/world/level/block/entity/TestInstanceBlockEntity.java,net/minecraft/world/level/block/entity/TheEndGatewayBlockEntity.java,net/minecraft/world/level/block/entity/TheEndPortalBlockEntity.java,net/minecraft/world/level/block/entity/TickingBlockEntity.java,net/minecraft/world/level/block/entity/TrappedChestBlockEntity.java,net/minecraft/world/level/block/entity/TrialSpawnerBlockEntity.java,net/minecraft/world/level/block/entity/package-info.java	minecraft	72	12522	rivet-world	3	27	yes	com.mojang.brigadier.exceptions,com.mojang.datafixers.util,com.mojang.serialization,net.minecraft,net.minecraft.advancements.triggers,net.minecraft.commands,net.minecraft.core,net.minecraft.core.component,net.minecraft.core.particles,net.minecraft.core.registries,net.minecraft.data.worldgen,net.minecraft.data.worldgen.features,net.minecraft.gametest.framework,net.minecraft.nbt,net.minecraft.network,net.minecraft.network.chat,net.minecraft.network.codec,net.minecraft.network.protocol,net.minecraft.network.protocol.game,net.minecraft.references,net.minecraft.resources,net.minecraft.server.level,net.minecraft.server.network,net.minecraft.server.permissions,net.minecraft.sounds,net.minecraft.tags,net.minecraft.util,net.minecraft.util.datafix.fixes,net.minecraft.util.debug,net.minecraft.world,net.minecraft.world.attribute,net.minecraft.world.damagesource,net.minecraft.world.effect,net.minecraft.world.entity,net.minecraft.world.entity.ai.memory,net.minecraft.world.entity.animal.bee,net.minecraft.world.entity.animal.golem,net.minecraft.world.entity.item,net.minecraft.world.entity.monster,net.minecraft.world.entity.monster.creaking,net.minecraft.world.entity.monster.warden,net.minecraft.world.entity.player,net.minecraft.world.entity.projectile,net.minecraft.world.flag,net.minecraft.world.inventory,net.minecraft.world.item,net.minecraft.world.item.alchemy,net.minecraft.world.item.component,net.minecraft.world.item.crafting,net.minecraft.world.level,net.minecraft.world.level.block,net.minecraft.world.level.block.entity.trialspawner,net.minecraft.world.level.block.entity.vault,net.minecraft.world.level.block.piston,net.minecraft.world.level.block.state,net.minecraft.world.level.block.state.properties,net.minecraft.world.level.chunk,net.minecraft.world.level.gameevent,net.minecraft.world.level.gameevent.vibrations,net.minecraft.world.level.gamerules,net.minecraft.world.level.levelgen,net.minecraft.world.level.levelgen.feature,net.minecraft.world.level.levelgen.feature.configurations,net.minecraft.world.level.levelgen.structure,net.minecraft.world.level.levelgen.structure.pools,net.minecraft.world.level.levelgen.structure.templatesystem,net.minecraft.world.level.levelgen.structure.templatesystem.loader,net.minecraft.world.level.material,net.minecraft.world.level.redstone,net.minecraft.world.level.storage,net.minecraft.world.level.storage.loot,net.minecraft.world.level.storage.loot.parameters,net.minecraft.world.phys,net.minecraft.world.phys.shapes,net.minecraft.world.ticks	pending	0	
mc.world.level.block.entity.trialspawner	net.minecraft.world.level.block.entity.trialspawner	net/minecraft/world/level/block/entity/trialspawner/PlayerDetector.java,net/minecraft/world/level/block/entity/trialspawner/TrialSpawner.java,net/minecraft/world/level/block/entity/trialspawner/TrialSpawnerConfig.java,net/minecraft/world/level/block/entity/trialspawner/TrialSpawnerConfigs.java,net/minecraft/world/level/block/entity/trialspawner/TrialSpawnerState.java,net/minecraft/world/level/block/entity/trialspawner/TrialSpawnerStateData.java,net/minecraft/world/level/block/entity/trialspawner/package-info.java	minecraft	7	1682	rivet-world	3	27	yes	com.mojang.datafixers.util,com.mojang.serialization,net.minecraft.core,net.minecraft.core.dispenser,net.minecraft.core.particles,net.minecraft.core.registries,net.minecraft.data.worldgen,net.minecraft.nbt,net.minecraft.resources,net.minecraft.server.level,net.minecraft.sounds,net.minecraft.util,net.minecraft.util.random,net.minecraft.world,net.minecraft.world.effect,net.minecraft.world.entity,net.minecraft.world.entity.player,net.minecraft.world.item,net.minecraft.world.level,net.minecraft.world.level.block,net.minecraft.world.level.entity,net.minecraft.world.level.gameevent,net.minecraft.world.level.gamerules,net.minecraft.world.level.storage,net.minecraft.world.level.storage.loot,net.minecraft.world.level.storage.loot.parameters,net.minecraft.world.phys,net.minecraft.world.phys.shapes	pending	0	
mc.world.level.block.entity.vault	net.minecraft.world.level.block.entity.vault	net/minecraft/world/level/block/entity/vault/VaultBlockEntity.java,net/minecraft/world/level/block/entity/vault/VaultClientData.java,net/minecraft/world/level/block/entity/vault/VaultConfig.java,net/minecraft/world/level/block/entity/vault/VaultServerData.java,net/minecraft/world/level/block/entity/vault/VaultSharedData.java,net/minecraft/world/level/block/entity/vault/VaultState.java,net/minecraft/world/level/block/entity/vault/package-info.java	minecraft	7	920	rivet-world	3	27	yes	com.mojang.serialization,net.minecraft,net.minecraft.core,net.minecraft.core.dispenser,net.minecraft.core.particles,net.minecraft.nbt,net.minecraft.network.protocol,net.minecraft.network.protocol.game,net.minecraft.resources,net.minecraft.server.level,net.minecraft.sounds,net.minecraft.stats,net.minecraft.util,net.minecraft.world.entity.player,net.minecraft.world.item,net.minecraft.world.level,net.minecraft.world.level.block,net.minecraft.world.level.block.entity,net.minecraft.world.level.block.entity.trialspawner,net.minecraft.world.level.block.state,net.minecraft.world.level.storage,net.minecraft.world.level.storage.loot,net.minecraft.world.level.storage.loot.parameters,net.minecraft.world.phys	pending	0	
mc.world.level.block.grower	net.minecraft.world.level.block.grower	net/minecraft/world/level/block/grower/TreeGrower.java,net/minecraft/world/level/block/grower/package-info.java	minecraft	2	273	rivet-world	3	27	yes	com.mojang.serialization,net.minecraft.core,net.minecraft.core.registries,net.minecraft.data.worldgen.features,net.minecraft.resources,net.minecraft.server.level,net.minecraft.tags,net.minecraft.util,net.minecraft.world.level,net.minecraft.world.level.block,net.minecraft.world.level.block.state,net.minecraft.world.level.chunk,net.minecraft.world.level.levelgen.feature,net.minecraft.world.level.levelgen.feature.configurations	pending	0	
mc.world.level.block.piston	net.minecraft.world.level.block.piston	net/minecraft/world/level/block/piston/MovingPistonBlock.java,net/minecraft/world/level/block/piston/PistonBaseBlock.java,net/minecraft/world/level/block/piston/PistonHeadBlock.java,net/minecraft/world/level/block/piston/PistonMath.java,net/minecraft/world/level/block/piston/PistonMovingBlockEntity.java,net/minecraft/world/level/block/piston/PistonStructureResolver.java,net/minecraft/world/level/block/piston/package-info.java	minecraft	7	1426	rivet-world	3	27	yes	com.mojang.serialization,net.minecraft.core,net.minecraft.core.registries,net.minecraft.nbt,net.minecraft.server.level,net.minecraft.sounds,net.minecraft.tags,net.minecraft.util,net.minecraft.world,net.minecraft.world.entity,net.minecraft.world.entity.player,net.minecraft.world.item,net.minecraft.world.item.context,net.minecraft.world.level,net.minecraft.world.level.block,net.minecraft.world.level.block.entity,net.minecraft.world.level.block.state,net.minecraft.world.level.block.state.properties,net.minecraft.world.level.gameevent,net.minecraft.world.level.material,net.minecraft.world.level.pathfinder,net.minecraft.world.level.redstone,net.minecraft.world.level.storage,net.minecraft.world.level.storage.loot,net.minecraft.world.level.storage.loot.parameters,net.minecraft.world.phys,net.minecraft.world.phys.shapes	pending	0	
mc.world.level.block.sounds	net.minecraft.world.level.block.sounds	net/minecraft/world/level/block/sounds/AmbientDesertBlockSoundsPlayer.java,net/minecraft/world/level/block/sounds/package-info.java	minecraft	2	110	rivet-world	3	27	yes	net.minecraft.core,net.minecraft.sounds,net.minecraft.tags,net.minecraft.util,net.minecraft.world.level,net.minecraft.world.level.block,net.minecraft.world.level.block.state,net.minecraft.world.level.levelgen	pending	0	
mc.world.level.block.state	net.minecraft.world.level.block.state	net/minecraft/world/level/block/state/BlockBehaviour.java,net/minecraft/world/level/block/state/BlockState.java,net/minecraft/world/level/block/state/StateDefinition.java,net/minecraft/world/level/block/state/StateHolder.java,net/minecraft/world/level/block/state/package-info.java	minecraft	5	1976	rivet-world	3	27	yes	com.mojang.datafixers.util,com.mojang.serialization,net.minecraft.core,net.minecraft.core.registries,net.minecraft.resources,net.minecraft.server.level,net.minecraft.tags,net.minecraft.util,net.minecraft.world,net.minecraft.world.entity,net.minecraft.world.entity.player,net.minecraft.world.entity.projectile,net.minecraft.world.flag,net.minecraft.world.item,net.minecraft.world.item.context,net.minecraft.world.level,net.minecraft.world.level.block,net.minecraft.world.level.block.entity,net.minecraft.world.level.block.state.properties,net.minecraft.world.level.material,net.minecraft.world.level.pathfinder,net.minecraft.world.level.redstone,net.minecraft.world.level.storage.loot,net.minecraft.world.level.storage.loot.parameters,net.minecraft.world.phys,net.minecraft.world.phys.shapes	pending	0	
mc.world.level.block.state.pattern	net.minecraft.world.level.block.state.pattern	net/minecraft/world/level/block/state/pattern/BlockInWorld.java,net/minecraft/world/level/block/state/pattern/BlockPattern.java,net/minecraft/world/level/block/state/pattern/BlockPatternBuilder.java,net/minecraft/world/level/block/state/pattern/package-info.java	minecraft	4	339	rivet-world	3	27	yes	net.minecraft.core,net.minecraft.world.level,net.minecraft.world.level.block.entity,net.minecraft.world.level.block.state	pending	0	
mc.world.level.block.state.predicate	net.minecraft.world.level.block.state.predicate	net/minecraft/world/level/block/state/predicate/BlockPredicate.java,net/minecraft/world/level/block/state/predicate/BlockStatePredicate.java,net/minecraft/world/level/block/state/predicate/package-info.java	minecraft	3	85	rivet-world	3	27	yes	net.minecraft.world.level.block,net.minecraft.world.level.block.state,net.minecraft.world.level.block.state.properties	pending	0	
mc.world.level.block.state.properties	net.minecraft.world.level.block.state.properties	net/minecraft/world/level/block/state/properties/AttachFace.java,net/minecraft/world/level/block/state/properties/BambooLeaves.java,net/minecraft/world/level/block/state/properties/BedPart.java,net/minecraft/world/level/block/state/properties/BellAttachType.java,net/minecraft/world/level/block/state/properties/BlockSetType.java,net/minecraft/world/level/block/state/properties/BlockStateProperties.java,net/minecraft/world/level/block/state/properties/BooleanProperty.java,net/minecraft/world/level/block/state/properties/ChestType.java,net/minecraft/world/level/block/state/properties/ComparatorMode.java,net/minecraft/world/level/block/state/properties/CreakingHeartState.java,net/minecraft/world/level/block/state/properties/DoorHingeSide.java,net/minecraft/world/level/block/state/properties/DoubleBlockHalf.java,net/minecraft/world/level/block/state/properties/EnumProperty.java,net/minecraft/world/level/block/state/properties/Half.java,net/minecraft/world/level/block/state/properties/IntegerProperty.java,net/minecraft/world/level/block/state/properties/NoteBlockInstrument.java,net/minecraft/world/level/block/state/properties/PistonType.java,net/minecraft/world/level/block/state/properties/PotentSulfurState.java,net/minecraft/world/level/block/state/properties/Property.java,net/minecraft/world/level/block/state/properties/RailShape.java,net/minecraft/world/level/block/state/properties/RedstoneSide.java,net/minecraft/world/level/block/state/properties/RotationSegment.java,net/minecraft/world/level/block/state/properties/SculkSensorPhase.java,net/minecraft/world/level/block/state/properties/SideChainPart.java,net/minecraft/world/level/block/state/properties/SlabType.java,net/minecraft/world/level/block/state/properties/SpeleothemThickness.java,net/minecraft/world/level/block/state/properties/StairsShape.java,net/minecraft/world/level/block/state/properties/StructureMode.java,net/minecraft/world/level/block/state/properties/TestBlockMode.java,net/minecraft/world/level/block/state/properties/Tilt.java,net/minecraft/world/level/block/state/properties/WallSide.java,net/minecraft/world/level/block/state/properties/WoodType.java,net/minecraft/world/level/block/state/properties/package-info.java	minecraft	33	1651	rivet-world	3	27	yes	com.mojang.serialization,net.minecraft.core,net.minecraft.network.chat,net.minecraft.network.codec,net.minecraft.sounds,net.minecraft.util,net.minecraft.world.level.block,net.minecraft.world.level.block.entity.trialspawner,net.minecraft.world.level.block.entity.vault,net.minecraft.world.level.block.state	pending	0	
mc.world.level.border	net.minecraft.world.level.border	net/minecraft/world/level/border/BorderChangeListener.java,net/minecraft/world/level/border/BorderStatus.java,net/minecraft/world/level/border/WorldBorder.java,net/minecraft/world/level/border/package-info.java	minecraft	4	711	rivet-world	3	27	yes	com.mojang.serialization,net.minecraft.core,net.minecraft.resources,net.minecraft.util,net.minecraft.util.datafix,net.minecraft.world.entity,net.minecraft.world.level,net.minecraft.world.level.saveddata,net.minecraft.world.phys,net.minecraft.world.phys.shapes	pending	0	
mc.world.level.chunk	net.minecraft.world.level.chunk	net/minecraft/world/level/chunk/BlockColumn.java,net/minecraft/world/level/chunk/BulkSectionAccess.java,net/minecraft/world/level/chunk/CarvingMask.java,net/minecraft/world/level/chunk/ChunkAccess.java,net/minecraft/world/level/chunk/ChunkGenerator.java,net/minecraft/world/level/chunk/ChunkGeneratorStructureState.java,net/minecraft/world/level/chunk/ChunkGenerators.java,net/minecraft/world/level/chunk/ChunkSource.java,net/minecraft/world/level/chunk/Configuration.java,net/minecraft/world/level/chunk/DataLayer.java,net/minecraft/world/level/chunk/EmptyLevelChunk.java,net/minecraft/world/level/chunk/GlobalPalette.java,net/minecraft/world/level/chunk/HashMapPalette.java,net/minecraft/world/level/chunk/ImposterProtoChunk.java,net/minecraft/world/level/chunk/LevelChunk.java,net/minecraft/world/level/chunk/LevelChunkSection.java,net/minecraft/world/level/chunk/LightChunk.java,net/minecraft/world/level/chunk/LightChunkGetter.java,net/minecraft/world/level/chunk/LinearPalette.java,net/minecraft/world/level/chunk/MissingPaletteEntryException.java,net/minecraft/world/level/chunk/Palette.java,net/minecraft/world/level/chunk/PaletteResize.java,net/minecraft/world/level/chunk/PalettedContainer.java,net/minecraft/world/level/chunk/PalettedContainerFactory.java,net/minecraft/world/level/chunk/PalettedContainerRO.java,net/minecraft/world/level/chunk/ProtoChunk.java,net/minecraft/world/level/chunk/SingleValuePalette.java,net/minecraft/world/level/chunk/Strategy.java,net/minecraft/world/level/chunk/StructureAccess.java,net/minecraft/world/level/chunk/UpgradeData.java,net/minecraft/world/level/chunk/package-info.java	minecraft	31	5944	rivet-world	3	27	yes	com.mojang.datafixers.util,com.mojang.serialization,net.minecraft,net.minecraft.core,net.minecraft.core.registries,net.minecraft.nbt,net.minecraft.network,net.minecraft.network.protocol.game,net.minecraft.resources,net.minecraft.server.level,net.minecraft.util,net.minecraft.util.debug,net.minecraft.util.profiling,net.minecraft.util.random,net.minecraft.world.entity,net.minecraft.world.level,net.minecraft.world.level.biome,net.minecraft.world.level.block,net.minecraft.world.level.block.entity,net.minecraft.world.level.block.state,net.minecraft.world.level.block.state.properties,net.minecraft.world.level.chunk.status,net.minecraft.world.level.gameevent,net.minecraft.world.level.levelgen,net.minecraft.world.level.levelgen.blending,net.minecraft.world.level.levelgen.feature,net.minecraft.world.level.levelgen.placement,net.minecraft.world.level.levelgen.structure,net.minecraft.world.level.levelgen.structure.placement,net.minecraft.world.level.levelgen.structure.templatesystem,net.minecraft.world.level.lighting,net.minecraft.world.level.material,net.minecraft.world.level.storage,net.minecraft.world.ticks	pending	0	
mc.world.level.chunk.status	net.minecraft.world.level.chunk.status	net/minecraft/world/level/chunk/status/ChunkDependencies.java,net/minecraft/world/level/chunk/status/ChunkPyramid.java,net/minecraft/world/level/chunk/status/ChunkStatus.java,net/minecraft/world/level/chunk/status/ChunkStatusTask.java,net/minecraft/world/level/chunk/status/ChunkStatusTasks.java,net/minecraft/world/level/chunk/status/ChunkStep.java,net/minecraft/world/level/chunk/status/ChunkType.java,net/minecraft/world/level/chunk/status/WorldGenContext.java,net/minecraft/world/level/chunk/status/package-info.java	minecraft	9	847	rivet-world	3	27	yes	com.mojang.serialization,net.minecraft,net.minecraft.core,net.minecraft.core.registries,net.minecraft.resources,net.minecraft.server.level,net.minecraft.util,net.minecraft.util.profiling.jfr,net.minecraft.util.profiling.jfr.callback,net.minecraft.world.entity,net.minecraft.world.level,net.minecraft.world.level.chunk,net.minecraft.world.level.levelgen,net.minecraft.world.level.levelgen.blending,net.minecraft.world.level.levelgen.structure.templatesystem,net.minecraft.world.level.storage	pending	0	
mc.world.level.chunk.storage	net.minecraft.world.level.chunk.storage	net/minecraft/world/level/chunk/storage/ChunkIOErrorReporter.java,net/minecraft/world/level/chunk/storage/ChunkScanAccess.java,net/minecraft/world/level/chunk/storage/EntityStorage.java,net/minecraft/world/level/chunk/storage/IOWorker.java,net/minecraft/world/level/chunk/storage/RecreatingSimpleRegionStorage.java,net/minecraft/world/level/chunk/storage/RegionBitmap.java,net/minecraft/world/level/chunk/storage/RegionFile.java,net/minecraft/world/level/chunk/storage/RegionFileStorage.java,net/minecraft/world/level/chunk/storage/RegionFileVersion.java,net/minecraft/world/level/chunk/storage/RegionStorageInfo.java,net/minecraft/world/level/chunk/storage/SectionStorage.java,net/minecraft/world/level/chunk/storage/SerializableChunkData.java,net/minecraft/world/level/chunk/storage/SimpleRegionStorage.java,net/minecraft/world/level/chunk/storage/package-info.java	minecraft	14	3535	rivet-world	3	27	yes	com.mojang.datafixers,com.mojang.serialization,net.minecraft,net.minecraft.core,net.minecraft.core.registries,net.minecraft.nbt,net.minecraft.nbt.visitors,net.minecraft.resources,net.minecraft.server.level,net.minecraft.util,net.minecraft.util.datafix,net.minecraft.util.profiling.jfr,net.minecraft.util.thread,net.minecraft.world.entity,net.minecraft.world.entity.ai.village.poi,net.minecraft.world.level,net.minecraft.world.level.biome,net.minecraft.world.level.block,net.minecraft.world.level.block.entity,net.minecraft.world.level.block.state,net.minecraft.world.level.chunk,net.minecraft.world.level.chunk.status,net.minecraft.world.level.entity,net.minecraft.world.level.levelgen,net.minecraft.world.level.levelgen.blending,net.minecraft.world.level.levelgen.structure,net.minecraft.world.level.levelgen.structure.pieces,net.minecraft.world.level.lighting,net.minecraft.world.level.material,net.minecraft.world.level.storage,net.minecraft.world.ticks	pending	0	
mc.world.level.dimension	net.minecraft.world.level.dimension	net/minecraft/world/level/dimension/BuiltinDimensionTypes.java,net/minecraft/world/level/dimension/DimensionDefaults.java,net/minecraft/world/level/dimension/DimensionType.java,net/minecraft/world/level/dimension/LevelStem.java,net/minecraft/world/level/dimension/package-info.java	minecraft	5	220	rivet-world	3	27	yes	com.mojang.serialization,net.minecraft.core,net.minecraft.core.registries,net.minecraft.network,net.minecraft.network.codec,net.minecraft.resources,net.minecraft.util,net.minecraft.util.valueproviders,net.minecraft.world.attribute,net.minecraft.world.clock,net.minecraft.world.level,net.minecraft.world.level.block,net.minecraft.world.level.chunk,net.minecraft.world.timeline	pending	0	
mc.world.level.dimension.end	net.minecraft.world.level.dimension.end	net/minecraft/world/level/dimension/end/DragonRespawnStage.java,net/minecraft/world/level/dimension/end/EnderDragonFight.java,net/minecraft/world/level/dimension/end/package-info.java	minecraft	3	776	rivet-world	3	27	yes	com.mojang.serialization,net.minecraft.advancements.triggers,net.minecraft.core,net.minecraft.core.registries,net.minecraft.data.worldgen.features,net.minecraft.network.chat,net.minecraft.resources,net.minecraft.server.level,net.minecraft.util,net.minecraft.util.datafix,net.minecraft.world,net.minecraft.world.damagesource,net.minecraft.world.entity,net.minecraft.world.entity.boss.enderdragon,net.minecraft.world.entity.boss.enderdragon.phases,net.minecraft.world.level,net.minecraft.world.level.block,net.minecraft.world.level.block.entity,net.minecraft.world.level.block.state.pattern,net.minecraft.world.level.block.state.predicate,net.minecraft.world.level.chunk,net.minecraft.world.level.chunk.status,net.minecraft.world.level.levelgen,net.minecraft.world.level.levelgen.feature,net.minecraft.world.level.levelgen.feature.configurations,net.minecraft.world.level.saveddata,net.minecraft.world.phys	pending	0	
mc.world.level.entity	net.minecraft.world.level.entity	net/minecraft/world/level/entity/ChunkEntities.java,net/minecraft/world/level/entity/ChunkStatusUpdateListener.java,net/minecraft/world/level/entity/EntityAccess.java,net/minecraft/world/level/entity/EntityInLevelCallback.java,net/minecraft/world/level/entity/EntityLookup.java,net/minecraft/world/level/entity/EntityPersistentStorage.java,net/minecraft/world/level/entity/EntitySection.java,net/minecraft/world/level/entity/EntitySectionStorage.java,net/minecraft/world/level/entity/EntityTickList.java,net/minecraft/world/level/entity/EntityTypeTest.java,net/minecraft/world/level/entity/LevelCallback.java,net/minecraft/world/level/entity/LevelEntityGetter.java,net/minecraft/world/level/entity/LevelEntityGetterAdapter.java,net/minecraft/world/level/entity/PersistentEntitySectionManager.java,net/minecraft/world/level/entity/TransientEntitySectionManager.java,net/minecraft/world/level/entity/UUIDLookup.java,net/minecraft/world/level/entity/UniquelyIdentifyable.java,net/minecraft/world/level/entity/Visibility.java,net/minecraft/world/level/entity/package-info.java	minecraft	19	1282	rivet-world	3	27	yes	net.minecraft.core,net.minecraft.server.level,net.minecraft.util,net.minecraft.world.entity,net.minecraft.world.level,net.minecraft.world.phys	pending	0	
mc.world.level.gameevent	net.minecraft.world.level.gameevent	net/minecraft/world/level/gameevent/BlockPositionSource.java,net/minecraft/world/level/gameevent/DynamicGameEventListener.java,net/minecraft/world/level/gameevent/EntityPositionSource.java,net/minecraft/world/level/gameevent/EuclideanGameEventListenerRegistry.java,net/minecraft/world/level/gameevent/GameEvent.java,net/minecraft/world/level/gameevent/GameEventDispatcher.java,net/minecraft/world/level/gameevent/GameEventListener.java,net/minecraft/world/level/gameevent/GameEventListenerRegistry.java,net/minecraft/world/level/gameevent/PositionSource.java,net/minecraft/world/level/gameevent/PositionSourceType.java,net/minecraft/world/level/gameevent/package-info.java	minecraft	11	658	rivet-world	3	27	yes	com.mojang.datafixers.util,com.mojang.serialization,net.minecraft.core,net.minecraft.core.registries,net.minecraft.network,net.minecraft.network.codec,net.minecraft.resources,net.minecraft.server.level,net.minecraft.util.debug,net.minecraft.world.entity,net.minecraft.world.level,net.minecraft.world.level.block.state,net.minecraft.world.level.chunk,net.minecraft.world.level.chunk.status,net.minecraft.world.phys	pending	0	
mc.world.level.gameevent.vibrations	net.minecraft.world.level.gameevent.vibrations	net/minecraft/world/level/gameevent/vibrations/VibrationInfo.java,net/minecraft/world/level/gameevent/vibrations/VibrationSelector.java,net/minecraft/world/level/gameevent/vibrations/VibrationSystem.java,net/minecraft/world/level/gameevent/vibrations/package-info.java	minecraft	4	575	rivet-world	3	27	yes	com.mojang.serialization,net.minecraft.advancements.triggers,net.minecraft.core,net.minecraft.core.particles,net.minecraft.resources,net.minecraft.server.level,net.minecraft.tags,net.minecraft.util,net.minecraft.world.entity,net.minecraft.world.entity.projectile,net.minecraft.world.level,net.minecraft.world.level.gameevent,net.minecraft.world.phys	pending	0	
mc.world.level.gamerules	net.minecraft.world.level.gamerules	net/minecraft/world/level/gamerules/GameRule.java,net/minecraft/world/level/gamerules/GameRuleCategory.java,net/minecraft/world/level/gamerules/GameRuleMap.java,net/minecraft/world/level/gamerules/GameRuleType.java,net/minecraft/world/level/gamerules/GameRuleTypeVisitor.java,net/minecraft/world/level/gamerules/GameRules.java,net/minecraft/world/level/gamerules/package-info.java	minecraft	7	584	rivet-world	3	27	yes	com.mojang.brigadier,com.mojang.brigadier.exceptions,com.mojang.serialization,net.minecraft,net.minecraft.core,net.minecraft.core.registries,net.minecraft.network.chat,net.minecraft.resources,net.minecraft.server,net.minecraft.util,net.minecraft.util.datafix,net.minecraft.world.flag,net.minecraft.world.level.saveddata	pending	0	
mc.world.level.levelgen	net.minecraft.world.level.levelgen	net/minecraft/world/level/levelgen/Aquifer.java,net/minecraft/world/level/levelgen/Beardifier.java,net/minecraft/world/level/levelgen/BelowZeroRetrogen.java,net/minecraft/world/level/levelgen/BitRandomSource.java,net/minecraft/world/level/levelgen/Column.java,net/minecraft/world/level/levelgen/DebugLevelSource.java,net/minecraft/world/level/levelgen/Density.java,net/minecraft/world/level/levelgen/DensityFunction.java,net/minecraft/world/level/levelgen/DensityFunctions.java,net/minecraft/world/level/levelgen/FlatLevelSource.java,net/minecraft/world/level/levelgen/GenerationStep.java,net/minecraft/world/level/levelgen/GeodeBlockSettings.java,net/minecraft/world/level/levelgen/GeodeCrackSettings.java,net/minecraft/world/level/levelgen/GeodeLayerSettings.java,net/minecraft/world/level/levelgen/Heightmap.java,net/minecraft/world/level/levelgen/LegacyRandomSource.java,net/minecraft/world/level/levelgen/MarsagliaPolarGaussian.java,net/minecraft/world/level/levelgen/NoiseBasedChunkGenerator.java,net/minecraft/world/level/levelgen/NoiseChunk.java,net/minecraft/world/level/levelgen/NoiseGeneratorSettings.java,net/minecraft/world/level/levelgen/NoiseRouter.java,net/minecraft/world/level/levelgen/NoiseRouterData.java,net/minecraft/world/level/levelgen/NoiseSettings.java,net/minecraft/world/level/levelgen/Noises.java,net/minecraft/world/level/levelgen/OreVeinifier.java,net/minecraft/world/level/levelgen/PatrolSpawner.java,net/minecraft/world/level/levelgen/PhantomSpawner.java,net/minecraft/world/level/levelgen/PositionalRandomFactory.java,net/minecraft/world/level/levelgen/RandomState.java,net/minecraft/world/level/levelgen/RandomSupport.java,net/minecraft/world/level/levelgen/SingleThreadedRandomSource.java,net/minecraft/world/level/levelgen/SurfaceRules.java,net/minecraft/world/level/levelgen/SurfaceSystem.java,net/minecraft/world/level/levelgen/ThreadSafeLegacyRandomSource.java,net/minecraft/world/level/levelgen/VerticalAnchor.java,net/minecraft/world/level/levelgen/WorldDimensions.java,net/minecraft/world/level/levelgen/WorldGenSettings.java,net/minecraft/world/level/levelgen/WorldGenerationContext.java,net/minecraft/world/level/levelgen/WorldOptions.java,net/minecraft/world/level/levelgen/WorldgenRandom.java,net/minecraft/world/level/levelgen/Xoroshiro128PlusPlus.java,net/minecraft/world/level/levelgen/XoroshiroRandomSource.java,net/minecraft/world/level/levelgen/package-info.java	minecraft	43	8391	rivet-world	3	27	yes	com.mojang.datafixers.util,com.mojang.serialization,net.minecraft,net.minecraft.core,net.minecraft.core.registries,net.minecraft.data.worldgen,net.minecraft.network.codec,net.minecraft.resources,net.minecraft.server.level,net.minecraft.stats,net.minecraft.util,net.minecraft.util.datafix,net.minecraft.world,net.minecraft.world.attribute,net.minecraft.world.entity,net.minecraft.world.entity.monster,net.minecraft.world.entity.player,net.minecraft.world.level,net.minecraft.world.level.biome,net.minecraft.world.level.block,net.minecraft.world.level.block.state,net.minecraft.world.level.chunk,net.minecraft.world.level.chunk.status,net.minecraft.world.level.dimension,net.minecraft.world.level.gamerules,net.minecraft.world.level.levelgen.blending,net.minecraft.world.level.levelgen.carver,net.minecraft.world.level.levelgen.feature.configurations,net.minecraft.world.level.levelgen.feature.stateproviders,net.minecraft.world.level.levelgen.flat,net.minecraft.world.level.levelgen.material,net.minecraft.world.level.levelgen.placement,net.minecraft.world.level.levelgen.structure,net.minecraft.world.level.levelgen.structure.pools,net.minecraft.world.level.levelgen.synth,net.minecraft.world.level.material,net.minecraft.world.level.saveddata,net.minecraft.world.level.storage	pending	0	
mc.world.level.levelgen.blending	net.minecraft.world.level.levelgen.blending	net/minecraft/world/level/levelgen/blending/Blender.java,net/minecraft/world/level/levelgen/blending/BlendingData.java,net/minecraft/world/level/levelgen/blending/package-info.java	minecraft	3	825	rivet-world	3	27	yes	com.mojang.serialization,net.minecraft,net.minecraft.core,net.minecraft.data.worldgen,net.minecraft.server.level,net.minecraft.tags,net.minecraft.util,net.minecraft.world.level,net.minecraft.world.level.biome,net.minecraft.world.level.block,net.minecraft.world.level.block.state,net.minecraft.world.level.chunk,net.minecraft.world.level.chunk.status,net.minecraft.world.level.levelgen,net.minecraft.world.level.levelgen.synth,net.minecraft.world.level.material	pending	0	
mc.world.level.levelgen.blockpredicates	net.minecraft.world.level.levelgen.blockpredicates	net/minecraft/world/level/levelgen/blockpredicates/AllOfPredicate.java,net/minecraft/world/level/levelgen/blockpredicates/AnyOfPredicate.java,net/minecraft/world/level/levelgen/blockpredicates/BlockPredicate.java,net/minecraft/world/level/levelgen/blockpredicates/BlockPredicateType.java,net/minecraft/world/level/levelgen/blockpredicates/CombiningPredicate.java,net/minecraft/world/level/levelgen/blockpredicates/HasSturdyFacePredicate.java,net/minecraft/world/level/levelgen/blockpredicates/InsideWorldBoundsPredicate.java,net/minecraft/world/level/levelgen/blockpredicates/MatchingBiomesPredicate.java,net/minecraft/world/level/levelgen/blockpredicates/MatchingBlockTagPredicate.java,net/minecraft/world/level/levelgen/blockpredicates/MatchingBlocksPredicate.java,net/minecraft/world/level/levelgen/blockpredicates/MatchingFluidsPredicate.java,net/minecraft/world/level/levelgen/blockpredicates/NotPredicate.java,net/minecraft/world/level/levelgen/blockpredicates/ReplaceablePredicate.java,net/minecraft/world/level/levelgen/blockpredicates/SolidPredicate.java,net/minecraft/world/level/levelgen/blockpredicates/StateTestingPredicate.java,net/minecraft/world/level/levelgen/blockpredicates/TrueBlockPredicate.java,net/minecraft/world/level/levelgen/blockpredicates/UnobstructedPredicate.java,net/minecraft/world/level/levelgen/blockpredicates/WouldSurvivePredicate.java,net/minecraft/world/level/levelgen/blockpredicates/package-info.java	minecraft	19	636	rivet-world	3	27	yes	com.mojang.serialization,net.minecraft.core,net.minecraft.core.registries,net.minecraft.tags,net.minecraft.world.level,net.minecraft.world.level.biome,net.minecraft.world.level.block,net.minecraft.world.level.block.state,net.minecraft.world.level.material,net.minecraft.world.phys.shapes	pending	0	
mc.world.level.levelgen.carver	net.minecraft.world.level.levelgen.carver	net/minecraft/world/level/levelgen/carver/CanyonCarverConfiguration.java,net/minecraft/world/level/levelgen/carver/CanyonWorldCarver.java,net/minecraft/world/level/levelgen/carver/CarverConfiguration.java,net/minecraft/world/level/levelgen/carver/CarverDebugSettings.java,net/minecraft/world/level/levelgen/carver/CarvingContext.java,net/minecraft/world/level/levelgen/carver/CaveCarverConfiguration.java,net/minecraft/world/level/levelgen/carver/CaveWorldCarver.java,net/minecraft/world/level/levelgen/carver/ConfiguredWorldCarver.java,net/minecraft/world/level/levelgen/carver/NetherWorldCarver.java,net/minecraft/world/level/levelgen/carver/WorldCarver.java,net/minecraft/world/level/levelgen/carver/package-info.java	minecraft	11	1067	rivet-world	3	27	yes	com.mojang.serialization,net.minecraft,net.minecraft.core,net.minecraft.core.registries,net.minecraft.resources,net.minecraft.util,net.minecraft.util.valueproviders,net.minecraft.world.level,net.minecraft.world.level.biome,net.minecraft.world.level.block,net.minecraft.world.level.block.state,net.minecraft.world.level.block.state.properties,net.minecraft.world.level.chunk,net.minecraft.world.level.levelgen,net.minecraft.world.level.levelgen.feature.configurations,net.minecraft.world.level.levelgen.heightproviders,net.minecraft.world.level.material	pending	0	
mc.world.level.levelgen.feature	net.minecraft.world.level.levelgen.feature	net/minecraft/world/level/levelgen/feature/AbstractHugeMushroomFeature.java,net/minecraft/world/level/levelgen/feature/BambooFeature.java,net/minecraft/world/level/levelgen/feature/BasaltColumnsFeature.java,net/minecraft/world/level/levelgen/feature/BasaltPillarFeature.java,net/minecraft/world/level/levelgen/feature/BlockBlobFeature.java,net/minecraft/world/level/levelgen/feature/BlockColumnFeature.java,net/minecraft/world/level/levelgen/feature/BlockPileFeature.java,net/minecraft/world/level/levelgen/feature/BlueIceFeature.java,net/minecraft/world/level/levelgen/feature/BonusChestFeature.java,net/minecraft/world/level/levelgen/feature/ChorusPlantFeature.java,net/minecraft/world/level/levelgen/feature/ConfiguredFeature.java,net/minecraft/world/level/levelgen/feature/CoralClawFeature.java,net/minecraft/world/level/levelgen/feature/CoralFeature.java,net/minecraft/world/level/levelgen/feature/CoralMushroomFeature.java,net/minecraft/world/level/levelgen/feature/CoralTreeFeature.java,net/minecraft/world/level/levelgen/feature/DeltaFeature.java,net/minecraft/world/level/levelgen/feature/DesertWellFeature.java,net/minecraft/world/level/levelgen/feature/DiskFeature.java,net/minecraft/world/level/levelgen/feature/EndGatewayFeature.java,net/minecraft/world/level/levelgen/feature/EndIslandFeature.java,net/minecraft/world/level/levelgen/feature/EndPlatformFeature.java,net/minecraft/world/level/levelgen/feature/EndPodiumFeature.java,net/minecraft/world/level/levelgen/feature/EndSpikeFeature.java,net/minecraft/world/level/levelgen/feature/FallenTreeFeature.java,net/minecraft/world/level/levelgen/feature/Feature.java,net/minecraft/world/level/levelgen/feature/FeatureCountTracker.java,net/minecraft/world/level/levelgen/feature/FeaturePlaceContext.java,net/minecraft/world/level/levelgen/feature/FillLayerFeature.java,net/minecraft/world/level/levelgen/feature/FossilFeature.java,net/minecraft/world/level/levelgen/feature/FossilFeatureConfiguration.java,net/minecraft/world/level/levelgen/feature/GeodeFeature.java,net/minecraft/world/level/levelgen/feature/GlowstoneFeature.java,net/minecraft/world/level/levelgen/feature/HugeBrownMushroomFeature.java,net/minecraft/world/level/levelgen/feature/HugeFungusConfiguration.java,net/minecraft/world/level/levelgen/feature/HugeFungusFeature.java,net/minecraft/world/level/levelgen/feature/HugeRedMushroomFeature.java,net/minecraft/world/level/levelgen/feature/IcebergFeature.java,net/minecraft/world/level/levelgen/feature/KelpFeature.java,net/minecraft/world/level/levelgen/feature/LakeFeature.java,net/minecraft/world/level/levelgen/feature/LargeDripstoneFeature.java,net/minecraft/world/level/levelgen/feature/MonsterRoomFeature.java,net/minecraft/world/level/levelgen/feature/MultifaceGrowthFeature.java,net/minecraft/world/level/levelgen/feature/NetherForestVegetationFeature.java,net/minecraft/world/level/levelgen/feature/NoOpFeature.java,net/minecraft/world/level/levelgen/feature/OreFeature.java,net/minecraft/world/level/levelgen/feature/RandomBooleanSelectorFeature.java,net/minecraft/world/level/levelgen/feature/RandomSelectorFeature.java,net/minecraft/world/level/levelgen/feature/ReplaceBlobsFeature.java,net/minecraft/world/level/levelgen/feature/ReplaceBlockFeature.java,net/minecraft/world/level/levelgen/feature/RootSystemFeature.java,net/minecraft/world/level/levelgen/feature/ScatteredOreFeature.java,net/minecraft/world/level/levelgen/feature/SculkPatchFeature.java,net/minecraft/world/level/levelgen/feature/SeaPickleFeature.java,net/minecraft/world/level/levelgen/feature/SeagrassFeature.java,net/minecraft/world/level/levelgen/feature/SequenceFeature.java,net/minecraft/world/level/levelgen/feature/SimpleBlockFeature.java,net/minecraft/world/level/levelgen/feature/SimpleRandomSelectorFeature.java,net/minecraft/world/level/levelgen/feature/SnowAndFreezeFeature.java,net/minecraft/world/level/levelgen/feature/SpeleothemClusterFeature.java,net/minecraft/world/level/levelgen/feature/SpeleothemFeature.java,net/minecraft/world/level/levelgen/feature/SpeleothemUtils.java,net/minecraft/world/level/levelgen/feature/SpikeFeature.java,net/minecraft/world/level/levelgen/feature/SpringFeature.java,net/minecraft/world/level/levelgen/feature/TemplateFeature.java,net/minecraft/world/level/levelgen/feature/TreeFeature.java,net/minecraft/world/level/levelgen/feature/TwistingVinesFeature.java,net/minecraft/world/level/levelgen/feature/UnderwaterMagmaFeature.java,net/minecraft/world/level/levelgen/feature/VegetationPatchFeature.java,net/minecraft/world/level/levelgen/feature/VinesFeature.java,net/minecraft/world/level/levelgen/feature/VoidStartPlatformFeature.java,net/minecraft/world/level/levelgen/feature/WaterloggedVegetationPatchFeature.java,net/minecraft/world/level/levelgen/feature/WeepingVinesFeature.java,net/minecraft/world/level/levelgen/feature/WeightedPlacedFeature.java,net/minecraft/world/level/levelgen/feature/WeightedRandomSelectorFeature.java,net/minecraft/world/level/levelgen/feature/package-info.java	minecraft	75	6539	rivet-world	3	27	yes	com.mojang.datafixers.util,com.mojang.serialization,net.minecraft,net.minecraft.core,net.minecraft.core.registries,net.minecraft.resources,net.minecraft.server.level,net.minecraft.tags,net.minecraft.util,net.minecraft.util.valueproviders,net.minecraft.world,net.minecraft.world.entity,net.minecraft.world.entity.boss.enderdragon,net.minecraft.world.level,net.minecraft.world.level.biome,net.minecraft.world.level.block,net.minecraft.world.level.block.entity,net.minecraft.world.level.block.state,net.minecraft.world.level.block.state.predicate,net.minecraft.world.level.block.state.properties,net.minecraft.world.level.chunk,net.minecraft.world.level.dimension,net.minecraft.world.level.levelgen,net.minecraft.world.level.levelgen.blockpredicates,net.minecraft.world.level.levelgen.feature.configurations,net.minecraft.world.level.levelgen.feature.foliageplacers,net.minecraft.world.level.levelgen.feature.stateproviders,net.minecraft.world.level.levelgen.feature.treedecorators,net.minecraft.world.level.levelgen.placement,net.minecraft.world.level.levelgen.structure,net.minecraft.world.level.levelgen.structure.templatesystem,net.minecraft.world.level.levelgen.synth,net.minecraft.world.level.material,net.minecraft.world.level.storage.loot,net.minecraft.world.phys,net.minecraft.world.phys.shapes	pending	0	
mc.world.level.levelgen.feature.configurations	net.minecraft.world.level.levelgen.feature.configurations	net/minecraft/world/level/levelgen/feature/configurations/BlockBlobConfiguration.java,net/minecraft/world/level/levelgen/feature/configurations/BlockColumnConfiguration.java,net/minecraft/world/level/levelgen/feature/configurations/BlockPileConfiguration.java,net/minecraft/world/level/levelgen/feature/configurations/BlockStateConfiguration.java,net/minecraft/world/level/levelgen/feature/configurations/ColumnFeatureConfiguration.java,net/minecraft/world/level/levelgen/feature/configurations/CompositeFeatureConfiguration.java,net/minecraft/world/level/levelgen/feature/configurations/CountConfiguration.java,net/minecraft/world/level/levelgen/feature/configurations/DeltaFeatureConfiguration.java,net/minecraft/world/level/levelgen/feature/configurations/DiskConfiguration.java,net/minecraft/world/level/levelgen/feature/configurations/EndGatewayConfiguration.java,net/minecraft/world/level/levelgen/feature/configurations/EndSpikeConfiguration.java,net/minecraft/world/level/levelgen/feature/configurations/FallenTreeConfiguration.java,net/minecraft/world/level/levelgen/feature/configurations/FeatureConfiguration.java,net/minecraft/world/level/levelgen/feature/configurations/GeodeConfiguration.java,net/minecraft/world/level/levelgen/feature/configurations/HugeMushroomFeatureConfiguration.java,net/minecraft/world/level/levelgen/feature/configurations/LargeDripstoneConfiguration.java,net/minecraft/world/level/levelgen/feature/configurations/LayerConfiguration.java,net/minecraft/world/level/levelgen/feature/configurations/MultifaceGrowthConfiguration.java,net/minecraft/world/level/levelgen/feature/configurations/NetherForestVegetationConfig.java,net/minecraft/world/level/levelgen/feature/configurations/NoneFeatureConfiguration.java,net/minecraft/world/level/levelgen/feature/configurations/OreConfiguration.java,net/minecraft/world/level/levelgen/feature/configurations/ProbabilityFeatureConfiguration.java,net/minecraft/world/level/levelgen/feature/configurations/RandomBooleanFeatureConfiguration.java,net/minecraft/world/level/levelgen/feature/configurations/RandomFeatureConfiguration.java,net/minecraft/world/level/levelgen/feature/configurations/ReplaceBlockConfiguration.java,net/minecraft/world/level/levelgen/feature/configurations/ReplaceSphereConfiguration.java,net/minecraft/world/level/levelgen/feature/configurations/RootSystemConfiguration.java,net/minecraft/world/level/levelgen/feature/configurations/SculkPatchConfiguration.java,net/minecraft/world/level/levelgen/feature/configurations/SimpleBlockConfiguration.java,net/minecraft/world/level/levelgen/feature/configurations/SpeleothemClusterConfiguration.java,net/minecraft/world/level/levelgen/feature/configurations/SpeleothemConfiguration.java,net/minecraft/world/level/levelgen/feature/configurations/SpikeConfiguration.java,net/minecraft/world/level/levelgen/feature/configurations/SpringConfiguration.java,net/minecraft/world/level/levelgen/feature/configurations/TemplateFeatureConfiguration.java,net/minecraft/world/level/levelgen/feature/configurations/TreeConfiguration.java,net/minecraft/world/level/levelgen/feature/configurations/TwistingVinesConfig.java,net/minecraft/world/level/levelgen/feature/configurations/UnderwaterMagmaConfiguration.java,net/minecraft/world/level/levelgen/feature/configurations/VegetationPatchConfiguration.java,net/minecraft/world/level/levelgen/feature/configurations/WeightedRandomFeatureConfiguration.java,net/minecraft/world/level/levelgen/feature/configurations/package-info.java	minecraft	40	1352	rivet-world	3	27	yes	com.mojang.serialization,net.minecraft.core,net.minecraft.core.registries,net.minecraft.resources,net.minecraft.tags,net.minecraft.util,net.minecraft.util.random,net.minecraft.util.valueproviders,net.minecraft.world.level.biome,net.minecraft.world.level.block,net.minecraft.world.level.block.state,net.minecraft.world.level.dimension,net.minecraft.world.level.levelgen,net.minecraft.world.level.levelgen.blockpredicates,net.minecraft.world.level.levelgen.feature,net.minecraft.world.level.levelgen.feature.featuresize,net.minecraft.world.level.levelgen.feature.foliageplacers,net.minecraft.world.level.levelgen.feature.rootplacers,net.minecraft.world.level.levelgen.feature.stateproviders,net.minecraft.world.level.levelgen.feature.treedecorators,net.minecraft.world.level.levelgen.feature.trunkplacers,net.minecraft.world.level.levelgen.placement,net.minecraft.world.level.levelgen.structure.templatesystem,net.minecraft.world.level.material	pending	0	
mc.world.level.levelgen.feature.featuresize	net.minecraft.world.level.levelgen.feature.featuresize	net/minecraft/world/level/levelgen/feature/featuresize/FeatureSize.java,net/minecraft/world/level/levelgen/feature/featuresize/FeatureSizeType.java,net/minecraft/world/level/levelgen/feature/featuresize/ThreeLayersFeatureSize.java,net/minecraft/world/level/levelgen/feature/featuresize/TwoLayersFeatureSize.java,net/minecraft/world/level/levelgen/feature/featuresize/package-info.java	minecraft	5	151	rivet-world	3	27	yes	com.mojang.serialization,net.minecraft.core,net.minecraft.core.registries	pending	0	
mc.world.level.levelgen.feature.foliageplacers	net.minecraft.world.level.levelgen.feature.foliageplacers	net/minecraft/world/level/levelgen/feature/foliageplacers/AcaciaFoliagePlacer.java,net/minecraft/world/level/levelgen/feature/foliageplacers/BlobFoliagePlacer.java,net/minecraft/world/level/levelgen/feature/foliageplacers/BushFoliagePlacer.java,net/minecraft/world/level/levelgen/feature/foliageplacers/CherryFoliagePlacer.java,net/minecraft/world/level/levelgen/feature/foliageplacers/DarkOakFoliagePlacer.java,net/minecraft/world/level/levelgen/feature/foliageplacers/FancyFoliagePlacer.java,net/minecraft/world/level/levelgen/feature/foliageplacers/FoliagePlacer.java,net/minecraft/world/level/levelgen/feature/foliageplacers/FoliagePlacerType.java,net/minecraft/world/level/levelgen/feature/foliageplacers/MegaJungleFoliagePlacer.java,net/minecraft/world/level/levelgen/feature/foliageplacers/MegaPineFoliagePlacer.java,net/minecraft/world/level/levelgen/feature/foliageplacers/PineFoliagePlacer.java,net/minecraft/world/level/levelgen/feature/foliageplacers/RandomSpreadFoliagePlacer.java,net/minecraft/world/level/levelgen/feature/foliageplacers/SpruceFoliagePlacer.java,net/minecraft/world/level/levelgen/feature/foliageplacers/package-info.java	minecraft	14	956	rivet-world	3	27	yes	com.mojang.serialization,net.minecraft.core,net.minecraft.core.registries,net.minecraft.util,net.minecraft.util.valueproviders,net.minecraft.world.level,net.minecraft.world.level.block.state,net.minecraft.world.level.block.state.properties,net.minecraft.world.level.levelgen.feature,net.minecraft.world.level.levelgen.feature.configurations,net.minecraft.world.level.material	pending	0	
mc.world.level.levelgen.feature.rootplacers	net.minecraft.world.level.levelgen.feature.rootplacers	net/minecraft/world/level/levelgen/feature/rootplacers/AboveRootPlacement.java,net/minecraft/world/level/levelgen/feature/rootplacers/MangroveRootPlacement.java,net/minecraft/world/level/levelgen/feature/rootplacers/MangroveRootPlacer.java,net/minecraft/world/level/levelgen/feature/rootplacers/RootPlacer.java,net/minecraft/world/level/levelgen/feature/rootplacers/RootPlacerType.java,net/minecraft/world/level/levelgen/feature/rootplacers/package-info.java	minecraft	6	310	rivet-world	3	27	yes	com.mojang.serialization,net.minecraft.core,net.minecraft.core.registries,net.minecraft.tags,net.minecraft.util,net.minecraft.util.valueproviders,net.minecraft.world.level,net.minecraft.world.level.block,net.minecraft.world.level.block.state,net.minecraft.world.level.block.state.properties,net.minecraft.world.level.levelgen.feature,net.minecraft.world.level.levelgen.feature.configurations,net.minecraft.world.level.levelgen.feature.stateproviders	pending	0	
mc.world.level.levelgen.feature.stateproviders	net.minecraft.world.level.levelgen.feature.stateproviders	net/minecraft/world/level/levelgen/feature/stateproviders/BlockStateProvider.java,net/minecraft/world/level/levelgen/feature/stateproviders/BlockStateProviderType.java,net/minecraft/world/level/levelgen/feature/stateproviders/DualNoiseProvider.java,net/minecraft/world/level/levelgen/feature/stateproviders/NoiseBasedStateProvider.java,net/minecraft/world/level/levelgen/feature/stateproviders/NoiseProvider.java,net/minecraft/world/level/levelgen/feature/stateproviders/NoiseThresholdProvider.java,net/minecraft/world/level/levelgen/feature/stateproviders/RandomizedIntStateProvider.java,net/minecraft/world/level/levelgen/feature/stateproviders/RotatedBlockProvider.java,net/minecraft/world/level/levelgen/feature/stateproviders/RuleBasedStateProvider.java,net/minecraft/world/level/levelgen/feature/stateproviders/SimpleStateProvider.java,net/minecraft/world/level/levelgen/feature/stateproviders/WeightedStateProvider.java,net/minecraft/world/level/levelgen/feature/stateproviders/package-info.java	minecraft	12	588	rivet-world	3	27	yes	com.mojang.serialization,net.minecraft.core,net.minecraft.core.registries,net.minecraft.util,net.minecraft.util.random,net.minecraft.util.valueproviders,net.minecraft.world.level,net.minecraft.world.level.block,net.minecraft.world.level.block.state,net.minecraft.world.level.block.state.properties,net.minecraft.world.level.levelgen,net.minecraft.world.level.levelgen.blockpredicates,net.minecraft.world.level.levelgen.synth	pending	0	
mc.world.level.levelgen.feature.treedecorators	net.minecraft.world.level.levelgen.feature.treedecorators	net/minecraft/world/level/levelgen/feature/treedecorators/AlterGroundDecorator.java,net/minecraft/world/level/levelgen/feature/treedecorators/AttachedToLeavesDecorator.java,net/minecraft/world/level/levelgen/feature/treedecorators/AttachedToLogsDecorator.java,net/minecraft/world/level/levelgen/feature/treedecorators/BeehiveDecorator.java,net/minecraft/world/level/levelgen/feature/treedecorators/CocoaDecorator.java,net/minecraft/world/level/levelgen/feature/treedecorators/CreakingHeartDecorator.java,net/minecraft/world/level/levelgen/feature/treedecorators/LeaveVineDecorator.java,net/minecraft/world/level/levelgen/feature/treedecorators/PaleMossDecorator.java,net/minecraft/world/level/levelgen/feature/treedecorators/PlaceOnGroundDecorator.java,net/minecraft/world/level/levelgen/feature/treedecorators/TreeDecorator.java,net/minecraft/world/level/levelgen/feature/treedecorators/TreeDecoratorType.java,net/minecraft/world/level/levelgen/feature/treedecorators/TrunkVineDecorator.java,net/minecraft/world/level/levelgen/feature/treedecorators/package-info.java	minecraft	13	806	rivet-world	3	27	yes	com.mojang.serialization,net.minecraft.core,net.minecraft.core.registries,net.minecraft.data.worldgen.features,net.minecraft.tags,net.minecraft.util,net.minecraft.world.level,net.minecraft.world.level.block,net.minecraft.world.level.block.entity,net.minecraft.world.level.block.state,net.minecraft.world.level.block.state.properties,net.minecraft.world.level.levelgen,net.minecraft.world.level.levelgen.feature,net.minecraft.world.level.levelgen.feature.stateproviders,net.minecraft.world.level.levelgen.structure	pending	0	
mc.world.level.levelgen.feature.trunkplacers	net.minecraft.world.level.levelgen.feature.trunkplacers	net/minecraft/world/level/levelgen/feature/trunkplacers/BendingTrunkPlacer.java,net/minecraft/world/level/levelgen/feature/trunkplacers/CherryTrunkPlacer.java,net/minecraft/world/level/levelgen/feature/trunkplacers/DarkOakTrunkPlacer.java,net/minecraft/world/level/levelgen/feature/trunkplacers/FancyTrunkPlacer.java,net/minecraft/world/level/levelgen/feature/trunkplacers/ForkingTrunkPlacer.java,net/minecraft/world/level/levelgen/feature/trunkplacers/GiantTrunkPlacer.java,net/minecraft/world/level/levelgen/feature/trunkplacers/MegaJungleTrunkPlacer.java,net/minecraft/world/level/levelgen/feature/trunkplacers/StraightTrunkPlacer.java,net/minecraft/world/level/levelgen/feature/trunkplacers/TrunkPlacer.java,net/minecraft/world/level/levelgen/feature/trunkplacers/TrunkPlacerType.java,net/minecraft/world/level/levelgen/feature/trunkplacers/UpwardsBranchingTrunkPlacer.java,net/minecraft/world/level/levelgen/feature/trunkplacers/package-info.java	minecraft	12	1124	rivet-world	3	27	yes	com.mojang.serialization,net.minecraft.core,net.minecraft.core.registries,net.minecraft.tags,net.minecraft.util,net.minecraft.util.valueproviders,net.minecraft.world.level,net.minecraft.world.level.block,net.minecraft.world.level.block.state,net.minecraft.world.level.levelgen.feature,net.minecraft.world.level.levelgen.feature.configurations,net.minecraft.world.level.levelgen.feature.foliageplacers	pending	0	
mc.world.level.levelgen.flat	net.minecraft.world.level.levelgen.flat	net/minecraft/world/level/levelgen/flat/FlatLayerInfo.java,net/minecraft/world/level/levelgen/flat/FlatLevelGeneratorPreset.java,net/minecraft/world/level/levelgen/flat/FlatLevelGeneratorPresets.java,net/minecraft/world/level/levelgen/flat/FlatLevelGeneratorSettings.java,net/minecraft/world/level/levelgen/flat/package-info.java	minecraft	5	491	rivet-world	3	27	yes	com.mojang.serialization,net.minecraft.core,net.minecraft.core.registries,net.minecraft.data.worldgen,net.minecraft.data.worldgen.placement,net.minecraft.resources,net.minecraft.util,net.minecraft.world.item,net.minecraft.world.level,net.minecraft.world.level.biome,net.minecraft.world.level.block,net.minecraft.world.level.block.state,net.minecraft.world.level.dimension,net.minecraft.world.level.levelgen,net.minecraft.world.level.levelgen.feature,net.minecraft.world.level.levelgen.feature.configurations,net.minecraft.world.level.levelgen.placement,net.minecraft.world.level.levelgen.structure	pending	0	
mc.world.level.levelgen.heightproviders	net.minecraft.world.level.levelgen.heightproviders	net/minecraft/world/level/levelgen/heightproviders/BiasedToBottomHeight.java,net/minecraft/world/level/levelgen/heightproviders/ConstantHeight.java,net/minecraft/world/level/levelgen/heightproviders/HeightProvider.java,net/minecraft/world/level/levelgen/heightproviders/HeightProviderType.java,net/minecraft/world/level/levelgen/heightproviders/TrapezoidHeight.java,net/minecraft/world/level/levelgen/heightproviders/UniformHeight.java,net/minecraft/world/level/levelgen/heightproviders/VeryBiasedToBottomHeight.java,net/minecraft/world/level/levelgen/heightproviders/WeightedListHeight.java,net/minecraft/world/level/levelgen/heightproviders/package-info.java	minecraft	9	362	rivet-world	3	27	yes	com.mojang.datafixers.util,com.mojang.serialization,net.minecraft.core,net.minecraft.core.registries,net.minecraft.util,net.minecraft.util.random,net.minecraft.world.level.levelgen	pending	0	
mc.world.level.levelgen.material	net.minecraft.world.level.levelgen.material	net/minecraft/world/level/levelgen/material/MaterialRuleList.java,net/minecraft/world/level/levelgen/material/package-info.java	minecraft	2	24	rivet-world	3	27	yes	net.minecraft.world.level.block.state,net.minecraft.world.level.levelgen	pending	0	
mc.world.level.levelgen.placement	net.minecraft.world.level.levelgen.placement	net/minecraft/world/level/levelgen/placement/BiomeFilter.java,net/minecraft/world/level/levelgen/placement/BlockPredicateFilter.java,net/minecraft/world/level/levelgen/placement/CaveSurface.java,net/minecraft/world/level/levelgen/placement/CountOnEveryLayerPlacement.java,net/minecraft/world/level/levelgen/placement/CountPlacement.java,net/minecraft/world/level/levelgen/placement/EnvironmentScanPlacement.java,net/minecraft/world/level/levelgen/placement/FixedPlacement.java,net/minecraft/world/level/levelgen/placement/HeightRangePlacement.java,net/minecraft/world/level/levelgen/placement/HeightmapPlacement.java,net/minecraft/world/level/levelgen/placement/InSquarePlacement.java,net/minecraft/world/level/levelgen/placement/NoiseBasedCountPlacement.java,net/minecraft/world/level/levelgen/placement/NoiseThresholdCountPlacement.java,net/minecraft/world/level/levelgen/placement/PlacedFeature.java,net/minecraft/world/level/levelgen/placement/PlacementContext.java,net/minecraft/world/level/levelgen/placement/PlacementFilter.java,net/minecraft/world/level/levelgen/placement/PlacementModifier.java,net/minecraft/world/level/levelgen/placement/PlacementModifierType.java,net/minecraft/world/level/levelgen/placement/RandomOffsetPlacement.java,net/minecraft/world/level/levelgen/placement/RarityFilter.java,net/minecraft/world/level/levelgen/placement/RepeatingPlacement.java,net/minecraft/world/level/levelgen/placement/SurfaceRelativeThresholdFilter.java,net/minecraft/world/level/levelgen/placement/SurfaceWaterDepthFilter.java,net/minecraft/world/level/levelgen/placement/package-info.java	minecraft	23	915	rivet-world	3	27	yes	com.mojang.serialization,net.minecraft,net.minecraft.core,net.minecraft.core.registries,net.minecraft.resources,net.minecraft.util,net.minecraft.util.valueproviders,net.minecraft.world.level,net.minecraft.world.level.biome,net.minecraft.world.level.block,net.minecraft.world.level.block.state,net.minecraft.world.level.chunk,net.minecraft.world.level.levelgen,net.minecraft.world.level.levelgen.blockpredicates,net.minecraft.world.level.levelgen.feature,net.minecraft.world.level.levelgen.heightproviders	pending	0	
mc.world.level.levelgen.presets	net.minecraft.world.level.levelgen.presets	net/minecraft/world/level/levelgen/presets/WorldPreset.java,net/minecraft/world/level/levelgen/presets/WorldPresets.java,net/minecraft/world/level/levelgen/presets/package-info.java	minecraft	3	241	rivet-world	3	27	yes	com.mojang.serialization,net.minecraft.core,net.minecraft.core.registries,net.minecraft.data.worldgen,net.minecraft.resources,net.minecraft.world.level.biome,net.minecraft.world.level.block,net.minecraft.world.level.chunk,net.minecraft.world.level.dimension,net.minecraft.world.level.levelgen,net.minecraft.world.level.levelgen.flat,net.minecraft.world.level.levelgen.placement,net.minecraft.world.level.levelgen.structure	pending	0	
mc.world.level.levelgen.structure	net.minecraft.world.level.levelgen.structure	net/minecraft/world/level/levelgen/structure/BoundingBox.java,net/minecraft/world/level/levelgen/structure/BuiltinStructureSets.java,net/minecraft/world/level/levelgen/structure/BuiltinStructures.java,net/minecraft/world/level/levelgen/structure/PoolElementStructurePiece.java,net/minecraft/world/level/levelgen/structure/PostPlacementProcessor.java,net/minecraft/world/level/levelgen/structure/ScatteredFeaturePiece.java,net/minecraft/world/level/levelgen/structure/SinglePieceStructure.java,net/minecraft/world/level/levelgen/structure/Structure.java,net/minecraft/world/level/levelgen/structure/StructureCheck.java,net/minecraft/world/level/levelgen/structure/StructureCheckResult.java,net/minecraft/world/level/levelgen/structure/StructurePiece.java,net/minecraft/world/level/levelgen/structure/StructurePieceAccessor.java,net/minecraft/world/level/levelgen/structure/StructureSet.java,net/minecraft/world/level/levelgen/structure/StructureSpawnOverride.java,net/minecraft/world/level/levelgen/structure/StructureStart.java,net/minecraft/world/level/levelgen/structure/StructureType.java,net/minecraft/world/level/levelgen/structure/TemplateStructurePiece.java,net/minecraft/world/level/levelgen/structure/TerrainAdjustment.java,net/minecraft/world/level/levelgen/structure/package-info.java	minecraft	19	2427	rivet-world	3	27	yes	com.mojang.brigadier.exceptions,com.mojang.datafixers,com.mojang.datafixers.util,com.mojang.serialization,net.minecraft.commands.arguments.blocks,net.minecraft.core,net.minecraft.core.registries,net.minecraft.nbt,net.minecraft.nbt.visitors,net.minecraft.network.codec,net.minecraft.resources,net.minecraft.server.level,net.minecraft.util,net.minecraft.util.datafix,net.minecraft.util.profiling.jfr,net.minecraft.util.profiling.jfr.callback,net.minecraft.util.random,net.minecraft.world.entity,net.minecraft.world.level,net.minecraft.world.level.biome,net.minecraft.world.level.block,net.minecraft.world.level.block.entity,net.minecraft.world.level.block.state,net.minecraft.world.level.block.state.properties,net.minecraft.world.level.chunk,net.minecraft.world.level.chunk.storage,net.minecraft.world.level.levelgen,net.minecraft.world.level.levelgen.structure.pieces,net.minecraft.world.level.levelgen.structure.placement,net.minecraft.world.level.levelgen.structure.pools,net.minecraft.world.level.levelgen.structure.structures,net.minecraft.world.level.levelgen.structure.templatesystem,net.minecraft.world.level.material,net.minecraft.world.level.storage.loot	pending	0	
mc.world.level.levelgen.structure.pieces	net.minecraft.world.level.levelgen.structure.pieces	net/minecraft/world/level/levelgen/structure/pieces/PieceGenerator.java,net/minecraft/world/level/levelgen/structure/pieces/PieceGeneratorSupplier.java,net/minecraft/world/level/levelgen/structure/pieces/PiecesContainer.java,net/minecraft/world/level/levelgen/structure/pieces/StructurePieceSerializationContext.java,net/minecraft/world/level/levelgen/structure/pieces/StructurePieceType.java,net/minecraft/world/level/levelgen/structure/pieces/StructurePiecesBuilder.java,net/minecraft/world/level/levelgen/structure/pieces/package-info.java	minecraft	7	372	rivet-world	3	27	yes	net.minecraft.core,net.minecraft.core.registries,net.minecraft.nbt,net.minecraft.resources,net.minecraft.server,net.minecraft.server.level,net.minecraft.server.packs.resources,net.minecraft.util,net.minecraft.world.level,net.minecraft.world.level.biome,net.minecraft.world.level.chunk,net.minecraft.world.level.levelgen,net.minecraft.world.level.levelgen.feature.configurations,net.minecraft.world.level.levelgen.structure,net.minecraft.world.level.levelgen.structure.structures,net.minecraft.world.level.levelgen.structure.templatesystem	pending	0	
mc.world.level.levelgen.structure.placement	net.minecraft.world.level.levelgen.structure.placement	net/minecraft/world/level/levelgen/structure/placement/ConcentricRingsStructurePlacement.java,net/minecraft/world/level/levelgen/structure/placement/RandomSpreadStructurePlacement.java,net/minecraft/world/level/levelgen/structure/placement/RandomSpreadType.java,net/minecraft/world/level/levelgen/structure/placement/StructurePlacement.java,net/minecraft/world/level/levelgen/structure/placement/StructurePlacementType.java,net/minecraft/world/level/levelgen/structure/placement/package-info.java	minecraft	6	432	rivet-world	3	27	yes	com.mojang.serialization,net.minecraft.core,net.minecraft.core.registries,net.minecraft.resources,net.minecraft.util,net.minecraft.world.level,net.minecraft.world.level.biome,net.minecraft.world.level.chunk,net.minecraft.world.level.levelgen,net.minecraft.world.level.levelgen.structure	pending	0	
mc.world.level.levelgen.structure.pools	net.minecraft.world.level.levelgen.structure.pools	net/minecraft/world/level/levelgen/structure/pools/DimensionPadding.java,net/minecraft/world/level/levelgen/structure/pools/EmptyPoolElement.java,net/minecraft/world/level/levelgen/structure/pools/FeaturePoolElement.java,net/minecraft/world/level/levelgen/structure/pools/JigsawJunction.java,net/minecraft/world/level/levelgen/structure/pools/JigsawPlacement.java,net/minecraft/world/level/levelgen/structure/pools/LegacySinglePoolElement.java,net/minecraft/world/level/levelgen/structure/pools/ListPoolElement.java,net/minecraft/world/level/levelgen/structure/pools/SinglePoolElement.java,net/minecraft/world/level/levelgen/structure/pools/StructurePoolElement.java,net/minecraft/world/level/levelgen/structure/pools/StructurePoolElementType.java,net/minecraft/world/level/levelgen/structure/pools/StructureTemplatePool.java,net/minecraft/world/level/levelgen/structure/pools/package-info.java	minecraft	12	1500	rivet-world	3	27	yes	com.mojang.datafixers.util,com.mojang.serialization,net.minecraft.core,net.minecraft.core.registries,net.minecraft.data.worldgen,net.minecraft.nbt,net.minecraft.resources,net.minecraft.server.level,net.minecraft.util,net.minecraft.world.level,net.minecraft.world.level.block,net.minecraft.world.level.block.entity,net.minecraft.world.level.block.state.properties,net.minecraft.world.level.chunk,net.minecraft.world.level.levelgen,net.minecraft.world.level.levelgen.placement,net.minecraft.world.level.levelgen.structure,net.minecraft.world.level.levelgen.structure.pieces,net.minecraft.world.level.levelgen.structure.pools.alias,net.minecraft.world.level.levelgen.structure.structures,net.minecraft.world.level.levelgen.structure.templatesystem,net.minecraft.world.phys,net.minecraft.world.phys.shapes	pending	0	
mc.world.level.levelgen.structure.pools.alias	net.minecraft.world.level.levelgen.structure.pools.alias	net/minecraft/world/level/levelgen/structure/pools/alias/DirectPoolAlias.java,net/minecraft/world/level/levelgen/structure/pools/alias/PoolAliasBinding.java,net/minecraft/world/level/levelgen/structure/pools/alias/PoolAliasBindings.java,net/minecraft/world/level/levelgen/structure/pools/alias/PoolAliasLookup.java,net/minecraft/world/level/levelgen/structure/pools/alias/RandomGroupPoolAlias.java,net/minecraft/world/level/levelgen/structure/pools/alias/RandomPoolAlias.java,net/minecraft/world/level/levelgen/structure/pools/alias/package-info.java	minecraft	7	230	rivet-world	3	27	yes	com.mojang.datafixers.util,com.mojang.serialization,net.minecraft.core,net.minecraft.core.registries,net.minecraft.data.worldgen,net.minecraft.resources,net.minecraft.util,net.minecraft.util.random,net.minecraft.world.level.levelgen.structure.pools	pending	0	
mc.world.level.levelgen.structure.structures	net.minecraft.world.level.levelgen.structure.structures	net/minecraft/world/level/levelgen/structure/structures/BuriedTreasurePieces.java,net/minecraft/world/level/levelgen/structure/structures/BuriedTreasureStructure.java,net/minecraft/world/level/levelgen/structure/structures/DesertPyramidPiece.java,net/minecraft/world/level/levelgen/structure/structures/DesertPyramidStructure.java,net/minecraft/world/level/levelgen/structure/structures/EndCityPieces.java,net/minecraft/world/level/levelgen/structure/structures/EndCityStructure.java,net/minecraft/world/level/levelgen/structure/structures/IglooPieces.java,net/minecraft/world/level/levelgen/structure/structures/IglooStructure.java,net/minecraft/world/level/levelgen/structure/structures/JigsawStructure.java,net/minecraft/world/level/levelgen/structure/structures/JungleTemplePiece.java,net/minecraft/world/level/levelgen/structure/structures/JungleTempleStructure.java,net/minecraft/world/level/levelgen/structure/structures/MineshaftPieces.java,net/minecraft/world/level/levelgen/structure/structures/MineshaftStructure.java,net/minecraft/world/level/levelgen/structure/structures/NetherFortressPieces.java,net/minecraft/world/level/levelgen/structure/structures/NetherFortressStructure.java,net/minecraft/world/level/levelgen/structure/structures/NetherFossilPieces.java,net/minecraft/world/level/levelgen/structure/structures/NetherFossilStructure.java,net/minecraft/world/level/levelgen/structure/structures/OceanMonumentPieces.java,net/minecraft/world/level/levelgen/structure/structures/OceanMonumentStructure.java,net/minecraft/world/level/levelgen/structure/structures/OceanRuinPieces.java,net/minecraft/world/level/levelgen/structure/structures/OceanRuinStructure.java,net/minecraft/world/level/levelgen/structure/structures/RuinedPortalPiece.java,net/minecraft/world/level/levelgen/structure/structures/RuinedPortalStructure.java,net/minecraft/world/level/levelgen/structure/structures/ShipwreckPieces.java,net/minecraft/world/level/levelgen/structure/structures/ShipwreckStructure.java,net/minecraft/world/level/levelgen/structure/structures/StrongholdPieces.java,net/minecraft/world/level/levelgen/structure/structures/StrongholdStructure.java,net/minecraft/world/level/levelgen/structure/structures/SwampHutPiece.java,net/minecraft/world/level/levelgen/structure/structures/SwampHutStructure.java,net/minecraft/world/level/levelgen/structure/structures/WoodlandMansionPieces.java,net/minecraft/world/level/levelgen/structure/structures/WoodlandMansionStructure.java,net/minecraft/world/level/levelgen/structure/structures/package-info.java	minecraft	32	12314	rivet-world	3	27	yes	com.mojang.datafixers.util,com.mojang.serialization,net.minecraft.core,net.minecraft.core.registries,net.minecraft.nbt,net.minecraft.resources,net.minecraft.tags,net.minecraft.util,net.minecraft.util.random,net.minecraft.util.valueproviders,net.minecraft.world,net.minecraft.world.entity,net.minecraft.world.entity.animal.feline,net.minecraft.world.entity.decoration,net.minecraft.world.entity.monster,net.minecraft.world.entity.monster.zombie,net.minecraft.world.entity.vehicle.minecart,net.minecraft.world.item,net.minecraft.world.level,net.minecraft.world.level.biome,net.minecraft.world.level.block,net.minecraft.world.level.block.entity,net.minecraft.world.level.block.piston,net.minecraft.world.level.block.state,net.minecraft.world.level.block.state.properties,net.minecraft.world.level.chunk,net.minecraft.world.level.dimension,net.minecraft.world.level.levelgen,net.minecraft.world.level.levelgen.heightproviders,net.minecraft.world.level.levelgen.structure,net.minecraft.world.level.levelgen.structure.pieces,net.minecraft.world.level.levelgen.structure.pools,net.minecraft.world.level.levelgen.structure.pools.alias,net.minecraft.world.level.levelgen.structure.templatesystem,net.minecraft.world.level.levelgen.structure.templatesystem.rule.blockentity,net.minecraft.world.level.material,net.minecraft.world.level.storage.loot	pending	0	
mc.world.level.levelgen.structure.templatesystem	net.minecraft.world.level.levelgen.structure.templatesystem	net/minecraft/world/level/levelgen/structure/templatesystem/AlwaysTrueTest.java,net/minecraft/world/level/levelgen/structure/templatesystem/AxisAlignedLinearPosTest.java,net/minecraft/world/level/levelgen/structure/templatesystem/BlackstoneReplaceProcessor.java,net/minecraft/world/level/levelgen/structure/templatesystem/BlockAgeProcessor.java,net/minecraft/world/level/levelgen/structure/templatesystem/BlockIgnoreProcessor.java,net/minecraft/world/level/levelgen/structure/templatesystem/BlockMatchTest.java,net/minecraft/world/level/levelgen/structure/templatesystem/BlockRotProcessor.java,net/minecraft/world/level/levelgen/structure/templatesystem/BlockStateMatchTest.java,net/minecraft/world/level/levelgen/structure/templatesystem/CappedProcessor.java,net/minecraft/world/level/levelgen/structure/templatesystem/GravityProcessor.java,net/minecraft/world/level/levelgen/structure/templatesystem/JigsawReplacementProcessor.java,net/minecraft/world/level/levelgen/structure/templatesystem/LavaSubmergedBlockProcessor.java,net/minecraft/world/level/levelgen/structure/templatesystem/LinearPosTest.java,net/minecraft/world/level/levelgen/structure/templatesystem/LiquidSettings.java,net/minecraft/world/level/levelgen/structure/templatesystem/NopProcessor.java,net/minecraft/world/level/levelgen/structure/templatesystem/PosAlwaysTrueTest.java,net/minecraft/world/level/levelgen/structure/templatesystem/PosRuleTest.java,net/minecraft/world/level/levelgen/structure/templatesystem/PosRuleTestType.java,net/minecraft/world/level/levelgen/structure/templatesystem/ProcessorRule.java,net/minecraft/world/level/levelgen/structure/templatesystem/ProtectedBlockProcessor.java,net/minecraft/world/level/levelgen/structure/templatesystem/RandomBlockMatchTest.java,net/minecraft/world/level/levelgen/structure/templatesystem/RandomBlockStateMatchTest.java,net/minecraft/world/level/levelgen/structure/templatesystem/RuleProcessor.java,net/minecraft/world/level/levelgen/structure/templatesystem/RuleTest.java,net/minecraft/world/level/levelgen/structure/templatesystem/RuleTestType.java,net/minecraft/world/level/levelgen/structure/templatesystem/StructurePlaceSettings.java,net/minecraft/world/level/levelgen/structure/templatesystem/StructureProcessor.java,net/minecraft/world/level/levelgen/structure/templatesystem/StructureProcessorList.java,net/minecraft/world/level/levelgen/structure/templatesystem/StructureProcessorType.java,net/minecraft/world/level/levelgen/structure/templatesystem/StructureProcessorTypes.java,net/minecraft/world/level/levelgen/structure/templatesystem/StructureTemplate.java,net/minecraft/world/level/levelgen/structure/templatesystem/StructureTemplateManager.java,net/minecraft/world/level/levelgen/structure/templatesystem/TagMatchTest.java,net/minecraft/world/level/levelgen/structure/templatesystem/package-info.java	minecraft	34	2501	rivet-world	3	27	yes	com.mojang.brigadier.exceptions,com.mojang.datafixers,com.mojang.datafixers.util,com.mojang.serialization,net.minecraft,net.minecraft.commands.arguments.blocks,net.minecraft.core,net.minecraft.core.registries,net.minecraft.data,net.minecraft.data.structures,net.minecraft.data.worldgen,net.minecraft.gametest.framework,net.minecraft.nbt,net.minecraft.resources,net.minecraft.server.level,net.minecraft.server.packs,net.minecraft.server.packs.resources,net.minecraft.tags,net.minecraft.util,net.minecraft.util.valueproviders,net.minecraft.world,net.minecraft.world.entity,net.minecraft.world.entity.decoration.painting,net.minecraft.world.entity.player,net.minecraft.world.level,net.minecraft.world.level.block,net.minecraft.world.level.block.entity,net.minecraft.world.level.block.state,net.minecraft.world.level.block.state.properties,net.minecraft.world.level.levelgen,net.minecraft.world.level.levelgen.structure,net.minecraft.world.level.levelgen.structure.pools,net.minecraft.world.level.levelgen.structure.templatesystem.loader,net.minecraft.world.level.levelgen.structure.templatesystem.rule.blockentity,net.minecraft.world.level.material,net.minecraft.world.level.storage,net.minecraft.world.phys,net.minecraft.world.phys.shapes	pending	0	
mc.world.level.levelgen.structure.templatesystem.loader	net.minecraft.world.level.levelgen.structure.templatesystem.loader	net/minecraft/world/level/levelgen/structure/templatesystem/loader/DirectoryTemplateSource.java,net/minecraft/world/level/levelgen/structure/templatesystem/loader/ResourceManagerTemplateSource.java,net/minecraft/world/level/levelgen/structure/templatesystem/loader/TemplatePathFactory.java,net/minecraft/world/level/levelgen/structure/templatesystem/loader/TemplateSource.java,net/minecraft/world/level/levelgen/structure/templatesystem/loader/package-info.java	minecraft	5	240	rivet-world	3	27	yes	com.mojang.brigadier.exceptions,com.mojang.datafixers,net.minecraft,net.minecraft.core,net.minecraft.nbt,net.minecraft.resources,net.minecraft.server.packs,net.minecraft.server.packs.resources,net.minecraft.util,net.minecraft.util.datafix,net.minecraft.world.level.block,net.minecraft.world.level.levelgen.structure.templatesystem	pending	0	
mc.world.level.levelgen.structure.templatesystem.rule.blockentity	net.minecraft.world.level.levelgen.structure.templatesystem.rule.blockentity	net/minecraft/world/level/levelgen/structure/templatesystem/rule/blockentity/AppendLoot.java,net/minecraft/world/level/levelgen/structure/templatesystem/rule/blockentity/AppendStatic.java,net/minecraft/world/level/levelgen/structure/templatesystem/rule/blockentity/Clear.java,net/minecraft/world/level/levelgen/structure/templatesystem/rule/blockentity/Passthrough.java,net/minecraft/world/level/levelgen/structure/templatesystem/rule/blockentity/RuleBlockEntityModifier.java,net/minecraft/world/level/levelgen/structure/templatesystem/rule/blockentity/RuleBlockEntityModifierType.java,net/minecraft/world/level/levelgen/structure/templatesystem/rule/blockentity/package-info.java	minecraft	7	142	rivet-world	3	27	yes	com.mojang.serialization,net.minecraft.core,net.minecraft.core.registries,net.minecraft.nbt,net.minecraft.resources,net.minecraft.util,net.minecraft.world.level.storage.loot	pending	0	
mc.world.level.levelgen.synth	net.minecraft.world.level.levelgen.synth	net/minecraft/world/level/levelgen/synth/BlendedNoise.java,net/minecraft/world/level/levelgen/synth/ImprovedNoise.java,net/minecraft/world/level/levelgen/synth/NoiseUtils.java,net/minecraft/world/level/levelgen/synth/NormalNoise.java,net/minecraft/world/level/levelgen/synth/PerlinNoise.java,net/minecraft/world/level/levelgen/synth/PerlinSimplexNoise.java,net/minecraft/world/level/levelgen/synth/SimplexNoise.java,net/minecraft/world/level/levelgen/synth/package-info.java	minecraft	8	975	rivet-world	3	27	yes	com.mojang.datafixers.util,com.mojang.serialization,net.minecraft.core,net.minecraft.core.registries,net.minecraft.resources,net.minecraft.util,net.minecraft.world.level.levelgen	pending	0	
mc.world.level.lighting	net.minecraft.world.level.lighting	net/minecraft/world/level/lighting/BlockLightEngine.java,net/minecraft/world/level/lighting/BlockLightSectionStorage.java,net/minecraft/world/level/lighting/ChunkSkyLightSources.java,net/minecraft/world/level/lighting/DataLayerStorageMap.java,net/minecraft/world/level/lighting/DynamicGraphMinFixedPoint.java,net/minecraft/world/level/lighting/LayerLightEventListener.java,net/minecraft/world/level/lighting/LayerLightSectionStorage.java,net/minecraft/world/level/lighting/LevelLightEngine.java,net/minecraft/world/level/lighting/LeveledPriorityQueue.java,net/minecraft/world/level/lighting/LightEngine.java,net/minecraft/world/level/lighting/LightEventListener.java,net/minecraft/world/level/lighting/SkyLightEngine.java,net/minecraft/world/level/lighting/SkyLightSectionStorage.java,net/minecraft/world/level/lighting/SpatialLongSet.java,net/minecraft/world/level/lighting/package-info.java	minecraft	15	2303	rivet-world	3	27	yes	net.minecraft.core,net.minecraft.util,net.minecraft.world.level,net.minecraft.world.level.block,net.minecraft.world.level.block.state,net.minecraft.world.level.chunk,net.minecraft.world.phys.shapes	pending	0	
mc.world.level.material	net.minecraft.world.level.material	net/minecraft/world/level/material/EmptyFluid.java,net/minecraft/world/level/material/FlowingFluid.java,net/minecraft/world/level/material/Fluid.java,net/minecraft/world/level/material/FluidIds.java,net/minecraft/world/level/material/FluidState.java,net/minecraft/world/level/material/Fluids.java,net/minecraft/world/level/material/FogType.java,net/minecraft/world/level/material/LavaFluid.java,net/minecraft/world/level/material/MapColor.java,net/minecraft/world/level/material/PushReaction.java,net/minecraft/world/level/material/WaterFluid.java,net/minecraft/world/level/material/package-info.java	minecraft	12	1638	rivet-world	3	27	yes	com.mojang.serialization,net.minecraft,net.minecraft.core,net.minecraft.core.particles,net.minecraft.core.registries,net.minecraft.resources,net.minecraft.server.level,net.minecraft.sounds,net.minecraft.tags,net.minecraft.util,net.minecraft.world.attribute,net.minecraft.world.entity,net.minecraft.world.item,net.minecraft.world.level,net.minecraft.world.level.block,net.minecraft.world.level.block.entity,net.minecraft.world.level.block.state,net.minecraft.world.level.block.state.properties,net.minecraft.world.level.gamerules,net.minecraft.world.phys,net.minecraft.world.phys.shapes	pending	0	
mc.world.level.pathfinder	net.minecraft.world.level.pathfinder	net/minecraft/world/level/pathfinder/AmphibiousNodeEvaluator.java,net/minecraft/world/level/pathfinder/BinaryHeap.java,net/minecraft/world/level/pathfinder/FlyNodeEvaluator.java,net/minecraft/world/level/pathfinder/Node.java,net/minecraft/world/level/pathfinder/NodeEvaluator.java,net/minecraft/world/level/pathfinder/Path.java,net/minecraft/world/level/pathfinder/PathComputationType.java,net/minecraft/world/level/pathfinder/PathFinder.java,net/minecraft/world/level/pathfinder/PathType.java,net/minecraft/world/level/pathfinder/PathTypeCache.java,net/minecraft/world/level/pathfinder/PathfindingContext.java,net/minecraft/world/level/pathfinder/SwimNodeEvaluator.java,net/minecraft/world/level/pathfinder/Target.java,net/minecraft/world/level/pathfinder/WalkNodeEvaluator.java,net/minecraft/world/level/pathfinder/package-info.java	minecraft	15	2161	rivet-world	3	27	yes	net.minecraft.core,net.minecraft.network,net.minecraft.network.codec,net.minecraft.server.level,net.minecraft.tags,net.minecraft.util,net.minecraft.util.profiling,net.minecraft.util.profiling.metrics,net.minecraft.world.entity,net.minecraft.world.level,net.minecraft.world.level.block,net.minecraft.world.level.block.state,net.minecraft.world.level.material,net.minecraft.world.phys,net.minecraft.world.phys.shapes	pending	0	
mc.world.level.portal	net.minecraft.world.level.portal	net/minecraft/world/level/portal/PortalForcer.java,net/minecraft/world/level/portal/PortalShape.java,net/minecraft/world/level/portal/TeleportTransition.java,net/minecraft/world/level/portal/package-info.java	minecraft	4	789	rivet-world	3	27	yes	net.minecraft.core,net.minecraft.network.protocol.game,net.minecraft.server.level,net.minecraft.tags,net.minecraft.util,net.minecraft.world.entity,net.minecraft.world.entity.ai.village.poi,net.minecraft.world.level,net.minecraft.world.level.block,net.minecraft.world.level.block.state,net.minecraft.world.level.block.state.properties,net.minecraft.world.level.border,net.minecraft.world.level.levelgen,net.minecraft.world.level.storage,net.minecraft.world.phys,net.minecraft.world.phys.shapes	pending	0	
mc.world.level.redstone	net.minecraft.world.level.redstone	net/minecraft/world/level/redstone/CollectingNeighborUpdater.java,net/minecraft/world/level/redstone/DefaultRedstoneWireEvaluator.java,net/minecraft/world/level/redstone/ExperimentalRedstoneUtils.java,net/minecraft/world/level/redstone/ExperimentalRedstoneWireEvaluator.java,net/minecraft/world/level/redstone/InstantNeighborUpdater.java,net/minecraft/world/level/redstone/NeighborUpdater.java,net/minecraft/world/level/redstone/Orientation.java,net/minecraft/world/level/redstone/Redstone.java,net/minecraft/world/level/redstone/RedstoneWireEvaluator.java,net/minecraft/world/level/redstone/package-info.java	minecraft	10	954	rivet-world	3	27	yes	net.minecraft,net.minecraft.core,net.minecraft.core.registries,net.minecraft.network.codec,net.minecraft.server.level,net.minecraft.util,net.minecraft.util.debug,net.minecraft.world.flag,net.minecraft.world.level,net.minecraft.world.level.block,net.minecraft.world.level.block.state,net.minecraft.world.level.block.state.properties	pending	0	
mc.world.level.saveddata	net.minecraft.world.level.saveddata	net/minecraft/world/level/saveddata/SavedData.java,net/minecraft/world/level/saveddata/SavedDataType.java,net/minecraft/world/level/saveddata/WanderingTraderData.java,net/minecraft/world/level/saveddata/WeatherData.java,net/minecraft/world/level/saveddata/package-info.java	minecraft	5	225	rivet-world	3	27	yes	com.mojang.serialization,net.minecraft.resources,net.minecraft.util.datafix	pending	0	
mc.world.level.saveddata.maps	net.minecraft.world.level.saveddata.maps	net/minecraft/world/level/saveddata/maps/MapBanner.java,net/minecraft/world/level/saveddata/maps/MapDecoration.java,net/minecraft/world/level/saveddata/maps/MapDecorationType.java,net/minecraft/world/level/saveddata/maps/MapDecorationTypes.java,net/minecraft/world/level/saveddata/maps/MapFrame.java,net/minecraft/world/level/saveddata/maps/MapId.java,net/minecraft/world/level/saveddata/maps/MapIndex.java,net/minecraft/world/level/saveddata/maps/MapItemSavedData.java,net/minecraft/world/level/saveddata/maps/package-info.java	minecraft	9	1069	rivet-world	3	27	yes	com.mojang.datafixers.util,com.mojang.serialization,net.minecraft,net.minecraft.core,net.minecraft.core.component,net.minecraft.core.registries,net.minecraft.network,net.minecraft.network.chat,net.minecraft.network.codec,net.minecraft.network.protocol,net.minecraft.network.protocol.game,net.minecraft.resources,net.minecraft.tags,net.minecraft.util,net.minecraft.util.datafix,net.minecraft.world.entity,net.minecraft.world.entity.decoration,net.minecraft.world.entity.player,net.minecraft.world.item,net.minecraft.world.item.component,net.minecraft.world.level,net.minecraft.world.level.block.entity,net.minecraft.world.level.material,net.minecraft.world.level.saveddata	pending	0	
mc.world.level.storage	net.minecraft.world.level.storage	net/minecraft/world/level/storage/CommandStorage.java,net/minecraft/world/level/storage/DataVersion.java,net/minecraft/world/level/storage/DerivedLevelData.java,net/minecraft/world/level/storage/FileNameDateFormatter.java,net/minecraft/world/level/storage/LevelData.java,net/minecraft/world/level/storage/LevelDataAndDimensions.java,net/minecraft/world/level/storage/LevelResource.java,net/minecraft/world/level/storage/LevelStorageException.java,net/minecraft/world/level/storage/LevelStorageSource.java,net/minecraft/world/level/storage/LevelSummary.java,net/minecraft/world/level/storage/LevelVersion.java,net/minecraft/world/level/storage/PlayerDataStorage.java,net/minecraft/world/level/storage/PrimaryLevelData.java,net/minecraft/world/level/storage/SavedDataStorage.java,net/minecraft/world/level/storage/ServerLevelData.java,net/minecraft/world/level/storage/TagValueInput.java,net/minecraft/world/level/storage/TagValueOutput.java,net/minecraft/world/level/storage/ValueInput.java,net/minecraft/world/level/storage/ValueInputContextHelper.java,net/minecraft/world/level/storage/ValueOutput.java,net/minecraft/world/level/storage/WorldData.java,net/minecraft/world/level/storage/WritableLevelData.java,net/minecraft/world/level/storage/package-info.java	minecraft	23	3393	rivet-world	3	27	yes	com.mojang.datafixers,com.mojang.serialization,net.minecraft,net.minecraft.core,net.minecraft.nbt,net.minecraft.nbt.visitors,net.minecraft.network.chat,net.minecraft.network.codec,net.minecraft.resources,net.minecraft.server,net.minecraft.server.packs.repository,net.minecraft.server.players,net.minecraft.util,net.minecraft.util.datafix,net.minecraft.world,net.minecraft.world.entity.player,net.minecraft.world.flag,net.minecraft.world.level,net.minecraft.world.level.dimension,net.minecraft.world.level.gamerules,net.minecraft.world.level.levelgen,net.minecraft.world.level.saveddata,net.minecraft.world.level.validation	pending	0	
mc.world.level.storage.loot	net.minecraft.world.level.storage.loot	net/minecraft/world/level/storage/loot/BuiltInLootTables.java,net/minecraft/world/level/storage/loot/ContainerComponentManipulator.java,net/minecraft/world/level/storage/loot/ContainerComponentManipulators.java,net/minecraft/world/level/storage/loot/IntRange.java,net/minecraft/world/level/storage/loot/LootContext.java,net/minecraft/world/level/storage/loot/LootContextArg.java,net/minecraft/world/level/storage/loot/LootContextUser.java,net/minecraft/world/level/storage/loot/LootDataType.java,net/minecraft/world/level/storage/loot/LootParams.java,net/minecraft/world/level/storage/loot/LootPool.java,net/minecraft/world/level/storage/loot/LootTable.java,net/minecraft/world/level/storage/loot/Validatable.java,net/minecraft/world/level/storage/loot/ValidationContext.java,net/minecraft/world/level/storage/loot/ValidationContextSource.java,net/minecraft/world/level/storage/loot/package-info.java	minecraft	15	1525	rivet-world	3	27	yes	com.mojang.datafixers.util,com.mojang.serialization,net.minecraft.core,net.minecraft.core.component,net.minecraft.core.registries,net.minecraft.resources,net.minecraft.server,net.minecraft.server.level,net.minecraft.util,net.minecraft.util.context,net.minecraft.world,net.minecraft.world.entity,net.minecraft.world.item,net.minecraft.world.item.component,net.minecraft.world.item.slot,net.minecraft.world.level.block,net.minecraft.world.level.block.entity,net.minecraft.world.level.storage.loot.entries,net.minecraft.world.level.storage.loot.functions,net.minecraft.world.level.storage.loot.parameters,net.minecraft.world.level.storage.loot.predicates,net.minecraft.world.level.storage.loot.providers.number	pending	0	
mc.world.level.storage.loot.entries	net.minecraft.world.level.storage.loot.entries	net/minecraft/world/level/storage/loot/entries/AlternativesEntry.java,net/minecraft/world/level/storage/loot/entries/ComposableEntryContainer.java,net/minecraft/world/level/storage/loot/entries/CompositeEntryBase.java,net/minecraft/world/level/storage/loot/entries/DynamicLoot.java,net/minecraft/world/level/storage/loot/entries/EmptyLootItem.java,net/minecraft/world/level/storage/loot/entries/EntryGroup.java,net/minecraft/world/level/storage/loot/entries/LootItem.java,net/minecraft/world/level/storage/loot/entries/LootPoolEntries.java,net/minecraft/world/level/storage/loot/entries/LootPoolEntry.java,net/minecraft/world/level/storage/loot/entries/LootPoolEntryContainer.java,net/minecraft/world/level/storage/loot/entries/LootPoolSingletonContainer.java,net/minecraft/world/level/storage/loot/entries/NestedLootTable.java,net/minecraft/world/level/storage/loot/entries/SequentialEntry.java,net/minecraft/world/level/storage/loot/entries/SlotLoot.java,net/minecraft/world/level/storage/loot/entries/TagEntry.java,net/minecraft/world/level/storage/loot/entries/package-info.java	minecraft	16	902	rivet-world	3	27	yes	com.mojang.datafixers.util,com.mojang.serialization,net.minecraft.core,net.minecraft.core.registries,net.minecraft.resources,net.minecraft.tags,net.minecraft.util,net.minecraft.world.item,net.minecraft.world.item.slot,net.minecraft.world.level,net.minecraft.world.level.storage.loot,net.minecraft.world.level.storage.loot.functions,net.minecraft.world.level.storage.loot.predicates	pending	0	
mc.world.level.storage.loot.functions	net.minecraft.world.level.storage.loot.functions	net/minecraft/world/level/storage/loot/functions/ApplyBonusCount.java,net/minecraft/world/level/storage/loot/functions/ApplyExplosionDecay.java,net/minecraft/world/level/storage/loot/functions/CopyBlockState.java,net/minecraft/world/level/storage/loot/functions/CopyComponentsFunction.java,net/minecraft/world/level/storage/loot/functions/CopyCustomDataFunction.java,net/minecraft/world/level/storage/loot/functions/CopyNameFunction.java,net/minecraft/world/level/storage/loot/functions/DiscardItem.java,net/minecraft/world/level/storage/loot/functions/EnchantRandomlyFunction.java,net/minecraft/world/level/storage/loot/functions/EnchantWithLevelsFunction.java,net/minecraft/world/level/storage/loot/functions/EnchantedCountIncreaseFunction.java,net/minecraft/world/level/storage/loot/functions/ExplorationMapFunction.java,net/minecraft/world/level/storage/loot/functions/FillPlayerHead.java,net/minecraft/world/level/storage/loot/functions/FilteredFunction.java,net/minecraft/world/level/storage/loot/functions/FunctionReference.java,net/minecraft/world/level/storage/loot/functions/FunctionUserBuilder.java,net/minecraft/world/level/storage/loot/functions/LimitCount.java,net/minecraft/world/level/storage/loot/functions/ListOperation.java,net/minecraft/world/level/storage/loot/functions/LootItemConditionalFunction.java,net/minecraft/world/level/storage/loot/functions/LootItemFunction.java,net/minecraft/world/level/storage/loot/functions/LootItemFunctions.java,net/minecraft/world/level/storage/loot/functions/ModifyContainerContents.java,net/minecraft/world/level/storage/loot/functions/SequenceFunction.java,net/minecraft/world/level/storage/loot/functions/SetAttributesFunction.java,net/minecraft/world/level/storage/loot/functions/SetBannerPatternFunction.java,net/minecraft/world/level/storage/loot/functions/SetBookCoverFunction.java,net/minecraft/world/level/storage/loot/functions/SetComponentsFunction.java,net/minecraft/world/level/storage/loot/functions/SetContainerContents.java,net/minecraft/world/level/storage/loot/functions/SetContainerLootTable.java,net/minecraft/world/level/storage/loot/functions/SetCustomDataFunction.java,net/minecraft/world/level/storage/loot/functions/SetCustomModelDataFunction.java,net/minecraft/world/level/storage/loot/functions/SetEnchantmentsFunction.java,net/minecraft/world/level/storage/loot/functions/SetFireworkExplosionFunction.java,net/minecraft/world/level/storage/loot/functions/SetFireworksFunction.java,net/minecraft/world/level/storage/loot/functions/SetInstrumentFunction.java,net/minecraft/world/level/storage/loot/functions/SetItemCountFunction.java,net/minecraft/world/level/storage/loot/functions/SetItemDamageFunction.java,net/minecraft/world/level/storage/loot/functions/SetItemFunction.java,net/minecraft/world/level/storage/loot/functions/SetLoreFunction.java,net/minecraft/world/level/storage/loot/functions/SetNameFunction.java,net/minecraft/world/level/storage/loot/functions/SetOminousBottleAmplifierFunction.java,net/minecraft/world/level/storage/loot/functions/SetPotionFunction.java,net/minecraft/world/level/storage/loot/functions/SetRandomDyesFunction.java,net/minecraft/world/level/storage/loot/functions/SetRandomPotionFunction.java,net/minecraft/world/level/storage/loot/functions/SetStewEffectFunction.java,net/minecraft/world/level/storage/loot/functions/SetWritableBookPagesFunction.java,net/minecraft/world/level/storage/loot/functions/SetWrittenBookPagesFunction.java,net/minecraft/world/level/storage/loot/functions/SmeltItemFunction.java,net/minecraft/world/level/storage/loot/functions/ToggleTooltips.java,net/minecraft/world/level/storage/loot/functions/package-info.java	minecraft	49	3936	rivet-world	3	27	yes	com.mojang.brigadier.exceptions,com.mojang.datafixers,com.mojang.serialization,net.minecraft.advancements.predicates,net.minecraft.commands,net.minecraft.commands.arguments,net.minecraft.core,net.minecraft.core.component,net.minecraft.core.registries,net.minecraft.nbt,net.minecraft.network.chat,net.minecraft.resources,net.minecraft.server.level,net.minecraft.server.network,net.minecraft.server.permissions,net.minecraft.tags,net.minecraft.util,net.minecraft.util.context,net.minecraft.world,net.minecraft.world.effect,net.minecraft.world.entity,net.minecraft.world.entity.ai.attributes,net.minecraft.world.entity.player,net.minecraft.world.item,net.minecraft.world.item.alchemy,net.minecraft.world.item.component,net.minecraft.world.item.crafting,net.minecraft.world.item.enchantment,net.minecraft.world.level.block,net.minecraft.world.level.block.entity,net.minecraft.world.level.block.state,net.minecraft.world.level.block.state.properties,net.minecraft.world.level.levelgen.structure,net.minecraft.world.level.saveddata.maps,net.minecraft.world.level.storage.loot,net.minecraft.world.level.storage.loot.entries,net.minecraft.world.level.storage.loot.parameters,net.minecraft.world.level.storage.loot.predicates,net.minecraft.world.level.storage.loot.providers.nbt,net.minecraft.world.level.storage.loot.providers.number,net.minecraft.world.phys	pending	0	
mc.world.level.storage.loot.parameters	net.minecraft.world.level.storage.loot.parameters	net/minecraft/world/level/storage/loot/parameters/LootContextParamSets.java,net/minecraft/world/level/storage/loot/parameters/LootContextParams.java,net/minecraft/world/level/storage/loot/parameters/package-info.java	minecraft	3	187	rivet-world	3	27	yes	com.mojang.serialization,net.minecraft.resources,net.minecraft.util,net.minecraft.util.context,net.minecraft.world.damagesource,net.minecraft.world.entity,net.minecraft.world.entity.player,net.minecraft.world.item,net.minecraft.world.level.block.entity,net.minecraft.world.level.block.state,net.minecraft.world.phys	pending	0	
mc.world.level.storage.loot.predicates	net.minecraft.world.level.storage.loot.predicates	net/minecraft/world/level/storage/loot/predicates/AllOfCondition.java,net/minecraft/world/level/storage/loot/predicates/AnyOfCondition.java,net/minecraft/world/level/storage/loot/predicates/BonusLevelTableCondition.java,net/minecraft/world/level/storage/loot/predicates/CompositeLootItemCondition.java,net/minecraft/world/level/storage/loot/predicates/ConditionReference.java,net/minecraft/world/level/storage/loot/predicates/ConditionUserBuilder.java,net/minecraft/world/level/storage/loot/predicates/DamageSourceCondition.java,net/minecraft/world/level/storage/loot/predicates/EnchantmentActiveCheck.java,net/minecraft/world/level/storage/loot/predicates/EntityHasScoreCondition.java,net/minecraft/world/level/storage/loot/predicates/EnvironmentAttributeCheck.java,net/minecraft/world/level/storage/loot/predicates/ExplosionCondition.java,net/minecraft/world/level/storage/loot/predicates/InvertedLootItemCondition.java,net/minecraft/world/level/storage/loot/predicates/LocationCheck.java,net/minecraft/world/level/storage/loot/predicates/LootItemBlockStatePropertyCondition.java,net/minecraft/world/level/storage/loot/predicates/LootItemCondition.java,net/minecraft/world/level/storage/loot/predicates/LootItemConditions.java,net/minecraft/world/level/storage/loot/predicates/LootItemEntityPropertyCondition.java,net/minecraft/world/level/storage/loot/predicates/LootItemKilledByPlayerCondition.java,net/minecraft/world/level/storage/loot/predicates/LootItemRandomChanceCondition.java,net/minecraft/world/level/storage/loot/predicates/LootItemRandomChanceWithEnchantedBonusCondition.java,net/minecraft/world/level/storage/loot/predicates/MatchTool.java,net/minecraft/world/level/storage/loot/predicates/TimeCheck.java,net/minecraft/world/level/storage/loot/predicates/ValueCheckCondition.java,net/minecraft/world/level/storage/loot/predicates/WeatherCheck.java,net/minecraft/world/level/storage/loot/predicates/package-info.java	minecraft	25	1145	rivet-world	3	27	yes	com.mojang.serialization,net.minecraft.advancements.predicates,net.minecraft.advancements.predicates.entity,net.minecraft.core,net.minecraft.core.registries,net.minecraft.resources,net.minecraft.server.level,net.minecraft.util,net.minecraft.util.context,net.minecraft.world.attribute,net.minecraft.world.clock,net.minecraft.world.damagesource,net.minecraft.world.entity,net.minecraft.world.item,net.minecraft.world.item.enchantment,net.minecraft.world.level.block,net.minecraft.world.level.block.state,net.minecraft.world.level.storage.loot,net.minecraft.world.level.storage.loot.parameters,net.minecraft.world.level.storage.loot.providers.number,net.minecraft.world.phys,net.minecraft.world.scores	pending	0	
mc.world.level.storage.loot.providers.nbt	net.minecraft.world.level.storage.loot.providers.nbt	net/minecraft/world/level/storage/loot/providers/nbt/ContextNbtProvider.java,net/minecraft/world/level/storage/loot/providers/nbt/NbtProvider.java,net/minecraft/world/level/storage/loot/providers/nbt/NbtProviders.java,net/minecraft/world/level/storage/loot/providers/nbt/StorageNbtProvider.java,net/minecraft/world/level/storage/loot/providers/nbt/package-info.java	minecraft	5	122	rivet-world	3	27	yes	com.mojang.datafixers.util,com.mojang.serialization,net.minecraft.advancements.predicates,net.minecraft.core,net.minecraft.core.registries,net.minecraft.nbt,net.minecraft.resources,net.minecraft.util.context,net.minecraft.world.entity,net.minecraft.world.level.block.entity,net.minecraft.world.level.storage.loot	pending	0	
mc.world.level.storage.loot.providers.number	net.minecraft.world.level.storage.loot.providers.number	net/minecraft/world/level/storage/loot/providers/number/BinomialDistributionGenerator.java,net/minecraft/world/level/storage/loot/providers/number/ConstantValue.java,net/minecraft/world/level/storage/loot/providers/number/EnchantmentLevelProvider.java,net/minecraft/world/level/storage/loot/providers/number/EnvironmentAttributeValue.java,net/minecraft/world/level/storage/loot/providers/number/NumberProvider.java,net/minecraft/world/level/storage/loot/providers/number/NumberProviders.java,net/minecraft/world/level/storage/loot/providers/number/ScoreboardValue.java,net/minecraft/world/level/storage/loot/providers/number/StorageValue.java,net/minecraft/world/level/storage/loot/providers/number/Sum.java,net/minecraft/world/level/storage/loot/providers/number/UniformGenerator.java,net/minecraft/world/level/storage/loot/providers/number/package-info.java	minecraft	11	414	rivet-world	3	27	yes	com.mojang.brigadier.exceptions,com.mojang.datafixers.util,com.mojang.serialization,net.minecraft.commands.arguments,net.minecraft.core,net.minecraft.core.registries,net.minecraft.nbt,net.minecraft.resources,net.minecraft.util,net.minecraft.util.context,net.minecraft.world.attribute,net.minecraft.world.item.enchantment,net.minecraft.world.level.storage.loot,net.minecraft.world.level.storage.loot.parameters,net.minecraft.world.level.storage.loot.providers.score,net.minecraft.world.scores	pending	0	
mc.world.level.storage.loot.providers.score	net.minecraft.world.level.storage.loot.providers.score	net/minecraft/world/level/storage/loot/providers/score/ContextScoreboardNameProvider.java,net/minecraft/world/level/storage/loot/providers/score/FixedScoreboardNameProvider.java,net/minecraft/world/level/storage/loot/providers/score/ScoreboardNameProvider.java,net/minecraft/world/level/storage/loot/providers/score/ScoreboardNameProviders.java,net/minecraft/world/level/storage/loot/providers/score/package-info.java	minecraft	5	104	rivet-world	3	27	yes	com.mojang.datafixers.util,com.mojang.serialization,net.minecraft.core,net.minecraft.core.registries,net.minecraft.util.context,net.minecraft.world.level.storage.loot,net.minecraft.world.scores	pending	0	
mc.world.level.timers	net.minecraft.world.level.timers	net/minecraft/world/level/timers/FunctionCallback.java,net/minecraft/world/level/timers/FunctionTagCallback.java,net/minecraft/world/level/timers/TimerCallback.java,net/minecraft/world/level/timers/TimerCallbacks.java,net/minecraft/world/level/timers/TimerQueue.java,net/minecraft/world/level/timers/package-info.java	minecraft	6	213	rivet-world	3	27	yes	com.mojang.serialization,net.minecraft.commands,net.minecraft.commands.functions,net.minecraft.resources,net.minecraft.server,net.minecraft.util,net.minecraft.util.datafix,net.minecraft.world.level.saveddata	pending	0	
mc.world.phys	net.minecraft.world.phys	net/minecraft/world/phys/AABB.java,net/minecraft/world/phys/BlockHitResult.java,net/minecraft/world/phys/EntityHitResult.java,net/minecraft/world/phys/HitResult.java,net/minecraft/world/phys/Vec2.java,net/minecraft/world/phys/Vec3.java,net/minecraft/world/phys/package-info.java	minecraft	7	1040	rivet-world	3	27	yes	com.mojang.serialization,net.minecraft.core,net.minecraft.network,net.minecraft.network.codec,net.minecraft.util,net.minecraft.world.entity,net.minecraft.world.level.levelgen.structure	pending	0	
mc.world.phys.shapes	net.minecraft.world.phys.shapes	net/minecraft/world/phys/shapes/ArrayVoxelShape.java,net/minecraft/world/phys/shapes/BitSetDiscreteVoxelShape.java,net/minecraft/world/phys/shapes/BooleanOp.java,net/minecraft/world/phys/shapes/CollisionContext.java,net/minecraft/world/phys/shapes/CubePointRange.java,net/minecraft/world/phys/shapes/CubeVoxelShape.java,net/minecraft/world/phys/shapes/DiscreteCubeMerger.java,net/minecraft/world/phys/shapes/DiscreteVoxelShape.java,net/minecraft/world/phys/shapes/EntityCollisionContext.java,net/minecraft/world/phys/shapes/IdenticalMerger.java,net/minecraft/world/phys/shapes/IndexMerger.java,net/minecraft/world/phys/shapes/IndirectMerger.java,net/minecraft/world/phys/shapes/MinecartCollisionContext.java,net/minecraft/world/phys/shapes/NonOverlappingMerger.java,net/minecraft/world/phys/shapes/OffsetDoubleList.java,net/minecraft/world/phys/shapes/PositionCollisionContext.java,net/minecraft/world/phys/shapes/Shapes.java,net/minecraft/world/phys/shapes/SliceShape.java,net/minecraft/world/phys/shapes/SubShape.java,net/minecraft/world/phys/shapes/VoxelShape.java,net/minecraft/world/phys/shapes/package-info.java	minecraft	21	2895	rivet-world	3	27	yes	net.minecraft.core,net.minecraft.util,net.minecraft.world.entity,net.minecraft.world.entity.player,net.minecraft.world.entity.vehicle.minecart,net.minecraft.world.item,net.minecraft.world.level,net.minecraft.world.level.block,net.minecraft.world.level.block.state,net.minecraft.world.level.block.state.properties,net.minecraft.world.level.material,net.minecraft.world.phys	pending	0	
mc.world.scores	net.minecraft.world.scores	net/minecraft/world/scores/DisplaySlot.java,net/minecraft/world/scores/Objective.java,net/minecraft/world/scores/PlayerScoreEntry.java,net/minecraft/world/scores/PlayerScores.java,net/minecraft/world/scores/PlayerTeam.java,net/minecraft/world/scores/ReadOnlyScoreInfo.java,net/minecraft/world/scores/Score.java,net/minecraft/world/scores/ScoreAccess.java,net/minecraft/world/scores/ScoreHolder.java,net/minecraft/world/scores/Scoreboard.java,net/minecraft/world/scores/ScoreboardSaveData.java,net/minecraft/world/scores/Team.java,net/minecraft/world/scores/TeamColor.java,net/minecraft/world/scores/package-info.java	minecraft	14	1334	rivet-world	3	27	yes	com.mojang.serialization,net.minecraft.network.chat,net.minecraft.network.chat.numbers,net.minecraft.network.codec,net.minecraft.resources,net.minecraft.util,net.minecraft.util.datafix,net.minecraft.world.entity,net.minecraft.world.entity.player,net.minecraft.world.level.saveddata,net.minecraft.world.scores.criteria	pending	0	
mc.world.scores.criteria	net.minecraft.world.scores.criteria	net/minecraft/world/scores/criteria/ObjectiveCriteria.java,net/minecraft/world/scores/criteria/package-info.java	minecraft	2	139	rivet-world	3	27	yes	com.mojang.serialization,net.minecraft.core.registries,net.minecraft.resources,net.minecraft.stats,net.minecraft.util,net.minecraft.world.scores	pending	0	
mc.world.ticks	net.minecraft.world.ticks	net/minecraft/world/ticks/BlackholeTickAccess.java,net/minecraft/world/ticks/ContainerSingleItem.java,net/minecraft/world/ticks/LevelChunkTicks.java,net/minecraft/world/ticks/LevelTickAccess.java,net/minecraft/world/ticks/LevelTicks.java,net/minecraft/world/ticks/ProtoChunkTicks.java,net/minecraft/world/ticks/SavedTick.java,net/minecraft/world/ticks/ScheduledTick.java,net/minecraft/world/ticks/SerializableTickContainer.java,net/minecraft/world/ticks/TickAccess.java,net/minecraft/world/ticks/TickContainerAccess.java,net/minecraft/world/ticks/TickPriority.java,net/minecraft/world/ticks/WorldGenTickAccess.java,net/minecraft/world/ticks/package-info.java	minecraft	14	799	rivet-world	3	27	yes	com.mojang.serialization,net.minecraft.core,net.minecraft.util,net.minecraft.util.profiling,net.minecraft.world,net.minecraft.world.entity.player,net.minecraft.world.item,net.minecraft.world.level,net.minecraft.world.level.block.entity,net.minecraft.world.level.levelgen.structure	pending	0	
mc.world.timeline	net.minecraft.world.timeline	net/minecraft/world/timeline/AttributeTrack.java,net/minecraft/world/timeline/AttributeTrackSampler.java,net/minecraft/world/timeline/Timeline.java,net/minecraft/world/timeline/Timelines.java,net/minecraft/world/timeline/package-info.java	minecraft	5	525	rivet-world	3	27	yes	com.mojang.datafixers.util,com.mojang.serialization,net.minecraft.core,net.minecraft.core.registries,net.minecraft.data.worldgen,net.minecraft.resources,net.minecraft.util,net.minecraft.world.attribute,net.minecraft.world.attribute.modifier,net.minecraft.world.clock,net.minecraft.world.entity.schedule,net.minecraft.world.level,net.minecraft.world.level.dimension	pending	0	
mc.world.waypoints	net.minecraft.world.waypoints	net/minecraft/world/waypoints/PartialTickSupplier.java,net/minecraft/world/waypoints/TrackedWaypoint.java,net/minecraft/world/waypoints/TrackedWaypointManager.java,net/minecraft/world/waypoints/Waypoint.java,net/minecraft/world/waypoints/WaypointManager.java,net/minecraft/world/waypoints/WaypointStyleAsset.java,net/minecraft/world/waypoints/WaypointStyleAssets.java,net/minecraft/world/waypoints/WaypointTransmitter.java,net/minecraft/world/waypoints/package-info.java	minecraft	9	672	rivet-world	3	27	yes	com.mojang.datafixers.util,com.mojang.serialization,net.minecraft.core,net.minecraft.core.component,net.minecraft.network,net.minecraft.network.codec,net.minecraft.network.protocol.game,net.minecraft.resources,net.minecraft.server.level,net.minecraft.util,net.minecraft.world.entity,net.minecraft.world.entity.ai.attributes,net.minecraft.world.item,net.minecraft.world.item.component,net.minecraft.world.level,net.minecraft.world.phys,net.minecraft.world.scores	pending	0	
net.minecraft	net.minecraft	net/minecraft/CharPredicate.java,net/minecraft/ChatFormatting.java,net/minecraft/CrashReport.java,net/minecraft/CrashReportCategory.java,net/minecraft/CrashReportDetail.java,net/minecraft/DefaultUncaughtExceptionHandler.java,net/minecraft/DefaultUncaughtExceptionHandlerWithName.java,net/minecraft/DetectedVersion.java,net/minecraft/ExitCodes.java,net/minecraft/IdentifierException.java,net/minecraft/Optionull.java,net/minecraft/ReportType.java,net/minecraft/ReportedException.java,net/minecraft/SharedConstants.java,net/minecraft/SuppressForbidden.java,net/minecraft/SystemReport.java,net/minecraft/TracingExecutor.java,net/minecraft/WorldVersion.java,net/minecraft/package-info.java	minecraft	19	1515	rivet-core	3	27	yes	com.mojang.brigadier.exceptions,net.minecraft.commands,net.minecraft.core,net.minecraft.server.packs,net.minecraft.server.packs.metadata.pack,net.minecraft.util,net.minecraft.world.level,net.minecraft.world.level.block.state,net.minecraft.world.level.storage	pending	0	
org.bukkit	org.bukkit	org/bukkit/Art.java,org/bukkit/Axis.java,org/bukkit/BanEntry.java,org/bukkit/BanList.java,org/bukkit/BlockChangeDelegate.java,org/bukkit/Bukkit.java,org/bukkit/ChatColor.java,org/bukkit/Chunk.java,org/bukkit/ChunkSnapshot.java,org/bukkit/CoalType.java,org/bukkit/Color.java,org/bukkit/CropState.java,org/bukkit/Difficulty.java,org/bukkit/DyeColor.java,org/bukkit/Effect.java,org/bukkit/EntityEffect.java,org/bukkit/ExplosionResult.java,org/bukkit/FeatureFlag.java,org/bukkit/FeatureFlagImpl.java,org/bukkit/FireworkEffect.java,org/bukkit/Fluid.java,org/bukkit/FluidCollisionMode.java,org/bukkit/GameEvent.java,org/bukkit/GameMode.java,org/bukkit/GameRule.java,org/bukkit/GameRules.java,org/bukkit/GrassSpecies.java,org/bukkit/HeightMap.java,org/bukkit/Input.java,org/bukkit/Instrument.java,org/bukkit/JukeboxSong.java,org/bukkit/Keyed.java,org/bukkit/Location.java,org/bukkit/Material.java,org/bukkit/MinecraftExperimental.java,org/bukkit/MusicInstrument.java,org/bukkit/Nameable.java,org/bukkit/NamespacedKey.java,org/bukkit/NetherWartsState.java,org/bukkit/Note.java,org/bukkit/OfflinePlayer.java,org/bukkit/Particle.java,org/bukkit/PortalType.java,org/bukkit/Raid.java,org/bukkit/RegionAccessor.java,org/bukkit/Registry.java,org/bukkit/Rotation.java,org/bukkit/SandstoneType.java,org/bukkit/Server.java,org/bukkit/ServerLinks.java,org/bukkit/ServerTickManager.java,org/bukkit/SkullType.java,org/bukkit/Sound.java,org/bukkit/SoundCategory.java,org/bukkit/SoundGroup.java,org/bukkit/Statistic.java,org/bukkit/StructureType.java,org/bukkit/Tag.java,org/bukkit/Translatable.java,org/bukkit/TreeSpecies.java,org/bukkit/TreeType.java,org/bukkit/UndefinedNullability.java,org/bukkit/UnsafeValues.java,org/bukkit/Utility.java,org/bukkit/Vibration.java,org/bukkit/Warning.java,org/bukkit/WeatherType.java,org/bukkit/World.java,org/bukkit/WorldBorder.java,org/bukkit/WorldCreator.java,org/bukkit/WorldType.java,org/bukkit/package-info.java	paper-api	72	32824	rivet-api	3	27	yes	io.papermc.paper,io.papermc.paper.configuration,io.papermc.paper.datacomponent,io.papermc.paper.datacomponent.item,io.papermc.paper.entity,io.papermc.paper.entity.poi,io.papermc.paper.math,io.papermc.paper.raytracing,io.papermc.paper.registry,io.papermc.paper.registry.data,io.papermc.paper.registry.tag,io.papermc.paper.util,io.papermc.paper.world,io.papermc.paper.world.flag,org.bukkit.advancement,org.bukkit.attribute,org.bukkit.ban,org.bukkit.block,org.bukkit.block.banner,org.bukkit.block.data,org.bukkit.block.data.type,org.bukkit.boss,org.bukkit.command,org.bukkit.configuration.serialization,org.bukkit.damage,org.bukkit.enchantments,org.bukkit.entity,org.bukkit.entity.memory,org.bukkit.entity.minecart,org.bukkit.event.entity,org.bukkit.event.inventory,org.bukkit.event.server,org.bukkit.generator,org.bukkit.generator.structure,org.bukkit.help,org.bukkit.inventory,org.bukkit.inventory.meta,org.bukkit.inventory.meta.trim,org.bukkit.loot,org.bukkit.map,org.bukkit.material,org.bukkit.metadata,org.bukkit.packs,org.bukkit.permissions,org.bukkit.persistence,org.bukkit.plugin,org.bukkit.plugin.messaging,org.bukkit.potion,org.bukkit.profile,org.bukkit.scheduler,org.bukkit.scoreboard,org.bukkit.structure,org.bukkit.util	pending	0	
org.spigotmc	org.spigotmc	org/spigotmc/AsyncCatcher.java,org/spigotmc/CustomTimingsHandler.java,org/spigotmc/LimitStream.java,org/spigotmc/RestartCommand.java,org/spigotmc/SpigotCommand.java,org/spigotmc/SpigotConfig.java,org/spigotmc/SpigotWorldConfig.java,org/spigotmc/TickLimiter.java,org/spigotmc/TicksPerSecondCommand.java,org/spigotmc/TrackingRange.java,org/spigotmc/WatchdogThread.java,org/spigotmc/package-info.java	paper-api,paper-server	12	1432	rivet-server	3	27	yes	io.papermc.paper,io.papermc.paper.configuration,net.minecraft.core.registries,net.minecraft.nbt,net.minecraft.resources,net.minecraft.server,net.minecraft.server.level,net.minecraft.world.entity,net.minecraft.world.entity.ai.attributes,net.minecraft.world.entity.decoration,net.minecraft.world.entity.decoration.painting,net.minecraft.world.entity.item,org.bukkit,org.bukkit.command,org.bukkit.configuration,org.bukkit.configuration.file,org.bukkit.craftbukkit,org.bukkit.craftbukkit.util,org.bukkit.plugin	pending	0	
paper.adventure	io.papermc.paper.adventure	io/papermc/paper/adventure/AdventureCodecs.java,io/papermc/paper/adventure/AdventureComponent.java,io/papermc/paper/adventure/BossBarImplementationImpl.java,io/papermc/paper/adventure/ChatProcessor.java,io/papermc/paper/adventure/DisplayNames.java,io/papermc/paper/adventure/ImprovedChatDecorator.java,io/papermc/paper/adventure/LazyChatAudienceSet.java,io/papermc/paper/adventure/PaperAdventure.java,io/papermc/paper/adventure/WrapperAwareSerializer.java	paper-server	9	1725	rivet-api	3	27	yes	com.mojang.brigadier.exceptions,com.mojang.datafixers.util,com.mojang.serialization,io.papermc.paper.chat,io.papermc.paper.dialog,io.papermc.paper.event.player,io.papermc.paper.registry.data.dialog,net.minecraft,net.minecraft.commands,net.minecraft.commands.arguments.selector,net.minecraft.core,net.minecraft.core.component,net.minecraft.core.registries,net.minecraft.locale,net.minecraft.nbt,net.minecraft.network,net.minecraft.network.chat,net.minecraft.network.chat.contents,net.minecraft.network.codec,net.minecraft.network.protocol,net.minecraft.network.protocol.game,net.minecraft.resources,net.minecraft.server,net.minecraft.server.level,net.minecraft.sounds,net.minecraft.util,net.minecraft.world,net.minecraft.world.entity,net.minecraft.world.item,net.minecraft.world.item.component,net.minecraft.world.scores,org.bukkit,org.bukkit.command,org.bukkit.craftbukkit,org.bukkit.craftbukkit.entity,org.bukkit.craftbukkit.util,org.bukkit.entity,org.bukkit.event,org.bukkit.event.player	pending	0	
paper.adventure.providers	io.papermc.paper.adventure.providers	io/papermc/paper/adventure/providers/AdventurePropertiesDefaultOverrideProviderImpl.java,io/papermc/paper/adventure/providers/BossBarImplementationProvider.java,io/papermc/paper/adventure/providers/ClickCallbackProviderImpl.java,io/papermc/paper/adventure/providers/ComponentLoggerProviderImpl.java,io/papermc/paper/adventure/providers/DataComponentValueConverterProviderImpl.java,io/papermc/paper/adventure/providers/GsonComponentSerializerProviderImpl.java,io/papermc/paper/adventure/providers/LegacyComponentSerializerProviderImpl.java,io/papermc/paper/adventure/providers/MiniMessageProviderImpl.java,io/papermc/paper/adventure/providers/NBTLegacyHoverEventSerializer.java,io/papermc/paper/adventure/providers/PlainTextComponentSerializerProviderImpl.java	paper-server	10	530	rivet-api	3	27	yes	com.mojang.brigadier.exceptions,com.mojang.serialization,io.papermc.paper.adventure,io.papermc.paper.dialog,io.papermc.paper.registry.data.dialog.action,net.minecraft.core,net.minecraft.core.component,net.minecraft.core.registries,net.minecraft.nbt,net.minecraft.resources,org.bukkit.craftbukkit	pending	0	
paper.attribute	io.papermc.paper.attribute	io/papermc/paper/attribute/UnmodifiableAttributeInstance.java,io/papermc/paper/attribute/UnmodifiableAttributeMap.java	paper-server	2	73	rivet-api	3	27	yes	net.minecraft.world.entity.ai.attributes,org.bukkit.attribute,org.bukkit.craftbukkit.attribute	pending	0	
paper.block	io.papermc.paper.block	io/papermc/paper/block/BlockPredicate.java,io/papermc/paper/block/LockableTileState.java,io/papermc/paper/block/MovingPiston.java,io/papermc/paper/block/TileStateInventoryHolder.java	paper-api	4	142	rivet-api	3	27	yes	io.papermc.paper.registry.set,org.bukkit,org.bukkit.block,org.bukkit.block.data,org.bukkit.inventory	pending	0	
paper.block.bed	io.papermc.paper.block.bed	io/papermc/paper/block/bed/BedEnterAction.java,io/papermc/paper/block/bed/BedEnterActionBridge.java,io/papermc/paper/block/bed/BedEnterActionBridgeImpl.java,io/papermc/paper/block/bed/BedEnterActionImpl.java,io/papermc/paper/block/bed/BedEnterProblem.java,io/papermc/paper/block/bed/BedEnterProblemImpl.java,io/papermc/paper/block/bed/BedRuleResult.java,io/papermc/paper/block/bed/BedRuleResultImpl.java,io/papermc/paper/block/bed/package-info.java	paper-api,paper-server	9	262	rivet-api	3	27	yes	io.papermc.paper.adventure,net.minecraft.world.entity.player	pending	0	
paper.chat	io.papermc.paper.chat	io/papermc/paper/chat/ChatRenderer.java,io/papermc/paper/chat/ViewerUnawareImpl.java	paper-api	2	108	rivet-api	3	27	yes	org.bukkit.entity	pending	0	
paper.command	io.papermc.paper.command	io/papermc/paper/command/CommandBlockHolder.java,io/papermc/paper/command/CommandUtil.java,io/papermc/paper/command/PaperCommand.java,io/papermc/paper/command/PaperCommands.java,io/papermc/paper/command/PaperMSPTCommand.java,io/papermc/paper/command/PaperPluginsCommand.java,io/papermc/paper/command/PaperSubcommand.java,io/papermc/paper/command/PaperVersionCommand.java	paper-api,paper-server	8	860	rivet-api	3	27	yes	com.destroystokyo.paper.util,com.mojang.brigadier,com.mojang.brigadier.suggestion,com.mojang.brigadier.tree,io.papermc.paper,io.papermc.paper.command.brigadier,io.papermc.paper.command.subcommands,io.papermc.paper.plugin.configuration,io.papermc.paper.plugin.entrypoint,io.papermc.paper.plugin.provider,io.papermc.paper.plugin.provider.type.paper,io.papermc.paper.plugin.provider.type.spigot,net.minecraft.resources,net.minecraft.server,net.minecraft.util,org.bukkit,org.bukkit.command,org.bukkit.craftbukkit.util,org.bukkit.permissions,org.bukkit.plugin,org.bukkit.plugin.java,org.bukkit.util	pending	0	
paper.command.brigadier	io.papermc.paper.command.brigadier	io/papermc/paper/command/brigadier/APICommandMeta.java,io/papermc/paper/command/brigadier/ApiMirrorRootNode.java,io/papermc/paper/command/brigadier/BasicCommand.java,io/papermc/paper/command/brigadier/CommandRegistrationFlag.java,io/papermc/paper/command/brigadier/CommandSourceStack.java,io/papermc/paper/command/brigadier/Commands.java,io/papermc/paper/command/brigadier/MessageComponentSerializer.java,io/papermc/paper/command/brigadier/MessageComponentSerializerImpl.java,io/papermc/paper/command/brigadier/PaperBrigadier.java,io/papermc/paper/command/brigadier/PaperCommandSourceStack.java,io/papermc/paper/command/brigadier/PaperCommands.java,io/papermc/paper/command/brigadier/PluginVanillaCommandWrapper.java,io/papermc/paper/command/brigadier/ShadowBrigNode.java,io/papermc/paper/command/brigadier/package-info.java	paper-api,paper-server	14	1228	rivet-api	3	27	yes	com.destroystokyo.paper.brigadier,com.mojang.brigadier,com.mojang.brigadier.builder,com.mojang.brigadier.exceptions,com.mojang.brigadier.suggestion,com.mojang.brigadier.tree,io.papermc.paper,io.papermc.paper.adventure,io.papermc.paper.command.brigadier.argument,io.papermc.paper.command.brigadier.bukkit,io.papermc.paper.plugin.bootstrap,io.papermc.paper.plugin.configuration,io.papermc.paper.plugin.lifecycle.event,io.papermc.paper.plugin.lifecycle.event.registrar,net.minecraft.commands,net.minecraft.commands.synchronization,net.minecraft.network.chat,net.minecraft.server.permissions,net.minecraft.world.level,net.minecraft.world.phys,org.bukkit,org.bukkit.command,org.bukkit.craftbukkit.command,org.bukkit.craftbukkit.entity,org.bukkit.entity,org.bukkit.plugin	pending	0	
paper.command.brigadier.argument	io.papermc.paper.command.brigadier.argument	io/papermc/paper/command/brigadier/argument/ArgumentTypes.java,io/papermc/paper/command/brigadier/argument/AxisSet.java,io/papermc/paper/command/brigadier/argument/CustomArgumentType.java,io/papermc/paper/command/brigadier/argument/RegistryArgumentExtractor.java,io/papermc/paper/command/brigadier/argument/SignedMessageResolver.java,io/papermc/paper/command/brigadier/argument/SignedMessageResolverImpl.java,io/papermc/paper/command/brigadier/argument/VanillaArgumentProvider.java,io/papermc/paper/command/brigadier/argument/VanillaArgumentProviderImpl.java,io/papermc/paper/command/brigadier/argument/WrappedArgumentCommandNode.java,io/papermc/paper/command/brigadier/argument/package-info.java	paper-api,paper-server	10	1374	rivet-api	3	27	yes	com.destroystokyo.paper.profile,com.mojang.brigadier,com.mojang.brigadier.exceptions,com.mojang.brigadier.suggestion,com.mojang.brigadier.tree,io.papermc.paper.adventure,io.papermc.paper.command.brigadier,io.papermc.paper.command.brigadier.argument.predicate,io.papermc.paper.command.brigadier.argument.range,io.papermc.paper.command.brigadier.argument.resolvers,io.papermc.paper.command.brigadier.argument.resolvers.selector,io.papermc.paper.command.brigadier.position,io.papermc.paper.entity,io.papermc.paper.math,io.papermc.paper.registry,io.papermc.paper.util,net.minecraft.advancements.predicates,net.minecraft.commands,net.minecraft.commands.arguments,net.minecraft.commands.arguments.blocks,net.minecraft.commands.arguments.coordinates,net.minecraft.commands.arguments.item,net.minecraft.commands.synchronization,net.minecraft.core,net.minecraft.core.registries,net.minecraft.resources,net.minecraft.server,net.minecraft.server.level,net.minecraft.world.level,net.minecraft.world.level.block.state.pattern,net.minecraft.world.phys,org.bukkit,org.bukkit.block,org.bukkit.block.structure,org.bukkit.craftbukkit,org.bukkit.craftbukkit.block,org.bukkit.craftbukkit.block.data,org.bukkit.craftbukkit.inventory,org.bukkit.craftbukkit.scoreboard,org.bukkit.craftbukkit.util,org.bukkit.inventory,org.bukkit.scoreboard	pending	0	
paper.command.brigadier.argument.position	io.papermc.paper.command.brigadier.argument.position	io/papermc/paper/command/brigadier/argument/position/ColumnBlockPosition.java,io/papermc/paper/command/brigadier/argument/position/ColumnFinePosition.java	paper-api	2	79	rivet-api	3	27	yes	io.papermc.paper.math	pending	0	
paper.command.brigadier.argument.predicate	io.papermc.paper.command.brigadier.argument.predicate	io/papermc/paper/command/brigadier/argument/predicate/BlockInWorldPredicate.java,io/papermc/paper/command/brigadier/argument/predicate/ItemStackPredicate.java,io/papermc/paper/command/brigadier/argument/predicate/package-info.java	paper-api	3	96	rivet-api	3	27	yes	io.papermc.paper.command.brigadier.argument,org.bukkit.block,org.bukkit.inventory	pending	0	
paper.command.brigadier.argument.resolvers	io.papermc.paper.command.brigadier.argument.resolvers	io/papermc/paper/command/brigadier/argument/resolvers/AngleResolver.java,io/papermc/paper/command/brigadier/argument/resolvers/ArgumentResolver.java,io/papermc/paper/command/brigadier/argument/resolvers/BlockPositionResolver.java,io/papermc/paper/command/brigadier/argument/resolvers/ColumnBlockPositionResolver.java,io/papermc/paper/command/brigadier/argument/resolvers/ColumnFinePositionResolver.java,io/papermc/paper/command/brigadier/argument/resolvers/FinePositionResolver.java,io/papermc/paper/command/brigadier/argument/resolvers/PlayerProfileListResolver.java,io/papermc/paper/command/brigadier/argument/resolvers/RotationResolver.java,io/papermc/paper/command/brigadier/argument/resolvers/package-info.java	paper-api	9	155	rivet-api	3	27	yes	com.destroystokyo.paper.profile,com.mojang.brigadier.exceptions,io.papermc.paper.command.brigadier,io.papermc.paper.command.brigadier.argument,io.papermc.paper.command.brigadier.argument.position,io.papermc.paper.math	pending	0	
paper.command.brigadier.argument.resolvers.selector	io.papermc.paper.command.brigadier.argument.resolvers.selector	io/papermc/paper/command/brigadier/argument/resolvers/selector/EntitySelectorArgumentResolver.java,io/papermc/paper/command/brigadier/argument/resolvers/selector/PlayerSelectorArgumentResolver.java,io/papermc/paper/command/brigadier/argument/resolvers/selector/SelectorArgumentResolver.java,io/papermc/paper/command/brigadier/argument/resolvers/selector/package-info.java	paper-api	4	59	rivet-api	3	27	yes	io.papermc.paper.command.brigadier,io.papermc.paper.command.brigadier.argument.resolvers,org.bukkit.entity	pending	0	
paper.command.brigadier.bukkit	io.papermc.paper.command.brigadier.bukkit	io/papermc/paper/command/brigadier/bukkit/BukkitBrigForwardingMap.java,io/papermc/paper/command/brigadier/bukkit/BukkitCommandNode.java	paper-server	2	478	rivet-api	3	27	yes	com.mojang.brigadier,com.mojang.brigadier.builder,com.mojang.brigadier.exceptions,com.mojang.brigadier.suggestion,com.mojang.brigadier.tree,io.papermc.paper.command.brigadier,net.minecraft.commands,org.bukkit,org.bukkit.command,org.bukkit.craftbukkit.command,org.bukkit.entity,org.bukkit.event.server	pending	0	
paper.command.brigadier.position	io.papermc.paper.command.brigadier.position	io/papermc/paper/command/brigadier/position/ColumnBlockPositionImpl.java,io/papermc/paper/command/brigadier/position/ColumnFinePositionImpl.java	paper-server	2	12	rivet-api	3	27	yes	io.papermc.paper.command.brigadier.argument.position	pending	0	
paper.command.subcommands	io.papermc.paper.command.subcommands	io/papermc/paper/command/subcommands/ChunkDebugCommand.java,io/papermc/paper/command/subcommands/DumpItemCommand.java,io/papermc/paper/command/subcommands/DumpListenersCommand.java,io/papermc/paper/command/subcommands/DumpPluginsCommand.java,io/papermc/paper/command/subcommands/EntityCommand.java,io/papermc/paper/command/subcommands/FixLightCommand.java,io/papermc/paper/command/subcommands/HeapDumpCommand.java,io/papermc/paper/command/subcommands/MobcapsCommand.java,io/papermc/paper/command/subcommands/ReloadCommand.java,io/papermc/paper/command/subcommands/SyncLoadInfoCommand.java,io/papermc/paper/command/subcommands/VersionCommand.java	minecraft,paper-server	11	1519	rivet-api	3	27	yes	com.destroystokyo.paper.io,com.destroystokyo.paper.util,io.papermc.paper,io.papermc.paper.adventure,io.papermc.paper.command,io.papermc.paper.plugin.entrypoint,io.papermc.paper.plugin.entrypoint.classloader.group,io.papermc.paper.plugin.entrypoint.dependency,io.papermc.paper.plugin.entrypoint.strategy,io.papermc.paper.plugin.entrypoint.strategy.modern,io.papermc.paper.plugin.manager,io.papermc.paper.plugin.provider,io.papermc.paper.plugin.provider.classloader,io.papermc.paper.plugin.provider.entrypoint,io.papermc.paper.plugin.storage,io.papermc.paper.util,net.minecraft.core.component,net.minecraft.core.registries,net.minecraft.nbt,net.minecraft.resources,net.minecraft.server,net.minecraft.server.level,net.minecraft.world.entity,net.minecraft.world.item,net.minecraft.world.level,net.minecraft.world.level.chunk,org.bukkit,org.bukkit.command,org.bukkit.craftbukkit,org.bukkit.craftbukkit.entity,org.bukkit.craftbukkit.inventory,org.bukkit.entity,org.bukkit.event,org.bukkit.plugin	pending	0	
paper.configuration	io.papermc.paper.configuration	io/papermc/paper/configuration/Configuration.java,io/papermc/paper/configuration/ConfigurationLoaders.java,io/papermc/paper/configuration/ConfigurationPart.java,io/papermc/paper/configuration/Configurations.java,io/papermc/paper/configuration/GlobalConfiguration.java,io/papermc/paper/configuration/NestedSetting.java,io/papermc/paper/configuration/PaperConfigurations.java,io/papermc/paper/configuration/PaperServerConfiguration.java,io/papermc/paper/configuration/RemovedConfigurations.java,io/papermc/paper/configuration/ServerConfiguration.java,io/papermc/paper/configuration/WorldConfiguration.java,io/papermc/paper/configuration/package-info.java	paper-api,paper-server	12	2067	rivet-api	3	27	yes	io.papermc.paper,io.papermc.paper.configuration.constraint,io.papermc.paper.configuration.legacy,io.papermc.paper.configuration.mapping,io.papermc.paper.configuration.serializer,io.papermc.paper.configuration.serializer.collection,io.papermc.paper.configuration.serializer.collection.map,io.papermc.paper.configuration.serializer.registry,io.papermc.paper.configuration.transformation,io.papermc.paper.configuration.transformation.global,io.papermc.paper.configuration.transformation.global.versioned,io.papermc.paper.configuration.transformation.world,io.papermc.paper.configuration.transformation.world.versioned,io.papermc.paper.configuration.type,io.papermc.paper.configuration.type.fallback,io.papermc.paper.configuration.type.number,io.papermc.paper.util.sanitizer,net.minecraft.commands.arguments,net.minecraft.core,net.minecraft.core.component,net.minecraft.core.registries,net.minecraft.network.protocol,net.minecraft.network.protocol.game,net.minecraft.resources,net.minecraft.server,net.minecraft.server.level,net.minecraft.util,net.minecraft.world,net.minecraft.world.entity,net.minecraft.world.entity.boss.enderdragon,net.minecraft.world.entity.decoration,net.minecraft.world.entity.item,net.minecraft.world.entity.monster.illager,net.minecraft.world.entity.monster.zombie,net.minecraft.world.entity.player,net.minecraft.world.item,net.minecraft.world.level,net.minecraft.world.level.block,net.minecraft.world.level.gamerules,net.minecraft.world.level.levelgen.feature,org.bukkit.configuration,org.bukkit.configuration.file,org.spigotmc	pending	0	
paper.configuration.legacy	io.papermc.paper.configuration.legacy	io/papermc/paper/configuration/legacy/MaxEntityCollisionsInitializer.java,io/papermc/paper/configuration/legacy/RequiresSpigotInitialization.java,io/papermc/paper/configuration/legacy/SpawnLoadedRangeInitializer.java	paper-server	3	104	rivet-api	3	27	yes	org.spigotmc	pending	0	
paper.configuration.mapping	io.papermc.paper.configuration.mapping	io/papermc/paper/configuration/mapping/Definition.java,io/papermc/paper/configuration/mapping/DeserializedFieldInfo.java,io/papermc/paper/configuration/mapping/FieldProcessor.java,io/papermc/paper/configuration/mapping/InnerClassFieldDiscoverer.java,io/papermc/paper/configuration/mapping/InnerClassInstanceFactory.java,io/papermc/paper/configuration/mapping/InnerClassInstanceSupplier.java,io/papermc/paper/configuration/mapping/MergeMap.java,io/papermc/paper/configuration/mapping/package-info.java	paper-server	8	362	rivet-api	3	27	yes	io.papermc.paper.configuration,io.papermc.paper.configuration.serializer.collection.map	pending	0	
paper.configuration.serializer	io.papermc.paper.configuration.serializer	io/papermc/paper/configuration/serializer/ComponentSerializer.java,io/papermc/paper/configuration/serializer/EngineModeSerializer.java,io/papermc/paper/configuration/serializer/EnumValueSerializer.java,io/papermc/paper/configuration/serializer/IdentifierSerializer.java,io/papermc/paper/configuration/serializer/NbtPathSerializer.java,io/papermc/paper/configuration/serializer/ServerboundPacketClassSerializer.java,io/papermc/paper/configuration/serializer/StringRepresentableSerializer.java,io/papermc/paper/configuration/serializer/package-info.java	paper-server	8	361	rivet-api	3	27	yes	com.destroystokyo.paper.util,com.mojang.brigadier,com.mojang.brigadier.exceptions,io.papermc.paper.configuration.type,net.minecraft.commands.arguments,net.minecraft.network.protocol,net.minecraft.network.protocol.common,net.minecraft.network.protocol.configuration,net.minecraft.network.protocol.cookie,net.minecraft.network.protocol.game,net.minecraft.network.protocol.handshake,net.minecraft.network.protocol.login,net.minecraft.network.protocol.ping,net.minecraft.network.protocol.status,net.minecraft.resources,net.minecraft.util,net.minecraft.world.entity	pending	0	
paper.configuration.serializer.registry	io.papermc.paper.configuration.serializer.registry	io/papermc/paper/configuration/serializer/registry/RegistryEntrySerializer.java,io/papermc/paper/configuration/serializer/registry/RegistryHolderSerializer.java,io/papermc/paper/configuration/serializer/registry/RegistryValueSerializer.java,io/papermc/paper/configuration/serializer/registry/package-info.java	paper-server	4	167	rivet-api	3	27	yes	net.minecraft.core,net.minecraft.resources	pending	0	
paper.configuration.transformation	io.papermc.paper.configuration.transformation	io/papermc/paper/configuration/transformation/Transformations.java,io/papermc/paper/configuration/transformation/package-info.java	paper-server	2	45	rivet-api	3	27	yes	io.papermc.paper.configuration	pending	0	
paper.configuration.transformation.global	io.papermc.paper.configuration.transformation.global	io/papermc/paper/configuration/transformation/global/LegacyPaperConfig.java,io/papermc/paper/configuration/transformation/global/package-info.java	paper-server	2	224	rivet-api	3	27	yes	io.papermc.paper.configuration,net.minecraft.network.protocol.game,org.bukkit,org.bukkit.configuration.file	pending	0	
paper.configuration.transformation.global.versioned	io.papermc.paper.configuration.transformation.global.versioned	io/papermc/paper/configuration/transformation/global/versioned/V29_LogIPs.java,io/papermc/paper/configuration/transformation/global/versioned/V30_PacketIds.java,io/papermc/paper/configuration/transformation/global/versioned/V31_AllowNetherPropertiesToConfig.java,io/papermc/paper/configuration/transformation/global/versioned/package-info.java	paper-server	4	148	rivet-api	3	27	yes	net.minecraft.resources,net.minecraft.server,net.minecraft.server.dedicated	pending	0	
paper.configuration.transformation.world	io.papermc.paper.configuration.transformation.world	io/papermc/paper/configuration/transformation/world/FeatureSeedsGeneration.java,io/papermc/paper/configuration/transformation/world/LegacyPaperWorldConfig.java,io/papermc/paper/configuration/transformation/world/package-info.java	paper-server	3	395	rivet-api	3	27	yes	io.papermc.paper.configuration,net.minecraft.core,net.minecraft.core.registries,net.minecraft.resources,net.minecraft.server,net.minecraft.world.entity,net.minecraft.world.item,net.minecraft.world.level.levelgen.feature,org.bukkit	pending	0	
paper.configuration.type	io.papermc.paper.configuration.type	io/papermc/paper/configuration/type/BooleanOrDefault.java,io/papermc/paper/configuration/type/DespawnRange.java,io/papermc/paper/configuration/type/Duration.java,io/papermc/paper/configuration/type/DurationOrDisabled.java,io/papermc/paper/configuration/type/EngineMode.java,io/papermc/paper/configuration/type/package-info.java	paper-server	6	352	rivet-api	3	27	yes	io.papermc.paper.configuration.serializer,io.papermc.paper.configuration.type.number	pending	0	
paper.configuration.type.fallback	io.papermc.paper.configuration.type.fallback	io/papermc/paper/configuration/type/fallback/ArrowDespawnRate.java,io/papermc/paper/configuration/type/fallback/AutosavePeriod.java,io/papermc/paper/configuration/type/fallback/FallbackValue.java,io/papermc/paper/configuration/type/fallback/FallbackValueSerializer.java,io/papermc/paper/configuration/type/fallback/Util.java,io/papermc/paper/configuration/type/fallback/package-info.java	paper-server	6	246	rivet-api	3	27	yes	net.minecraft.server,org.spigotmc	pending	0	
paper.connection	io.papermc.paper.connection	io/papermc/paper/connection/DisconnectionReason.java,io/papermc/paper/connection/HorriblePlayerLoginEventHack.java,io/papermc/paper/connection/PaperCommonConnection.java,io/papermc/paper/connection/PaperConfigurationTask.java,io/papermc/paper/connection/PaperPlayerConfigurationConnection.java,io/papermc/paper/connection/PaperPlayerGameConnection.java,io/papermc/paper/connection/PaperPlayerLoginConnection.java,io/papermc/paper/connection/PlayerCommonConnection.java,io/papermc/paper/connection/PlayerConfigurationConnection.java,io/papermc/paper/connection/PlayerConnection.java,io/papermc/paper/connection/PlayerGameConnection.java,io/papermc/paper/connection/PlayerLoginConnection.java,io/papermc/paper/connection/PluginMessageBridgeImpl.java,io/papermc/paper/connection/ReadablePlayerCookieConnection.java,io/papermc/paper/connection/ReadablePlayerCookieConnectionImpl.java,io/papermc/paper/connection/WritablePlayerCookieConnection.java,io/papermc/paper/connection/package-info.java	paper-api,paper-server	17	937	rivet-api	3	27	yes	com.destroystokyo.paper,com.destroystokyo.paper.profile,io.papermc.paper.adventure,io.papermc.paper.dialog,io.papermc.paper.event.connection.configuration,io.papermc.paper.util,net.minecraft,net.minecraft.network,net.minecraft.network.chat,net.minecraft.network.protocol,net.minecraft.network.protocol.common,net.minecraft.network.protocol.common.custom,net.minecraft.network.protocol.configuration,net.minecraft.network.protocol.cookie,net.minecraft.resources,net.minecraft.server,net.minecraft.server.level,net.minecraft.server.network,net.minecraft.server.players,org.bukkit,org.bukkit.craftbukkit,org.bukkit.craftbukkit.entity,org.bukkit.craftbukkit.util,org.bukkit.entity,org.bukkit.event.player,org.bukkit.plugin,org.bukkit.plugin.messaging	pending	0	
paper.datacomponent	io.papermc.paper.datacomponent	io/papermc/paper/datacomponent/BuildableDataComponent.java,io/papermc/paper/datacomponent/DataComponentAdapter.java,io/papermc/paper/datacomponent/DataComponentAdapters.java,io/papermc/paper/datacomponent/DataComponentBuilder.java,io/papermc/paper/datacomponent/DataComponentHolder.java,io/papermc/paper/datacomponent/DataComponentType.java,io/papermc/paper/datacomponent/DataComponentTypes.java,io/papermc/paper/datacomponent/DataComponentView.java,io/papermc/paper/datacomponent/PaperDataComponentType.java,io/papermc/paper/datacomponent/package-info.java	paper-api,paper-server	10	1010	rivet-api	3	27	yes	io.papermc.paper.adventure,io.papermc.paper.datacomponent.item,io.papermc.paper.item,io.papermc.paper.registry,io.papermc.paper.registry.data.util,io.papermc.paper.registry.set,net.minecraft.core,net.minecraft.core.component,net.minecraft.core.registries,net.minecraft.resources,net.minecraft.util,net.minecraft.world.item,net.minecraft.world.item.component,org.bukkit,org.bukkit.block.banner,org.bukkit.craftbukkit,org.bukkit.craftbukkit.damage,org.bukkit.craftbukkit.entity,org.bukkit.craftbukkit.inventory,org.bukkit.craftbukkit.inventory.trim,org.bukkit.craftbukkit.util,org.bukkit.damage,org.bukkit.entity,org.bukkit.inventory,org.bukkit.inventory.meta.trim,org.bukkit.persistence	pending	0	
paper.datacomponent.item	io.papermc.paper.datacomponent.item	io/papermc/paper/datacomponent/item/AttackRange.java,io/papermc/paper/datacomponent/item/BannerPatternLayers.java,io/papermc/paper/datacomponent/item/BlockItemDataProperties.java,io/papermc/paper/datacomponent/item/BlocksAttacks.java,io/papermc/paper/datacomponent/item/BundleContents.java,io/papermc/paper/datacomponent/item/ChargedProjectiles.java,io/papermc/paper/datacomponent/item/Consumable.java,io/papermc/paper/datacomponent/item/CustomModelData.java,io/papermc/paper/datacomponent/item/DamageResistant.java,io/papermc/paper/datacomponent/item/DeathProtection.java,io/papermc/paper/datacomponent/item/DyedItemColor.java,io/papermc/paper/datacomponent/item/Enchantable.java,io/papermc/paper/datacomponent/item/Equippable.java,io/papermc/paper/datacomponent/item/Fireworks.java,io/papermc/paper/datacomponent/item/FoodProperties.java,io/papermc/paper/datacomponent/item/ItemAdventurePredicate.java,io/papermc/paper/datacomponent/item/ItemArmorTrim.java,io/papermc/paper/datacomponent/item/ItemAttributeModifiers.java,io/papermc/paper/datacomponent/item/ItemComponentTypesBridge.java,io/papermc/paper/datacomponent/item/ItemComponentTypesBridgesImpl.java,io/papermc/paper/datacomponent/item/ItemContainerContents.java,io/papermc/paper/datacomponent/item/ItemEnchantments.java,io/papermc/paper/datacomponent/item/ItemLore.java,io/papermc/paper/datacomponent/item/JukeboxPlayable.java,io/papermc/paper/datacomponent/item/KineticWeapon.java,io/papermc/paper/datacomponent/item/LodestoneTracker.java,io/papermc/paper/datacomponent/item/MapDecorations.java,io/papermc/paper/datacomponent/item/MapId.java,io/papermc/paper/datacomponent/item/MapItemColor.java,io/papermc/paper/datacomponent/item/OminousBottleAmplifier.java,io/papermc/paper/datacomponent/item/PaperAttackRange.java,io/papermc/paper/datacomponent/item/PaperBannerPatternLayers.java,io/papermc/paper/datacomponent/item/PaperBlockItemDataProperties.java,io/papermc/paper/datacomponent/item/PaperBlocksAttacks.java,io/papermc/paper/datacomponent/item/PaperBundleContents.java,io/papermc/paper/datacomponent/item/PaperChargedProjectiles.java,io/papermc/paper/datacomponent/item/PaperConsumable.java,io/papermc/paper/datacomponent/item/PaperCustomModelData.java,io/papermc/paper/datacomponent/item/PaperDamageResistant.java,io/papermc/paper/datacomponent/item/PaperDeathProtection.java,io/papermc/paper/datacomponent/item/PaperDyedItemColor.java,io/papermc/paper/datacomponent/item/PaperEnchantable.java,io/papermc/paper/datacomponent/item/PaperEquippable.java,io/papermc/paper/datacomponent/item/PaperFireworks.java,io/papermc/paper/datacomponent/item/PaperFoodProperties.java,io/papermc/paper/datacomponent/item/PaperItemAdventurePredicate.java,io/papermc/paper/datacomponent/item/PaperItemArmorTrim.java,io/papermc/paper/datacomponent/item/PaperItemAttributeModifiers.java,io/papermc/paper/datacomponent/item/PaperItemContainerContents.java,io/papermc/paper/datacomponent/item/PaperItemEnchantments.java,io/papermc/paper/datacomponent/item/PaperItemLore.java,io/papermc/paper/datacomponent/item/PaperItemTool.java,io/papermc/paper/datacomponent/item/PaperJukeboxPlayable.java,io/papermc/paper/datacomponent/item/PaperKineticWeapon.java,io/papermc/paper/datacomponent/item/PaperLodestoneTracker.java,io/papermc/paper/datacomponent/item/PaperMapDecorations.java,io/papermc/paper/datacomponent/item/PaperMapId.java,io/papermc/paper/datacomponent/item/PaperMapItemColor.java,io/papermc/paper/datacomponent/item/PaperOminousBottleAmplifier.java,io/papermc/paper/datacomponent/item/PaperPiercingWeapon.java,io/papermc/paper/datacomponent/item/PaperPotDecorations.java,io/papermc/paper/datacomponent/item/PaperPotionContents.java,io/papermc/paper/datacomponent/item/PaperRepairable.java,io/papermc/paper/datacomponent/item/PaperResolvableProfile.java,io/papermc/paper/datacomponent/item/PaperSeededContainerLoot.java,io/papermc/paper/datacomponent/item/PaperSulfurCubeContent.java,io/papermc/paper/datacomponent/item/PaperSuspiciousStewEffects.java,io/papermc/paper/datacomponent/item/PaperSwingAnimation.java,io/papermc/paper/datacomponent/item/PaperTooltipDisplay.java,io/papermc/paper/datacomponent/item/PaperUseCooldown.java,io/papermc/paper/datacomponent/item/PaperUseEffects.java,io/papermc/paper/datacomponent/item/PaperUseRemainder.java,io/papermc/paper/datacomponent/item/PaperWeapon.java,io/papermc/paper/datacomponent/item/PaperWritableBookContent.java,io/papermc/paper/datacomponent/item/PaperWrittenBookContent.java,io/papermc/paper/datacomponent/item/PiercingWeapon.java,io/papermc/paper/datacomponent/item/PotDecorations.java,io/papermc/paper/datacomponent/item/PotionContents.java,io/papermc/paper/datacomponent/item/Repairable.java,io/papermc/paper/datacomponent/item/ResolvableProfile.java,io/papermc/paper/datacomponent/item/SeededContainerLoot.java,io/papermc/paper/datacomponent/item/SulfurCubeContent.java,io/papermc/paper/datacomponent/item/SuspiciousStewEffects.java,io/papermc/paper/datacomponent/item/SwingAnimation.java,io/papermc/paper/datacomponent/item/Tool.java,io/papermc/paper/datacomponent/item/TooltipDisplay.java,io/papermc/paper/datacomponent/item/UseCooldown.java,io/papermc/paper/datacomponent/item/UseEffects.java,io/papermc/paper/datacomponent/item/UseRemainder.java,io/papermc/paper/datacomponent/item/Weapon.java,io/papermc/paper/datacomponent/item/WritableBookContent.java,io/papermc/paper/datacomponent/item/WrittenBookContent.java,io/papermc/paper/datacomponent/item/package-info.java	paper-api,paper-server	93	7620	rivet-api	3	27	yes	com.destroystokyo.paper.profile,com.mojang.datafixers.util,io.papermc.paper.adventure,io.papermc.paper.block,io.papermc.paper.datacomponent,io.papermc.paper.datacomponent.item.attribute,io.papermc.paper.datacomponent.item.blocksattacks,io.papermc.paper.datacomponent.item.consumable,io.papermc.paper.potion,io.papermc.paper.profile,io.papermc.paper.registry,io.papermc.paper.registry.data.util,io.papermc.paper.registry.set,io.papermc.paper.registry.tag,io.papermc.paper.text,io.papermc.paper.util,net.minecraft.advancements.predicates,net.minecraft.core,net.minecraft.core.registries,net.minecraft.resources,net.minecraft.server,net.minecraft.server.network,net.minecraft.sounds,net.minecraft.util,net.minecraft.world.effect,net.minecraft.world.entity.player,net.minecraft.world.item,net.minecraft.world.item.component,net.minecraft.world.item.equipment,net.minecraft.world.level.block,net.minecraft.world.level.block.state,net.minecraft.world.level.storage.loot,org.bukkit,org.bukkit.attribute,org.bukkit.block,org.bukkit.block.banner,org.bukkit.block.data,org.bukkit.craftbukkit,org.bukkit.craftbukkit.attribute,org.bukkit.craftbukkit.block,org.bukkit.craftbukkit.block.banner,org.bukkit.craftbukkit.block.data,org.bukkit.craftbukkit.enchantments,org.bukkit.craftbukkit.inventory,org.bukkit.craftbukkit.inventory.trim,org.bukkit.craftbukkit.map,org.bukkit.craftbukkit.potion,org.bukkit.craftbukkit.util,org.bukkit.damage,org.bukkit.enchantments,org.bukkit.entity,org.bukkit.inventory,org.bukkit.inventory.meta.trim,org.bukkit.map,org.bukkit.potion,org.bukkit.profile	pending	0	
paper.datacomponent.item.attribute	io.papermc.paper.datacomponent.item.attribute	io/papermc/paper/datacomponent/item/attribute/AttributeModifierDisplay.java,io/papermc/paper/datacomponent/item/attribute/AttributeModifierDisplayBridge.java,io/papermc/paper/datacomponent/item/attribute/AttributeModifierDisplayBridgeImpl.java,io/papermc/paper/datacomponent/item/attribute/PaperAttributeModifierDisplay.java,io/papermc/paper/datacomponent/item/attribute/package-info.java	paper-api,paper-server	5	192	rivet-api	3	27	yes	io.papermc.paper.adventure,net.minecraft.world.item.component	pending	0	
paper.datacomponent.item.blocksattacks	io.papermc.paper.datacomponent.item.blocksattacks	io/papermc/paper/datacomponent/item/blocksattacks/BlocksAttacksBridge.java,io/papermc/paper/datacomponent/item/blocksattacks/BlocksAttacksBridgeImpl.java,io/papermc/paper/datacomponent/item/blocksattacks/DamageReduction.java,io/papermc/paper/datacomponent/item/blocksattacks/ItemDamageFunction.java,io/papermc/paper/datacomponent/item/blocksattacks/PaperDamageReduction.java,io/papermc/paper/datacomponent/item/blocksattacks/PaperItemDamageFunction.java,io/papermc/paper/datacomponent/item/blocksattacks/package-info.java	paper-api,paper-server	7	338	rivet-api	3	27	yes	io.papermc.paper.datacomponent,io.papermc.paper.registry,io.papermc.paper.registry.data.util,io.papermc.paper.registry.set,net.minecraft.core,net.minecraft.core.registries,net.minecraft.world.item.component,org.bukkit.damage	pending	0	
paper.datacomponent.item.consumable	io.papermc.paper.datacomponent.item.consumable	io/papermc/paper/datacomponent/item/consumable/ConsumableTypesBridge.java,io/papermc/paper/datacomponent/item/consumable/ConsumableTypesBridgeImpl.java,io/papermc/paper/datacomponent/item/consumable/ConsumeEffect.java,io/papermc/paper/datacomponent/item/consumable/ItemUseAnimation.java,io/papermc/paper/datacomponent/item/consumable/PaperApplyStatusEffects.java,io/papermc/paper/datacomponent/item/consumable/PaperClearAllStatusEffects.java,io/papermc/paper/datacomponent/item/consumable/PaperConsumableEffect.java,io/papermc/paper/datacomponent/item/consumable/PaperPlaySound.java,io/papermc/paper/datacomponent/item/consumable/PaperRemoveStatusEffects.java,io/papermc/paper/datacomponent/item/consumable/PaperTeleportRandomly.java,io/papermc/paper/datacomponent/item/consumable/package-info.java	paper-api,paper-server	11	383	rivet-api	3	27	yes	io.papermc.paper.adventure,io.papermc.paper.registry,io.papermc.paper.registry.data.util,io.papermc.paper.registry.set,net.minecraft.core.registries,net.minecraft.world.item.consume_effects,org.bukkit.craftbukkit.potion,org.bukkit.potion	pending	0	
paper.datapack	io.papermc.paper.datapack	io/papermc/paper/datapack/Datapack.java,io/papermc/paper/datapack/DatapackManager.java,io/papermc/paper/datapack/DatapackRegistrar.java,io/papermc/paper/datapack/DatapackSource.java,io/papermc/paper/datapack/DatapackSourceImpl.java,io/papermc/paper/datapack/DiscoveredDatapack.java,io/papermc/paper/datapack/PaperDatapack.java,io/papermc/paper/datapack/PaperDatapackManager.java,io/papermc/paper/datapack/PaperDatapackRegistrar.java,io/papermc/paper/datapack/PaperDiscoveredDatapack.java,io/papermc/paper/datapack/PluginPackSource.java	paper-api,paper-server	11	774	rivet-api	3	27	yes	io.papermc.paper.adventure,io.papermc.paper.event.server,io.papermc.paper.plugin.bootstrap,io.papermc.paper.plugin.configuration,io.papermc.paper.plugin.lifecycle.event.registrar,io.papermc.paper.util,io.papermc.paper.world.flag,net.minecraft,net.minecraft.network.chat,net.minecraft.server,net.minecraft.server.packs,net.minecraft.server.packs.repository,net.minecraft.util,net.minecraft.world.level.validation,org.bukkit	pending	0	
paper.dialog	io.papermc.paper.dialog	io/papermc/paper/dialog/Dialog.java,io/papermc/paper/dialog/DialogResponseView.java,io/papermc/paper/dialog/PaperDialog.java,io/papermc/paper/dialog/PaperDialogResponseView.java,io/papermc/paper/dialog/package-info.java	paper-api,paper-server	5	193	rivet-api	3	27	yes	io.papermc.paper.adventure,io.papermc.paper.registry,io.papermc.paper.registry.data,io.papermc.paper.registry.data.dialog,net.minecraft.core,net.minecraft.core.registries,net.minecraft.nbt,org.bukkit,org.bukkit.craftbukkit	pending	0	
paper.entity	io.papermc.paper.entity	io/papermc/paper/entity/Bucketable.java,io/papermc/paper/entity/CollarColorable.java,io/papermc/paper/entity/EntitySerializationFlag.java,io/papermc/paper/entity/Frictional.java,io/papermc/paper/entity/Leashable.java,io/papermc/paper/entity/LookAnchor.java,io/papermc/paper/entity/PaperBucketable.java,io/papermc/paper/entity/PaperLeashable.java,io/papermc/paper/entity/PaperPlayerGiveResult.java,io/papermc/paper/entity/PaperSchoolableFish.java,io/papermc/paper/entity/PaperShearable.java,io/papermc/paper/entity/PlayerGiveResult.java,io/papermc/paper/entity/SchoolableFish.java,io/papermc/paper/entity/Shearable.java,io/papermc/paper/entity/TeleportFlag.java	paper-api,paper-server	15	640	rivet-api	3	27	yes	io.papermc.paper.adventure,io.papermc.paper.math,net.minecraft.server.level,net.minecraft.world.entity,net.minecraft.world.entity.animal.fish,net.minecraft.world.item,org.bukkit,org.bukkit.craftbukkit,org.bukkit.craftbukkit.entity,org.bukkit.craftbukkit.inventory,org.bukkit.entity,org.bukkit.event.player,org.bukkit.inventory	pending	0	
paper.entity.poi	io.papermc.paper.entity.poi	io/papermc/paper/entity/poi/PaperPoiSearchResult.java,io/papermc/paper/entity/poi/PaperPoiType.java,io/papermc/paper/entity/poi/PoiSearchResult.java,io/papermc/paper/entity/poi/PoiType.java,io/papermc/paper/entity/poi/PoiTypes.java	paper-api,paper-server	5	230	rivet-api	3	27	yes	io.papermc.paper,io.papermc.paper.registry,net.minecraft.core,net.minecraft.core.registries,net.minecraft.world.entity.ai.village.poi,org.bukkit,org.bukkit.block.data,org.bukkit.craftbukkit,org.bukkit.craftbukkit.block.data,org.bukkit.craftbukkit.util	pending	0	
paper.event.block	io.papermc.paper.event.block	io/papermc/paper/event/block/BeaconActivatedEvent.java,io/papermc/paper/event/block/BeaconDeactivatedEvent.java,io/papermc/paper/event/block/BellRevealRaiderEvent.java,io/papermc/paper/event/block/BellRingEvent.java,io/papermc/paper/event/block/BlockBreakBlockEvent.java,io/papermc/paper/event/block/BlockBreakProgressUpdateEvent.java,io/papermc/paper/event/block/BlockFailedDispenseEvent.java,io/papermc/paper/event/block/BlockLockCheckEvent.java,io/papermc/paper/event/block/BlockPreDispenseEvent.java,io/papermc/paper/event/block/CompostItemEvent.java,io/papermc/paper/event/block/DragonEggFormEvent.java,io/papermc/paper/event/block/PlayerShearBlockEvent.java,io/papermc/paper/event/block/TargetHitEvent.java,io/papermc/paper/event/block/VaultChangeStateEvent.java	paper-api	14	958	rivet-api	3	27	yes	io.papermc.paper.block,org.bukkit,org.bukkit.block,org.bukkit.block.data.type,org.bukkit.boss,org.bukkit.entity,org.bukkit.event,org.bukkit.event.block,org.bukkit.event.entity,org.bukkit.event.inventory,org.bukkit.event.player,org.bukkit.inventory	pending	0	
paper.event.connection	io.papermc.paper.event.connection	io/papermc/paper/event/connection/PlayerConnectionValidateLoginEvent.java,io/papermc/paper/event/connection/package-info.java	paper-api	2	108	rivet-api	3	27	yes	io.papermc.paper.connection,org.bukkit.event	pending	0	
paper.event.connection.configuration	io.papermc.paper.event.connection.configuration	io/papermc/paper/event/connection/configuration/AsyncPlayerConnectionConfigureEvent.java,io/papermc/paper/event/connection/configuration/PlayerCodeOfConductSendEvent.java,io/papermc/paper/event/connection/configuration/PlayerConnectionInitialConfigureEvent.java,io/papermc/paper/event/connection/configuration/PlayerConnectionReconfigureEvent.java,io/papermc/paper/event/connection/configuration/package-info.java	paper-api	5	184	rivet-api	3	27	yes	io.papermc.paper.connection,org.bukkit,org.bukkit.event	pending	0	
paper.event.entity	io.papermc.paper.event.entity	io/papermc/paper/event/entity/ElderGuardianAppearanceEvent.java,io/papermc/paper/event/entity/EntityAttemptSmashAttackEvent.java,io/papermc/paper/event/entity/EntityAttemptSpinAttackEvent.java,io/papermc/paper/event/entity/EntityCompostItemEvent.java,io/papermc/paper/event/entity/EntityDamageItemEvent.java,io/papermc/paper/event/entity/EntityDyeEvent.java,io/papermc/paper/event/entity/EntityEffectTickEvent.java,io/papermc/paper/event/entity/EntityEquipmentChangedEvent.java,io/papermc/paper/event/entity/EntityFertilizeEggEvent.java,io/papermc/paper/event/entity/EntityIgniteEvent.java,io/papermc/paper/event/entity/EntityInsideBlockEvent.java,io/papermc/paper/event/entity/EntityKnockbackEvent.java,io/papermc/paper/event/entity/EntityLoadCrossbowEvent.java,io/papermc/paper/event/entity/EntityLungeEvent.java,io/papermc/paper/event/entity/EntityMoveEvent.java,io/papermc/paper/event/entity/EntityPortalReadyEvent.java,io/papermc/paper/event/entity/EntityPushedByEntityAttackEvent.java,io/papermc/paper/event/entity/EntityToggleSitEvent.java,io/papermc/paper/event/entity/FishHookStateChangeEvent.java,io/papermc/paper/event/entity/ItemTransportingEntityValidateTargetEvent.java,io/papermc/paper/event/entity/PufferFishStateChangeEvent.java,io/papermc/paper/event/entity/ShulkerDuplicateEvent.java,io/papermc/paper/event/entity/TameableDeathMessageEvent.java,io/papermc/paper/event/entity/WardenAngerChangeEvent.java,io/papermc/paper/event/entity/WaterBottleSplashEvent.java	paper-api	25	2107	rivet-api	3	27	yes	io.papermc.paper.event.block,org.bukkit,org.bukkit.block,org.bukkit.entity,org.bukkit.event,org.bukkit.event.entity,org.bukkit.event.player,org.bukkit.inventory,org.bukkit.potion,org.bukkit.util	pending	0	
paper.event.executor	io.papermc.paper.event.executor	io/papermc/paper/event/executor/EventExecutorFactory.java,io/papermc/paper/event/executor/MethodHandleEventExecutorTemplate.java	paper-api	2	130	rivet-api	3	27	yes	com.destroystokyo.paper.util,org.bukkit.event,org.bukkit.plugin	pending	0	
paper.event.player	io.papermc.paper.event.player	io/papermc/paper/event/player/AbstractChatEvent.java,io/papermc/paper/event/player/AbstractRespawnEvent.java,io/papermc/paper/event/player/AsyncChatCommandDecorateEvent.java,io/papermc/paper/event/player/AsyncChatDecorateEvent.java,io/papermc/paper/event/player/AsyncChatEvent.java,io/papermc/paper/event/player/AsyncPlayerSpawnLocationEvent.java,io/papermc/paper/event/player/CartographyItemEvent.java,io/papermc/paper/event/player/ChatEvent.java,io/papermc/paper/event/player/PaperPlayerCustomClickEvent.java,io/papermc/paper/event/player/PlayerArmSwingEvent.java,io/papermc/paper/event/player/PlayerBedFailEnterEvent.java,io/papermc/paper/event/player/PlayerChangeBeaconEffectEvent.java,io/papermc/paper/event/player/PlayerClientLoadedWorldEvent.java,io/papermc/paper/event/player/PlayerCustomClickEvent.java,io/papermc/paper/event/player/PlayerDeepSleepEvent.java,io/papermc/paper/event/player/PlayerFailMoveEvent.java,io/papermc/paper/event/player/PlayerFlowerPotManipulateEvent.java,io/papermc/paper/event/player/PlayerInsertLecternBookEvent.java,io/papermc/paper/event/player/PlayerInventorySlotChangeEvent.java,io/papermc/paper/event/player/PlayerItemCooldownEvent.java,io/papermc/paper/event/player/PlayerItemFrameChangeEvent.java,io/papermc/paper/event/player/PlayerItemGroupCooldownEvent.java,io/papermc/paper/event/player/PlayerLecternPageChangeEvent.java,io/papermc/paper/event/player/PlayerLoomPatternSelectEvent.java,io/papermc/paper/event/player/PlayerMapFilledEvent.java,io/papermc/paper/event/player/PlayerNameEntityEvent.java,io/papermc/paper/event/player/PlayerOpenSignEvent.java,io/papermc/paper/event/player/PlayerPickBlockEvent.java,io/papermc/paper/event/player/PlayerPickEntityEvent.java,io/papermc/paper/event/player/PlayerPickItemEvent.java,io/papermc/paper/event/player/PlayerPurchaseEvent.java,io/papermc/paper/event/player/PlayerServerFullCheckEvent.java,io/papermc/paper/event/player/PlayerShieldDisableEvent.java,io/papermc/paper/event/player/PlayerSignCommandPreprocessEvent.java,io/papermc/paper/event/player/PlayerStonecutterRecipeSelectEvent.java,io/papermc/paper/event/player/PlayerStopUsingItemEvent.java,io/papermc/paper/event/player/PlayerSwapWithEquipmentSlotEvent.java,io/papermc/paper/event/player/PlayerToggleEntityAgeLockEvent.java,io/papermc/paper/event/player/PlayerTrackEntityEvent.java,io/papermc/paper/event/player/PlayerTradeEvent.java,io/papermc/paper/event/player/PlayerUntrackEntityEvent.java,io/papermc/paper/event/player/PrePlayerAttackEntityEvent.java,io/papermc/paper/event/player/package-info.java	paper-api,paper-server	43	3186	rivet-api	3	27	yes	com.destroystokyo.paper.profile,io.papermc.paper.adventure,io.papermc.paper.block.bed,io.papermc.paper.chat,io.papermc.paper.connection,io.papermc.paper.dialog,io.papermc.paper.registry.data.dialog.action,net.minecraft.nbt,org.bukkit,org.bukkit.block,org.bukkit.block.banner,org.bukkit.block.sign,org.bukkit.entity,org.bukkit.event,org.bukkit.event.inventory,org.bukkit.event.player,org.bukkit.event.server,org.bukkit.inventory,org.bukkit.potion	pending	0	
paper.event.server	io.papermc.paper.event.server	io/papermc/paper/event/server/AsyncServerDataFixerRemoveBlockEntityEvent.java,io/papermc/paper/event/server/ServerResourcesReloadedEvent.java,io/papermc/paper/event/server/WhitelistStateUpdateEvent.java	paper-api	3	217	rivet-api	3	27	yes	com.destroystokyo.paper.profile,io.papermc.paper.math,io.papermc.paper.persistence,org.bukkit,org.bukkit.event,org.bukkit.event.server	pending	0	
paper.inventory.tooltip	io.papermc.paper.inventory.tooltip	io/papermc/paper/inventory/tooltip/TooltipContext.java,io/papermc/paper/inventory/tooltip/TooltipContextImpl.java	paper-api	2	93	rivet-api	3	27	yes	org.bukkit.entity	pending	0	
paper.math	io.papermc.paper.math	io/papermc/paper/math/Angle.java,io/papermc/paper/math/AngleImpl.java,io/papermc/paper/math/BlockPosition.java,io/papermc/paper/math/BlockPositionImpl.java,io/papermc/paper/math/FinePosition.java,io/papermc/paper/math/FinePositionImpl.java,io/papermc/paper/math/Position.java,io/papermc/paper/math/Rotation.java,io/papermc/paper/math/RotationImpl.java,io/papermc/paper/math/Rotations.java,io/papermc/paper/math/RotationsImpl.java	paper-api	11	575	rivet-api	3	27	yes	org.bukkit,org.bukkit.block,org.bukkit.util	pending	0	
paper.persistence	io.papermc.paper.persistence	io/papermc/paper/persistence/PaperPersistentDataContainerView.java,io/papermc/paper/persistence/PersistentDataContainerView.java,io/papermc/paper/persistence/PersistentDataViewHolder.java	paper-api,paper-server	3	309	rivet-api	3	27	yes	net.minecraft.nbt,org.bukkit,org.bukkit.craftbukkit.persistence,org.bukkit.persistence	pending	0	
paper.plugin	io.papermc.paper.plugin	io/papermc/paper/plugin/PermissionManager.java,io/papermc/paper/plugin/PluginInitializerManager.java	paper-api,paper-server	2	335	rivet-api	3	27	yes	io.papermc.paper.configuration,io.papermc.paper.plugin.entrypoint,io.papermc.paper.plugin.provider,io.papermc.paper.plugin.provider.type.paper,io.papermc.paper.plugin.provider.type.spigot,net.minecraft.server.dedicated,org.bukkit.configuration.file,org.bukkit.permissions	pending	0	
paper.plugin.bootstrap	io.papermc.paper.plugin.bootstrap	io/papermc/paper/plugin/bootstrap/BootstrapContext.java,io/papermc/paper/plugin/bootstrap/PluginBootstrap.java,io/papermc/paper/plugin/bootstrap/PluginBootstrapContextImpl.java,io/papermc/paper/plugin/bootstrap/PluginProviderContext.java,io/papermc/paper/plugin/bootstrap/PluginProviderContextImpl.java	paper-api,paper-server	5	234	rivet-api	3	27	yes	io.papermc.paper.plugin,io.papermc.paper.plugin.configuration,io.papermc.paper.plugin.lifecycle.event,io.papermc.paper.plugin.provider,io.papermc.paper.plugin.provider.util,org.bukkit.plugin.java	pending	0	
paper.plugin.configuration	io.papermc.paper.plugin.configuration	io/papermc/paper/plugin/configuration/PluginMeta.java,io/papermc/paper/plugin/configuration/package-info.java	paper-api	2	199	rivet-api	3	27	yes	org.bukkit.permissions,org.bukkit.plugin,org.bukkit.plugin.java	pending	0	
paper.plugin.entrypoint	io.papermc.paper.plugin.entrypoint	io/papermc/paper/plugin/entrypoint/Entrypoint.java,io/papermc/paper/plugin/entrypoint/EntrypointHandler.java,io/papermc/paper/plugin/entrypoint/LaunchEntryPointHandler.java	paper-server	3	112	rivet-api	3	27	yes	io.papermc.paper.plugin.bootstrap,io.papermc.paper.plugin.provider,io.papermc.paper.plugin.storage,org.bukkit.plugin.java	pending	0	
paper.plugin.entrypoint.classloader	io.papermc.paper.plugin.entrypoint.classloader	io/papermc/paper/plugin/entrypoint/classloader/BytecodeModifyingURLClassLoader.java,io/papermc/paper/plugin/entrypoint/classloader/ClassloaderBytecodeModifier.java,io/papermc/paper/plugin/entrypoint/classloader/PaperClassloaderBytecodeModifier.java,io/papermc/paper/plugin/entrypoint/classloader/PaperPluginClassLoader.java,io/papermc/paper/plugin/entrypoint/classloader/PaperSimplePluginClassLoader.java	paper-server	5	540	rivet-api	3	27	yes	io.papermc.paper.plugin.configuration,io.papermc.paper.plugin.entrypoint.classloader.group,io.papermc.paper.plugin.provider.classloader,io.papermc.paper.plugin.provider.configuration,io.papermc.paper.plugin.provider.entrypoint,io.papermc.paper.plugin.util,org.bukkit,org.bukkit.plugin,org.bukkit.plugin.java	pending	0	
paper.plugin.entrypoint.classloader.group	io.papermc.paper.plugin.entrypoint.classloader.group	io/papermc/paper/plugin/entrypoint/classloader/group/DependencyBasedPluginClassLoaderGroup.java,io/papermc/paper/plugin/entrypoint/classloader/group/GlobalPluginClassLoaderGroup.java,io/papermc/paper/plugin/entrypoint/classloader/group/LockingClassLoaderGroup.java,io/papermc/paper/plugin/entrypoint/classloader/group/PaperPluginClassLoaderStorage.java,io/papermc/paper/plugin/entrypoint/classloader/group/SimpleListPluginClassLoaderGroup.java,io/papermc/paper/plugin/entrypoint/classloader/group/SingletonPluginClassLoaderGroup.java,io/papermc/paper/plugin/entrypoint/classloader/group/SpigotPluginClassLoaderGroup.java,io/papermc/paper/plugin/entrypoint/classloader/group/StaticPluginClassLoaderGroup.java	paper-server	8	461	rivet-api	3	27	yes	io.papermc.paper.plugin.provider.classloader,org.bukkit.plugin.java	pending	0	
paper.plugin.entrypoint.dependency	io.papermc.paper.plugin.entrypoint.dependency	io/papermc/paper/plugin/entrypoint/dependency/BootstrapMetaDependencyTree.java,io/papermc/paper/plugin/entrypoint/dependency/DependencyContextHolder.java,io/papermc/paper/plugin/entrypoint/dependency/GraphDependencyContext.java,io/papermc/paper/plugin/entrypoint/dependency/MetaDependencyTree.java,io/papermc/paper/plugin/entrypoint/dependency/SimpleMetaDependencyTree.java	paper-server	5	257	rivet-api	3	27	yes	io.papermc.paper.plugin.configuration,io.papermc.paper.plugin.provider,io.papermc.paper.plugin.provider.configuration,io.papermc.paper.plugin.provider.entrypoint	pending	0	
paper.plugin.entrypoint.strategy	io.papermc.paper.plugin.entrypoint.strategy	io/papermc/paper/plugin/entrypoint/strategy/JohnsonSimpleCycles.java,io/papermc/paper/plugin/entrypoint/strategy/LegacyPluginLoadingStrategy.java,io/papermc/paper/plugin/entrypoint/strategy/PluginGraphCycleException.java,io/papermc/paper/plugin/entrypoint/strategy/ProviderConfiguration.java,io/papermc/paper/plugin/entrypoint/strategy/ProviderLoadingStrategy.java,io/papermc/paper/plugin/entrypoint/strategy/TopographicGraphSorter.java	paper-server	6	749	rivet-api	3	27	yes	com.mojang.datafixers.util,io.papermc.paper.plugin.configuration,io.papermc.paper.plugin.entrypoint.dependency,io.papermc.paper.plugin.provider,io.papermc.paper.plugin.provider.entrypoint,io.papermc.paper.plugin.provider.type.paper,org.bukkit.plugin	pending	0	
paper.plugin.entrypoint.strategy.modern	io.papermc.paper.plugin.entrypoint.strategy.modern	io/papermc/paper/plugin/entrypoint/strategy/modern/LoadOrderTree.java,io/papermc/paper/plugin/entrypoint/strategy/modern/ModernPluginLoadingStrategy.java	paper-server	2	262	rivet-api	3	27	yes	io.papermc.paper.plugin.configuration,io.papermc.paper.plugin.entrypoint.dependency,io.papermc.paper.plugin.entrypoint.strategy,io.papermc.paper.plugin.provider,io.papermc.paper.plugin.provider.configuration,io.papermc.paper.plugin.provider.type.spigot,org.bukkit.plugin	pending	0	
paper.plugin.lifecycle.event	io.papermc.paper.plugin.lifecycle.event	io/papermc/paper/plugin/lifecycle/event/LifecycleEvent.java,io/papermc/paper/plugin/lifecycle/event/LifecycleEventManager.java,io/papermc/paper/plugin/lifecycle/event/LifecycleEventOwner.java,io/papermc/paper/plugin/lifecycle/event/LifecycleEventRunner.java,io/papermc/paper/plugin/lifecycle/event/PaperLifecycleEvent.java,io/papermc/paper/plugin/lifecycle/event/PaperLifecycleEventManager.java,io/papermc/paper/plugin/lifecycle/event/package-info.java	paper-api,paper-server	7	228	rivet-api	3	27	yes	io.papermc.paper.plugin.configuration,io.papermc.paper.plugin.lifecycle.event.handler,io.papermc.paper.plugin.lifecycle.event.handler.configuration,io.papermc.paper.plugin.lifecycle.event.registrar,io.papermc.paper.plugin.lifecycle.event.types,org.bukkit.plugin	pending	0	
paper.plugin.lifecycle.event.handler	io.papermc.paper.plugin.lifecycle.event.handler	io/papermc/paper/plugin/lifecycle/event/handler/LifecycleEventHandler.java,io/papermc/paper/plugin/lifecycle/event/handler/package-info.java	paper-api	2	19	rivet-api	3	27	yes	io.papermc.paper.plugin.lifecycle.event	pending	0	
paper.plugin.lifecycle.event.handler.configuration	io.papermc.paper.plugin.lifecycle.event.handler.configuration	io/papermc/paper/plugin/lifecycle/event/handler/configuration/AbstractLifecycleEventHandlerConfiguration.java,io/papermc/paper/plugin/lifecycle/event/handler/configuration/LifecycleEventHandlerConfiguration.java,io/papermc/paper/plugin/lifecycle/event/handler/configuration/MonitorLifecycleEventHandlerConfiguration.java,io/papermc/paper/plugin/lifecycle/event/handler/configuration/MonitorLifecycleEventHandlerConfigurationImpl.java,io/papermc/paper/plugin/lifecycle/event/handler/configuration/PrioritizedLifecycleEventHandlerConfiguration.java,io/papermc/paper/plugin/lifecycle/event/handler/configuration/PrioritizedLifecycleEventHandlerConfigurationImpl.java,io/papermc/paper/plugin/lifecycle/event/handler/configuration/package-info.java	paper-api,paper-server	7	179	rivet-api	3	27	yes	io.papermc.paper.plugin.lifecycle.event,io.papermc.paper.plugin.lifecycle.event.handler,io.papermc.paper.plugin.lifecycle.event.types	pending	0	
paper.plugin.lifecycle.event.registrar	io.papermc.paper.plugin.lifecycle.event.registrar	io/papermc/paper/plugin/lifecycle/event/registrar/PaperRegistrar.java,io/papermc/paper/plugin/lifecycle/event/registrar/Registrar.java,io/papermc/paper/plugin/lifecycle/event/registrar/RegistrarEvent.java,io/papermc/paper/plugin/lifecycle/event/registrar/RegistrarEventImpl.java,io/papermc/paper/plugin/lifecycle/event/registrar/ReloadableRegistrarEvent.java,io/papermc/paper/plugin/lifecycle/event/registrar/package-info.java	paper-api,paper-server	6	160	rivet-api	3	27	yes	io.papermc.paper.plugin.lifecycle.event,io.papermc.paper.plugin.lifecycle.event.types	pending	0	
paper.plugin.lifecycle.event.types	io.papermc.paper.plugin.lifecycle.event.types	io/papermc/paper/plugin/lifecycle/event/types/AbstractLifecycleEventType.java,io/papermc/paper/plugin/lifecycle/event/types/LifecycleEventType.java,io/papermc/paper/plugin/lifecycle/event/types/LifecycleEventTypeProvider.java,io/papermc/paper/plugin/lifecycle/event/types/LifecycleEventTypeProviderImpl.java,io/papermc/paper/plugin/lifecycle/event/types/LifecycleEvents.java,io/papermc/paper/plugin/lifecycle/event/types/MonitorableLifecycleEventType.java,io/papermc/paper/plugin/lifecycle/event/types/OwnerAwareLifecycleEvent.java,io/papermc/paper/plugin/lifecycle/event/types/PaperTagEventTypeProvider.java,io/papermc/paper/plugin/lifecycle/event/types/PrioritizableLifecycleEventType.java,io/papermc/paper/plugin/lifecycle/event/types/TagEventTypeProvider.java,io/papermc/paper/plugin/lifecycle/event/types/package-info.java	paper-api,paper-server	11	487	rivet-api	3	27	yes	io.papermc.paper.command.brigadier,io.papermc.paper.datapack,io.papermc.paper.plugin.bootstrap,io.papermc.paper.plugin.lifecycle.event,io.papermc.paper.plugin.lifecycle.event.handler,io.papermc.paper.plugin.lifecycle.event.handler.configuration,io.papermc.paper.plugin.lifecycle.event.registrar,io.papermc.paper.registry,io.papermc.paper.tag,org.bukkit.plugin	pending	0	
paper.plugin.loader	io.papermc.paper.plugin.loader	io/papermc/paper/plugin/loader/PaperClasspathBuilder.java,io/papermc/paper/plugin/loader/PluginClasspathBuilder.java,io/papermc/paper/plugin/loader/PluginLoader.java	paper-api,paper-server	3	136	rivet-api	3	27	yes	io.papermc.paper.plugin.bootstrap,io.papermc.paper.plugin.entrypoint.classloader,io.papermc.paper.plugin.loader.library,io.papermc.paper.plugin.provider.configuration	pending	0	
paper.plugin.manager	io.papermc.paper.plugin.manager	io/papermc/paper/plugin/manager/DummyBukkitPluginLoader.java,io/papermc/paper/plugin/manager/MultiRuntimePluginProviderStorage.java,io/papermc/paper/plugin/manager/NormalPaperPermissionManager.java,io/papermc/paper/plugin/manager/PaperEventManager.java,io/papermc/paper/plugin/manager/PaperPermissionManager.java,io/papermc/paper/plugin/manager/PaperPluginInstanceManager.java,io/papermc/paper/plugin/manager/PaperPluginManagerImpl.java,io/papermc/paper/plugin/manager/RuntimePluginEntrypointHandler.java,io/papermc/paper/plugin/manager/SingularRuntimePluginProviderStorage.java,io/papermc/paper/plugin/manager/StupidSPMPermissionManagerWrapper.java	paper-server	10	1340	rivet-api	3	27	yes	com.destroystokyo.paper.event.server,com.destroystokyo.paper.exception,com.destroystokyo.paper.util,io.papermc.paper,io.papermc.paper.plugin,io.papermc.paper.plugin.configuration,io.papermc.paper.plugin.entrypoint,io.papermc.paper.plugin.entrypoint.dependency,io.papermc.paper.plugin.entrypoint.strategy,io.papermc.paper.plugin.provider,io.papermc.paper.plugin.provider.classloader,io.papermc.paper.plugin.provider.entrypoint,io.papermc.paper.plugin.provider.source,io.papermc.paper.plugin.provider.type,io.papermc.paper.plugin.provider.type.paper,io.papermc.paper.plugin.storage,org.bukkit,org.bukkit.command,org.bukkit.craftbukkit,org.bukkit.craftbukkit.util,org.bukkit.event,org.bukkit.event.server,org.bukkit.permissions,org.bukkit.plugin,org.bukkit.plugin.java	pending	0	
paper.plugin.provider	io.papermc.paper.plugin.provider	io/papermc/paper/plugin/provider/PluginProvider.java,io/papermc/paper/plugin/provider/ProviderStatus.java,io/papermc/paper/plugin/provider/ProviderStatusHolder.java	paper-server	3	80	rivet-api	3	27	yes	io.papermc.paper.plugin.configuration,io.papermc.paper.plugin.provider.configuration,io.papermc.paper.plugin.provider.entrypoint	pending	0	
paper.plugin.provider.classloader	io.papermc.paper.plugin.provider.classloader	io/papermc/paper/plugin/provider/classloader/ClassLoaderAccess.java,io/papermc/paper/plugin/provider/classloader/ConfiguredPluginClassLoader.java,io/papermc/paper/plugin/provider/classloader/PaperClassLoaderStorage.java,io/papermc/paper/plugin/provider/classloader/PaperClassLoaderStorageAccess.java,io/papermc/paper/plugin/provider/classloader/PluginClassLoaderGroup.java	paper-api	5	280	rivet-api	3	27	yes	io.papermc.paper.plugin.configuration,org.bukkit.plugin.java	pending	0	
paper.plugin.provider.configuration	io.papermc.paper.plugin.provider.configuration	io/papermc/paper/plugin/provider/configuration/FlattenedResolver.java,io/papermc/paper/plugin/provider/configuration/LegacyPaperMeta.java,io/papermc/paper/plugin/provider/configuration/LoadOrderConfiguration.java,io/papermc/paper/plugin/provider/configuration/PaperPluginMeta.java	paper-server	4	485	rivet-api	3	27	yes	io.papermc.paper.configuration.constraint,io.papermc.paper.configuration.serializer,io.papermc.paper.plugin.configuration,io.papermc.paper.plugin.provider.configuration.serializer,io.papermc.paper.plugin.provider.configuration.serializer.constraints,io.papermc.paper.plugin.provider.configuration.type,org.bukkit.craftbukkit.util,org.bukkit.permissions,org.bukkit.plugin	pending	0	
paper.plugin.provider.configuration.serializer	io.papermc.paper.plugin.provider.configuration.serializer	io/papermc/paper/plugin/provider/configuration/serializer/ImmutableCollectionSerializer.java,io/papermc/paper/plugin/provider/configuration/serializer/ImmutableListSerializer.java,io/papermc/paper/plugin/provider/configuration/serializer/PermissionConfigurationSerializer.java	paper-server	3	189	rivet-api	3	27	yes	io.papermc.paper.plugin.provider.configuration.type,org.bukkit.permissions	pending	0	
paper.plugin.provider.configuration.serializer.constraints	io.papermc.paper.plugin.provider.configuration.serializer.constraints	io/papermc/paper/plugin/provider/configuration/serializer/constraints/PluginConfigConstraints.java	paper-server	1	67	rivet-api	3	27	yes	io.papermc.paper.plugin.util	pending	0	
paper.plugin.provider.configuration.type	io.papermc.paper.plugin.provider.configuration.type	io/papermc/paper/plugin/provider/configuration/type/DependencyConfiguration.java,io/papermc/paper/plugin/provider/configuration/type/LoadConfiguration.java,io/papermc/paper/plugin/provider/configuration/type/PermissionConfiguration.java,io/papermc/paper/plugin/provider/configuration/type/PluginDependencyLifeCycle.java	paper-server	4	61	rivet-api	3	27	yes	org.bukkit.permissions	pending	0	
paper.plugin.provider.entrypoint	io.papermc.paper.plugin.provider.entrypoint	io/papermc/paper/plugin/provider/entrypoint/DependencyContext.java	paper-api	1	49	rivet-api	3	27	yes	io.papermc.paper.plugin.configuration	pending	0	
paper.plugin.provider.source	io.papermc.paper.plugin.provider.source	io/papermc/paper/plugin/provider/source/DirectoryProviderSource.java,io/papermc/paper/plugin/provider/source/FileArrayProviderSource.java,io/papermc/paper/plugin/provider/source/FileProviderSource.java,io/papermc/paper/plugin/provider/source/PluginFlagProviderSource.java,io/papermc/paper/plugin/provider/source/ProviderSource.java	paper-server	5	388	rivet-api	3	27	yes	io.papermc.paper,io.papermc.paper.plugin,io.papermc.paper.plugin.configuration,io.papermc.paper.plugin.entrypoint,io.papermc.paper.plugin.provider.type,org.bukkit.plugin	pending	0	
paper.plugin.provider.type	io.papermc.paper.plugin.provider.type	io/papermc/paper/plugin/provider/type/PluginFileType.java,io/papermc/paper/plugin/provider/type/PluginTypeFactory.java	paper-server	2	107	rivet-api	3	27	yes	io.papermc.paper.plugin.configuration,io.papermc.paper.plugin.entrypoint,io.papermc.paper.plugin.provider.configuration,io.papermc.paper.plugin.provider.type.paper,io.papermc.paper.plugin.provider.type.spigot,org.bukkit.plugin	pending	0	
paper.plugin.provider.type.paper	io.papermc.paper.plugin.provider.type.paper	io/papermc/paper/plugin/provider/type/paper/PaperBootstrapOrderConfiguration.java,io/papermc/paper/plugin/provider/type/paper/PaperLoadOrderConfiguration.java,io/papermc/paper/plugin/provider/type/paper/PaperPluginParent.java,io/papermc/paper/plugin/provider/type/paper/PaperPluginProviderFactory.java	paper-server	4	414	rivet-api	3	27	yes	com.destroystokyo.paper.util,com.destroystokyo.paper.utils,io.papermc.paper.plugin.bootstrap,io.papermc.paper.plugin.configuration,io.papermc.paper.plugin.entrypoint.classloader,io.papermc.paper.plugin.entrypoint.dependency,io.papermc.paper.plugin.loader,io.papermc.paper.plugin.provider,io.papermc.paper.plugin.provider.configuration,io.papermc.paper.plugin.provider.configuration.type,io.papermc.paper.plugin.provider.entrypoint,io.papermc.paper.plugin.provider.type,io.papermc.paper.plugin.provider.type.spigot,io.papermc.paper.plugin.provider.util,org.bukkit.plugin,org.bukkit.plugin.java	pending	0	
paper.plugin.provider.type.spigot	io.papermc.paper.plugin.provider.type.spigot	io/papermc/paper/plugin/provider/type/spigot/SpigotLoadOrderConfiguration.java,io/papermc/paper/plugin/provider/type/spigot/SpigotPluginProvider.java,io/papermc/paper/plugin/provider/type/spigot/SpigotPluginProviderFactory.java	paper-server	3	346	rivet-api	3	27	yes	com.destroystokyo.paper.util,com.destroystokyo.paper.utils,io.papermc.paper.plugin.bootstrap,io.papermc.paper.plugin.configuration,io.papermc.paper.plugin.entrypoint.classloader,io.papermc.paper.plugin.entrypoint.dependency,io.papermc.paper.plugin.loader,io.papermc.paper.plugin.manager,io.papermc.paper.plugin.provider,io.papermc.paper.plugin.provider.configuration,io.papermc.paper.plugin.provider.configuration.serializer.constraints,io.papermc.paper.plugin.provider.entrypoint,io.papermc.paper.plugin.provider.type,io.papermc.paper.plugin.provider.util,org.bukkit,org.bukkit.plugin,org.bukkit.plugin.java	pending	0	
paper.plugin.provider.util	io.papermc.paper.plugin.provider.util	io/papermc/paper/plugin/provider/util/ProviderUtil.java	paper-api	1	86	rivet-api	3	27	yes	com.destroystokyo.paper.util	pending	0	
paper.plugin.storage	io.papermc.paper.plugin.storage	io/papermc/paper/plugin/storage/BootstrapProviderStorage.java,io/papermc/paper/plugin/storage/ConfiguredProviderStorage.java,io/papermc/paper/plugin/storage/ProviderStorage.java,io/papermc/paper/plugin/storage/ServerPluginProviderStorage.java,io/papermc/paper/plugin/storage/SimpleProviderStorage.java,io/papermc/paper/plugin/storage/package-info.java	paper-server	6	272	rivet-api	3	27	yes	io.papermc.paper.plugin,io.papermc.paper.plugin.bootstrap,io.papermc.paper.plugin.entrypoint.dependency,io.papermc.paper.plugin.entrypoint.strategy,io.papermc.paper.plugin.entrypoint.strategy.modern,io.papermc.paper.plugin.manager,io.papermc.paper.plugin.provider,io.papermc.paper.plugin.provider.entrypoint,io.papermc.paper.plugin.provider.type.paper,org.bukkit.plugin,org.bukkit.plugin.java	pending	0	
paper.plugin.util	io.papermc.paper.plugin.util	io/papermc/paper/plugin/util/EntrypointUtil.java,io/papermc/paper/plugin/util/NamespaceChecker.java	paper-server	2	57	rivet-api	3	27	yes	io.papermc.paper.plugin.entrypoint,io.papermc.paper.plugin.provider.source	pending	0	
paper.potion	io.papermc.paper.potion	io/papermc/paper/potion/PaperPotionBrewer.java,io/papermc/paper/potion/PaperPotionMix.java,io/papermc/paper/potion/PotionMix.java,io/papermc/paper/potion/PredicateRecipeChoice.java,io/papermc/paper/potion/SuspiciousEffectEntry.java,io/papermc/paper/potion/SuspiciousEffectEntryImpl.java	paper-api,paper-server	6	261	rivet-api	3	27	yes	net.minecraft.server,net.minecraft.world.item,org.bukkit,org.bukkit.craftbukkit.inventory,org.bukkit.inventory,org.bukkit.potion	pending	0	
paper.profile	io.papermc.paper.profile	io/papermc/paper/profile/MutablePropertyMap.java,io/papermc/paper/profile/PaperFilledProfileCache.java	paper-server	2	167	rivet-api	3	27	yes	net.minecraft.server,net.minecraft.server.players	pending	0	
paper.raytracing	io.papermc.paper.raytracing	io/papermc/paper/raytracing/BlockCollisionMode.java,io/papermc/paper/raytracing/PositionedRayTraceConfigurationBuilder.java,io/papermc/paper/raytracing/PositionedRayTraceConfigurationBuilderImpl.java,io/papermc/paper/raytracing/RayTraceTarget.java	paper-api,paper-server	4	237	rivet-api	3	27	yes	org.bukkit,org.bukkit.block,org.bukkit.entity,org.bukkit.util	pending	0	
paper.registry	io.papermc.paper.registry	io/papermc/paper/registry/HolderableBase.java,io/papermc/paper/registry/PaperRegistries.java,io/papermc/paper/registry/PaperRegistryAccess.java,io/papermc/paper/registry/PaperRegistryBuilder.java,io/papermc/paper/registry/PaperRegistryBuilderFactory.java,io/papermc/paper/registry/PaperRegistryListenerManager.java,io/papermc/paper/registry/PaperSimpleRegistry.java,io/papermc/paper/registry/Reference.java,io/papermc/paper/registry/ReferenceImpl.java,io/papermc/paper/registry/RegistryAccess.java,io/papermc/paper/registry/RegistryAccessHolder.java,io/papermc/paper/registry/RegistryBuilder.java,io/papermc/paper/registry/RegistryBuilderFactory.java,io/papermc/paper/registry/RegistryHolder.java,io/papermc/paper/registry/RegistryKey.java,io/papermc/paper/registry/RegistryKeyImpl.java,io/papermc/paper/registry/TypedKey.java,io/papermc/paper/registry/TypedKeyImpl.java,io/papermc/paper/registry/WritableCraftRegistry.java,io/papermc/paper/registry/package-info.java	paper-api,paper-server	20	1480	rivet-api	3	27	yes	com.mojang.serialization,io.papermc.paper.adventure,io.papermc.paper.datacomponent,io.papermc.paper.dialog,io.papermc.paper.entity.poi,io.papermc.paper.plugin.bootstrap,io.papermc.paper.plugin.entrypoint,io.papermc.paper.plugin.lifecycle.event,io.papermc.paper.plugin.lifecycle.event.types,io.papermc.paper.registry.data,io.papermc.paper.registry.data.dialog,io.papermc.paper.registry.data.util,io.papermc.paper.registry.entry,io.papermc.paper.registry.event,io.papermc.paper.registry.event.type,io.papermc.paper.registry.legacy,io.papermc.paper.registry.set,io.papermc.paper.registry.tag,io.papermc.paper.util,net.minecraft.core,net.minecraft.core.registries,net.minecraft.resources,org.bukkit,org.bukkit.attribute,org.bukkit.block,org.bukkit.block.banner,org.bukkit.craftbukkit,org.bukkit.craftbukkit.attribute,org.bukkit.craftbukkit.block,org.bukkit.craftbukkit.block.banner,org.bukkit.craftbukkit.damage,org.bukkit.craftbukkit.enchantments,org.bukkit.craftbukkit.entity,org.bukkit.craftbukkit.generator.structure,org.bukkit.craftbukkit.inventory,org.bukkit.craftbukkit.inventory.trim,org.bukkit.craftbukkit.legacy,org.bukkit.craftbukkit.map,org.bukkit.craftbukkit.potion,org.bukkit.craftbukkit.util,org.bukkit.damage,org.bukkit.enchantments,org.bukkit.entity,org.bukkit.entity.memory,org.bukkit.generator.structure,org.bukkit.inventory,org.bukkit.inventory.meta.trim,org.bukkit.map,org.bukkit.potion	pending	0	
paper.registry.data	io.papermc.paper.registry.data	io/papermc/paper/registry/data/BannerPatternRegistryEntry.java,io/papermc/paper/registry/data/CatTypeRegistryEntry.java,io/papermc/paper/registry/data/ChickenVariantRegistryEntry.java,io/papermc/paper/registry/data/CowVariantRegistryEntry.java,io/papermc/paper/registry/data/DamageTypeRegistryEntry.java,io/papermc/paper/registry/data/EnchantmentRegistryEntry.java,io/papermc/paper/registry/data/FrogVariantRegistryEntry.java,io/papermc/paper/registry/data/GameEventRegistryEntry.java,io/papermc/paper/registry/data/InlinedRegistryBuilderProvider.java,io/papermc/paper/registry/data/InlinedRegistryBuilderProviderImpl.java,io/papermc/paper/registry/data/InstrumentRegistryEntry.java,io/papermc/paper/registry/data/JukeboxSongRegistryEntry.java,io/papermc/paper/registry/data/PaintingVariantRegistryEntry.java,io/papermc/paper/registry/data/PaperBannerPatternRegistryEntry.java,io/papermc/paper/registry/data/PaperCatTypeRegistryEntry.java,io/papermc/paper/registry/data/PaperChickenVariantRegistryEntry.java,io/papermc/paper/registry/data/PaperCowVariantRegistryEntry.java,io/papermc/paper/registry/data/PaperDamageTypeRegistryEntry.java,io/papermc/paper/registry/data/PaperEnchantmentRegistryEntry.java,io/papermc/paper/registry/data/PaperFrogVariantRegistryEntry.java,io/papermc/paper/registry/data/PaperGameEventRegistryEntry.java,io/papermc/paper/registry/data/PaperInstrumentRegistryEntry.java,io/papermc/paper/registry/data/PaperJukeboxSongRegistryEntry.java,io/papermc/paper/registry/data/PaperPaintingVariantRegistryEntry.java,io/papermc/paper/registry/data/PaperPigVariantRegistryEntry.java,io/papermc/paper/registry/data/PaperSoundEventRegistryEntry.java,io/papermc/paper/registry/data/PaperSulfurCubeArchetypeRegistryEntry.java,io/papermc/paper/registry/data/PaperTrimMaterialRegistryEntry.java,io/papermc/paper/registry/data/PaperTrimPatternRegistryEntry.java,io/papermc/paper/registry/data/PaperWolfVariantRegistryEntry.java,io/papermc/paper/registry/data/PaperZombieNautilusVariantRegistryEntry.java,io/papermc/paper/registry/data/PigVariantRegistryEntry.java,io/papermc/paper/registry/data/SoundEventRegistryEntry.java,io/papermc/paper/registry/data/SulfurCubeArchetypeRegistryEntry.java,io/papermc/paper/registry/data/TrimMaterialRegistryEntry.java,io/papermc/paper/registry/data/TrimPatternRegistryEntry.java,io/papermc/paper/registry/data/WolfVariantRegistryEntry.java,io/papermc/paper/registry/data/ZombieNautilusVariantRegistryEntry.java,io/papermc/paper/registry/data/package-info.java,io/papermc/paper/registry/data/package-info.java	paper-api,paper-server	40	4188	rivet-api	3	27	yes	io.papermc.paper.adventure,io.papermc.paper.datacomponent.item,io.papermc.paper.dialog,io.papermc.paper.registry,io.papermc.paper.registry.data.client,io.papermc.paper.registry.data.dialog,io.papermc.paper.registry.data.util,io.papermc.paper.registry.event,io.papermc.paper.registry.holder,io.papermc.paper.registry.set,io.papermc.paper.registry.tag,io.papermc.paper.util,net.minecraft.core,net.minecraft.core.component,net.minecraft.core.registries,net.minecraft.network.chat,net.minecraft.resources,net.minecraft.sounds,net.minecraft.util.valueproviders,net.minecraft.world.damagesource,net.minecraft.world.entity,net.minecraft.world.entity.animal.chicken,net.minecraft.world.entity.animal.cow,net.minecraft.world.entity.animal.feline,net.minecraft.world.entity.animal.frog,net.minecraft.world.entity.animal.nautilus,net.minecraft.world.entity.animal.pig,net.minecraft.world.entity.animal.wolf,net.minecraft.world.entity.decoration.painting,net.minecraft.world.entity.variant,net.minecraft.world.item,net.minecraft.world.item.enchantment,net.minecraft.world.item.equipment,net.minecraft.world.item.equipment.trim,net.minecraft.world.level.block.entity,net.minecraft.world.level.gameevent,net.minecraft.world.level.redstone,org.bukkit,org.bukkit.attribute,org.bukkit.block.banner,org.bukkit.craftbukkit,org.bukkit.craftbukkit.attribute,org.bukkit.craftbukkit.damage,org.bukkit.craftbukkit.util,org.bukkit.damage,org.bukkit.enchantments,org.bukkit.entity,org.bukkit.inventory,org.bukkit.inventory.meta.trim	pending	0	
paper.registry.data.dialog	io.papermc.paper.registry.data.dialog	io/papermc/paper/registry/data/dialog/ActionButton.java,io/papermc/paper/registry/data/dialog/ActionButtonImpl.java,io/papermc/paper/registry/data/dialog/DialogBase.java,io/papermc/paper/registry/data/dialog/DialogBaseImpl.java,io/papermc/paper/registry/data/dialog/DialogInstancesProvider.java,io/papermc/paper/registry/data/dialog/DialogRegistryEntry.java,io/papermc/paper/registry/data/dialog/PaperDialogCodecs.java,io/papermc/paper/registry/data/dialog/PaperDialogInstancesProvider.java,io/papermc/paper/registry/data/dialog/PaperDialogRegistryEntry.java,io/papermc/paper/registry/data/dialog/PaperDialogs.java,io/papermc/paper/registry/data/dialog/package-info.java	paper-api,paper-server	11	1125	rivet-api	3	27	yes	com.mojang.serialization,io.papermc.paper.adventure,io.papermc.paper.adventure.providers,io.papermc.paper.dialog,io.papermc.paper.registry,io.papermc.paper.registry.data.dialog.action,io.papermc.paper.registry.data.dialog.body,io.papermc.paper.registry.data.dialog.input,io.papermc.paper.registry.data.dialog.type,io.papermc.paper.registry.data.util,io.papermc.paper.registry.set,net.minecraft.core,net.minecraft.core.registries,net.minecraft.nbt,net.minecraft.resources,net.minecraft.server.dialog,net.minecraft.server.dialog.action,net.minecraft.server.dialog.body,net.minecraft.server.dialog.input,net.minecraft.util,net.minecraft.world.item,org.bukkit.craftbukkit.inventory,org.bukkit.inventory	pending	0	
paper.registry.data.dialog.action	io.papermc.paper.registry.data.dialog.action	io/papermc/paper/registry/data/dialog/action/CommandTemplateActionImpl.java,io/papermc/paper/registry/data/dialog/action/CustomClickActionImpl.java,io/papermc/paper/registry/data/dialog/action/DialogAction.java,io/papermc/paper/registry/data/dialog/action/DialogActionCallback.java,io/papermc/paper/registry/data/dialog/action/StaticActionImpl.java,io/papermc/paper/registry/data/dialog/action/package-info.java	paper-api,paper-server	6	196	rivet-api	3	27	yes	com.mojang.brigadier.exceptions,io.papermc.paper.adventure,io.papermc.paper.dialog,io.papermc.paper.registry.data.dialog,net.minecraft.commands.functions,net.minecraft.nbt	pending	0	
paper.registry.data.dialog.body	io.papermc.paper.registry.data.dialog.body	io/papermc/paper/registry/data/dialog/body/DialogBody.java,io/papermc/paper/registry/data/dialog/body/ItemDialogBody.java,io/papermc/paper/registry/data/dialog/body/ItemDialogBodyImpl.java,io/papermc/paper/registry/data/dialog/body/PlainMessageBodyImpl.java,io/papermc/paper/registry/data/dialog/body/PlainMessageDialogBody.java,io/papermc/paper/registry/data/dialog/body/package-info.java	paper-api,paper-server	6	318	rivet-api	3	27	yes	io.papermc.paper.registry.data.dialog,net.minecraft.server.dialog.body,org.bukkit.craftbukkit.inventory,org.bukkit.inventory	pending	0	
paper.registry.data.dialog.input	io.papermc.paper.registry.data.dialog.input	io/papermc/paper/registry/data/dialog/input/BooleanDialogInput.java,io/papermc/paper/registry/data/dialog/input/BooleanDialogInputImpl.java,io/papermc/paper/registry/data/dialog/input/DialogInput.java,io/papermc/paper/registry/data/dialog/input/NumberRangeDialogInput.java,io/papermc/paper/registry/data/dialog/input/NumberRangeDialogInputImpl.java,io/papermc/paper/registry/data/dialog/input/SingleOptionDialogInput.java,io/papermc/paper/registry/data/dialog/input/SingleOptionDialogInputImpl.java,io/papermc/paper/registry/data/dialog/input/TextDialogInput.java,io/papermc/paper/registry/data/dialog/input/TextDialogInputImpl.java,io/papermc/paper/registry/data/dialog/input/package-info.java	paper-api,paper-server	10	951	rivet-api	3	27	yes	io.papermc.paper.registry.data.dialog,net.minecraft.commands.functions,net.minecraft.server.dialog.body,net.minecraft.server.dialog.input	pending	0	
paper.registry.data.dialog.type	io.papermc.paper.registry.data.dialog.type	io/papermc/paper/registry/data/dialog/type/ConfirmationType.java,io/papermc/paper/registry/data/dialog/type/ConfirmationTypeImpl.java,io/papermc/paper/registry/data/dialog/type/DialogListType.java,io/papermc/paper/registry/data/dialog/type/DialogListTypeImpl.java,io/papermc/paper/registry/data/dialog/type/DialogType.java,io/papermc/paper/registry/data/dialog/type/MultiActionType.java,io/papermc/paper/registry/data/dialog/type/MultiActionTypeImpl.java,io/papermc/paper/registry/data/dialog/type/NoticeType.java,io/papermc/paper/registry/data/dialog/type/NoticeTypeImpl.java,io/papermc/paper/registry/data/dialog/type/ServerLinksType.java,io/papermc/paper/registry/data/dialog/type/ServerLinksTypeImpl.java,io/papermc/paper/registry/data/dialog/type/package-info.java	paper-api,paper-server	12	534	rivet-api	3	27	yes	io.papermc.paper.dialog,io.papermc.paper.registry.data.dialog,io.papermc.paper.registry.set,net.minecraft.server.dialog	pending	0	
paper.registry.data.util	io.papermc.paper.registry.data.util	io/papermc/paper/registry/data/util/Checks.java,io/papermc/paper/registry/data/util/Conversions.java,io/papermc/paper/registry/data/util/package-info.java	paper-server	3	139	rivet-api	3	27	yes	com.mojang.serialization,io.papermc.paper.adventure,io.papermc.paper.registry,io.papermc.paper.registry.entry,net.minecraft.core,net.minecraft.resources,org.bukkit,org.bukkit.craftbukkit	pending	0	
paper.registry.entry	io.papermc.paper.registry.entry	io/papermc/paper/registry/entry/RegistryEntry.java,io/papermc/paper/registry/entry/RegistryEntryBuilder.java,io/papermc/paper/registry/entry/RegistryEntryImpl.java,io/papermc/paper/registry/entry/RegistryEntryMeta.java,io/papermc/paper/registry/entry/RegistryTypeMapper.java,io/papermc/paper/registry/entry/package-info.java	paper-server	6	313	rivet-api	3	27	yes	com.mojang.datafixers.util,io.papermc.paper.registry,io.papermc.paper.registry.data.util,io.papermc.paper.registry.event,io.papermc.paper.registry.legacy,io.papermc.paper.util,net.minecraft.core,net.minecraft.resources,org.bukkit,org.bukkit.craftbukkit,org.bukkit.craftbukkit.util	pending	0	
paper.registry.event	io.papermc.paper.registry.event	io/papermc/paper/registry/event/RegistryComposeEvent.java,io/papermc/paper/registry/event/RegistryComposeEventImpl.java,io/papermc/paper/registry/event/RegistryEntryAddEvent.java,io/papermc/paper/registry/event/RegistryEntryAddEventImpl.java,io/papermc/paper/registry/event/RegistryEvent.java,io/papermc/paper/registry/event/RegistryEventMap.java,io/papermc/paper/registry/event/RegistryEventProvider.java,io/papermc/paper/registry/event/RegistryEventProviderImpl.java,io/papermc/paper/registry/event/RegistryEventTypeProvider.java,io/papermc/paper/registry/event/RegistryEventTypeProviderImpl.java,io/papermc/paper/registry/event/RegistryEvents.java,io/papermc/paper/registry/event/WritableRegistry.java,io/papermc/paper/registry/event/package-info.java,io/papermc/paper/registry/event/package-info.java	paper-api,paper-server	14	455	rivet-api	3	27	yes	io.papermc.paper.dialog,io.papermc.paper.plugin.bootstrap,io.papermc.paper.plugin.lifecycle.event,io.papermc.paper.plugin.lifecycle.event.handler,io.papermc.paper.plugin.lifecycle.event.types,io.papermc.paper.registry,io.papermc.paper.registry.data,io.papermc.paper.registry.data.dialog,io.papermc.paper.registry.data.util,io.papermc.paper.registry.event.type,io.papermc.paper.registry.set,io.papermc.paper.registry.tag,net.minecraft.core,net.minecraft.resources,org.bukkit,org.bukkit.block.banner,org.bukkit.damage,org.bukkit.enchantments,org.bukkit.entity,org.bukkit.inventory.meta.trim	pending	0	
paper.registry.event.type	io.papermc.paper.registry.event.type	io/papermc/paper/registry/event/type/RegistryEntryAddConfiguration.java,io/papermc/paper/registry/event/type/RegistryEntryAddEventType.java,io/papermc/paper/registry/event/type/RegistryEntryAddEventTypeImpl.java,io/papermc/paper/registry/event/type/RegistryEntryAddHandlerConfiguration.java,io/papermc/paper/registry/event/type/RegistryLifecycleEventType.java,io/papermc/paper/registry/event/type/package-info.java,io/papermc/paper/registry/event/type/package-info.java	paper-api,paper-server	7	170	rivet-api	3	27	yes	io.papermc.paper.plugin.bootstrap,io.papermc.paper.plugin.lifecycle.event.handler,io.papermc.paper.plugin.lifecycle.event.handler.configuration,io.papermc.paper.plugin.lifecycle.event.types,io.papermc.paper.registry,io.papermc.paper.registry.event	pending	0	
paper.registry.holder	io.papermc.paper.registry.holder	io/papermc/paper/registry/holder/InlinedRegistryHolderImpl.java,io/papermc/paper/registry/holder/PaperRegistryHolders.java,io/papermc/paper/registry/holder/ReferenceRegistryHolderImpl.java,io/papermc/paper/registry/holder/RegistryHolder.java,io/papermc/paper/registry/holder/package-info.java	paper-api,paper-server	5	98	rivet-api	3	27	yes	io.papermc.paper.registry,io.papermc.paper.registry.data.util,net.minecraft.core	pending	0	
paper.registry.legacy	io.papermc.paper.registry.legacy	io/papermc/paper/registry/legacy/DelayedRegistry.java,io/papermc/paper/registry/legacy/DelayedRegistryEntry.java,io/papermc/paper/registry/legacy/LegacyRegistryIdentifiers.java,io/papermc/paper/registry/legacy/package-info.java	paper-server	4	138	rivet-api	3	27	yes	io.papermc.paper.registry,io.papermc.paper.registry.entry,io.papermc.paper.registry.tag,net.minecraft.core,org.bukkit	pending	0	
paper.registry.set	io.papermc.paper.registry.set	io/papermc/paper/registry/set/NamedRegistryKeySetImpl.java,io/papermc/paper/registry/set/PaperRegistrySets.java,io/papermc/paper/registry/set/RegistryKeySet.java,io/papermc/paper/registry/set/RegistryKeySetImpl.java,io/papermc/paper/registry/set/RegistrySet.java,io/papermc/paper/registry/set/RegistryValueSet.java,io/papermc/paper/registry/set/RegistryValueSetBuilder.java,io/papermc/paper/registry/set/RegistryValueSetBuilderImpl.java,io/papermc/paper/registry/set/RegistryValueSetImpl.java,io/papermc/paper/registry/set/package-info.java,io/papermc/paper/registry/set/package-info.java	paper-api,paper-server	11	523	rivet-api	3	27	yes	io.papermc.paper.adventure,io.papermc.paper.registry,io.papermc.paper.registry.data.dialog,io.papermc.paper.registry.data.util,io.papermc.paper.registry.tag,io.papermc.paper.util,net.minecraft.core,net.minecraft.resources,org.bukkit,org.bukkit.craftbukkit,org.bukkit.craftbukkit.util	pending	0	
paper.registry.tag	io.papermc.paper.registry.tag	io/papermc/paper/registry/tag/Tag.java,io/papermc/paper/registry/tag/TagKey.java,io/papermc/paper/registry/tag/TagKeyImpl.java	paper-api	3	87	rivet-api	3	27	yes	io.papermc.paper.registry,io.papermc.paper.registry.set,org.bukkit	pending	0	
paper.tag	io.papermc.paper.tag	io/papermc/paper/tag/BaseTag.java,io/papermc/paper/tag/EntitySetTag.java,io/papermc/paper/tag/EntityTags.java,io/papermc/paper/tag/PaperPostFlattenTagRegistrar.java,io/papermc/paper/tag/PaperPreFlattenTagRegistrar.java,io/papermc/paper/tag/PaperTagListenerManager.java,io/papermc/paper/tag/PostFlattenTagRegistrar.java,io/papermc/paper/tag/PreFlattenTagRegistrar.java,io/papermc/paper/tag/TagEntry.java,io/papermc/paper/tag/TagEntryImpl.java,io/papermc/paper/tag/TagEventConfig.java	paper-api,paper-server	11	974	rivet-api	3	27	yes	io.papermc.paper.adventure,io.papermc.paper.plugin.bootstrap,io.papermc.paper.plugin.lifecycle.event,io.papermc.paper.plugin.lifecycle.event.registrar,io.papermc.paper.plugin.lifecycle.event.types,io.papermc.paper.registry,io.papermc.paper.registry.event,io.papermc.paper.registry.tag,io.papermc.paper.util,net.minecraft.core,net.minecraft.resources,net.minecraft.tags,org.bukkit,org.bukkit.craftbukkit.util,org.bukkit.entity	pending	0	
paper.text	io.papermc.paper.text	io/papermc/paper/text/Filtered.java,io/papermc/paper/text/PaperComponents.java	paper-api	2	195	rivet-api	3	27	yes	io.papermc.paper,org.bukkit,org.bukkit.command,org.bukkit.entity	pending	0	
paper.util	io.papermc.paper.util	io/papermc/paper/util/AtomicFiles.java,io/papermc/paper/util/BoundChecker.java,io/papermc/paper/util/CountingOps.java,io/papermc/paper/util/Hashing.java,io/papermc/paper/util/Holderable.java,io/papermc/paper/util/IntervalledCounter.java,io/papermc/paper/util/JarManifests.java,io/papermc/paper/util/JsonObjectWrapper.java,io/papermc/paper/util/KeepAlive.java,io/papermc/paper/util/MCUtil.java,io/papermc/paper/util/OldEnumHolderable.java,io/papermc/paper/util/PaperCacheDir.java,io/papermc/paper/util/PaperCodecs.java,io/papermc/paper/util/PaperScoreboardFormat.java,io/papermc/paper/util/SafeAutoClosable.java,io/papermc/paper/util/ServerEnvironment.java,io/papermc/paper/util/ServerStopRejectedExecutionException.java,io/papermc/paper/util/ServerWorkerThread.java,io/papermc/paper/util/SizeLimitedSet.java,io/papermc/paper/util/StackWalkerUtil.java,io/papermc/paper/util/StringPool.java,io/papermc/paper/util/Tick.java,io/papermc/paper/util/TraceUtil.java,io/papermc/paper/util/TransformingRandomAccessList.java	minecraft,paper-api,paper-server	24	1951	rivet-api	3	27	yes	com.mojang.datafixers.util,com.mojang.serialization,io.papermc.paper.adventure,io.papermc.paper.math,io.papermc.paper.plugin.provider.classloader,io.papermc.paper.registry,io.papermc.paper.registry.data.client,io.papermc.paper.scoreboard.numbers,net.minecraft.core,net.minecraft.core.component,net.minecraft.nbt,net.minecraft.resources,net.minecraft.server,net.minecraft.tags,net.minecraft.util,net.minecraft.util.datafix,net.minecraft.util.datafix.fixes,net.minecraft.world.entity,net.minecraft.world.entity.animal.cow,net.minecraft.world.entity.player,net.minecraft.world.item,net.minecraft.world.item.alchemy,net.minecraft.world.level,net.minecraft.world.level.block,net.minecraft.world.level.block.state,net.minecraft.world.phys,org.bukkit,org.bukkit.configuration.serialization,org.bukkit.craftbukkit,org.bukkit.craftbukkit.inventory,org.bukkit.craftbukkit.util,org.bukkit.plugin.java,org.bukkit.util	pending	0	
paper.util.sanitizer	io.papermc.paper.util.sanitizer	io/papermc/paper/util/sanitizer/ItemComponentSanitizer.java,io/papermc/paper/util/sanitizer/ItemObfuscationBinding.java,io/papermc/paper/util/sanitizer/ItemObfuscationSession.java,io/papermc/paper/util/sanitizer/OversizedItemComponentSanitizer.java	paper-server	4	525	rivet-api	3	27	yes	com.mojang.datafixers.util,com.mojang.serialization,io.papermc.paper.configuration,io.papermc.paper.util,net.minecraft.core.component,net.minecraft.core.registries,net.minecraft.network,net.minecraft.network.codec,net.minecraft.resources,net.minecraft.server,net.minecraft.util,net.minecraft.world.item,net.minecraft.world.item.alchemy,net.minecraft.world.item.component,net.minecraft.world.item.enchantment	pending	0	
paper.world	io.papermc.paper.world	io/papermc/paper/world/MoonPhase.java,io/papermc/paper/world/PaperWorldLoader.java,io/papermc/paper/world/WeatheringCopperState.java	paper-api,paper-server	3	250	rivet-api	3	27	yes	io.papermc.paper.world.migration,io.papermc.paper.world.saveddata,net.minecraft.core,net.minecraft.core.registries,net.minecraft.resources,net.minecraft.server,net.minecraft.server.level,net.minecraft.util.datafix,net.minecraft.world.level,net.minecraft.world.level.dimension,net.minecraft.world.level.levelgen,net.minecraft.world.level.storage,org.bukkit	pending	0	
paper.world.damagesource	io.papermc.paper.world.damagesource	io/papermc/paper/world/damagesource/CombatEntry.java,io/papermc/paper/world/damagesource/CombatTracker.java,io/papermc/paper/world/damagesource/FallLocationType.java,io/papermc/paper/world/damagesource/FallLocationTypeImpl.java,io/papermc/paper/world/damagesource/PaperCombatEntryWrapper.java,io/papermc/paper/world/damagesource/PaperCombatTrackerWrapper.java	paper-api,paper-server	6	424	rivet-api	3	27	yes	io.papermc.paper,io.papermc.paper.adventure,net.minecraft,net.minecraft.util,net.minecraft.world.damagesource,org.bukkit.craftbukkit.damage,org.bukkit.damage,org.bukkit.entity	pending	0	
paper.world.flag	io.papermc.paper.world.flag	io/papermc/paper/world/flag/FeatureDependant.java,io/papermc/paper/world/flag/FeatureFlagProvider.java,io/papermc/paper/world/flag/FeatureFlagSetHolder.java,io/papermc/paper/world/flag/PaperFeatureDependent.java,io/papermc/paper/world/flag/PaperFeatureFlagProviderImpl.java	paper-api,paper-server	5	153	rivet-api	3	27	yes	io.papermc.paper.util,net.minecraft.world.flag,org.bukkit,org.bukkit.craftbukkit.entity,org.bukkit.craftbukkit.potion,org.bukkit.entity,org.bukkit.potion	pending	0	
paper.world.migration	io.papermc.paper.world.migration	io/papermc/paper/world/migration/LegacyCraftBukkitWorldMigration.java,io/papermc/paper/world/migration/VanillaWorldMigration.java,io/papermc/paper/world/migration/WorldFolderMigration.java,io/papermc/paper/world/migration/WorldMigrationContext.java,io/papermc/paper/world/migration/WorldMigrationSupport.java	paper-server	5	769	rivet-api	3	27	yes	com.mojang.serialization,io.papermc.paper.world.saveddata,net.minecraft.core,net.minecraft.nbt,net.minecraft.resources,net.minecraft.util.datafix,net.minecraft.util.filefix,net.minecraft.util.worldupdate,net.minecraft.world.clock,net.minecraft.world.entity.raid,net.minecraft.world.level,net.minecraft.world.level.border,net.minecraft.world.level.dimension,net.minecraft.world.level.dimension.end,net.minecraft.world.level.gamerules,net.minecraft.world.level.levelgen,net.minecraft.world.level.saveddata,net.minecraft.world.level.storage,net.minecraft.world.level.timers	pending	0	
paper.world.saveddata	io.papermc.paper.world.saveddata	io/papermc/paper/world/saveddata/PaperLevelOverrides.java,io/papermc/paper/world/saveddata/PaperWorldMetadata.java,io/papermc/paper/world/saveddata/PaperWorldPDC.java	paper-server	3	337	rivet-api	3	27	yes	com.mojang.serialization,net.minecraft.core,net.minecraft.resources,net.minecraft.util,net.minecraft.util.datafix,net.minecraft.world,net.minecraft.world.level,net.minecraft.world.level.saveddata,net.minecraft.world.level.storage,org.bukkit.craftbukkit.persistence	pending	0	
alternate.current.wire	alternate.current.wire	alternate/current/wire/LevelHelper.java,alternate/current/wire/Node.java,alternate/current/wire/PriorityQueue.java,alternate/current/wire/SimpleQueue.java,alternate/current/wire/UpdateOrder.java,alternate/current/wire/WireConnection.java,alternate/current/wire/WireConnectionManager.java,alternate/current/wire/WireHandler.java,alternate/current/wire/WireNode.java	minecraft	9	2246	rivet-server	4			net.minecraft.core,net.minecraft.server.level,net.minecraft.util,net.minecraft.world.level.block,net.minecraft.world.level.block.state,net.minecraft.world.level.chunk,net.minecraft.world.level.chunk.status,net.minecraft.world.level.redstone,org.bukkit.craftbukkit.event	pending	0	
bukkit.craftbukkit.spawner	org.bukkit.craftbukkit.spawner	org/bukkit/craftbukkit/spawner/PaperSharedSpawnerLogic.java	paper-server	1	68	rivet-server	4			net.minecraft.core,net.minecraft.core.registries,net.minecraft.util,net.minecraft.world.entity,net.minecraft.world.level,net.minecraft.world.level.storage,org.bukkit.craftbukkit.inventory,org.bukkit.inventory,org.bukkit.spawner	pending	0	
bukkit.event.command	org.bukkit.event.command	org/bukkit/event/command/UnknownCommandEvent.java	paper-api	1	115	rivet-api	4			io.papermc.paper.command.brigadier,org.bukkit.command,org.bukkit.event	pending	0	
bukkit.event.enchantment	org.bukkit.event.enchantment	org/bukkit/event/enchantment/EnchantItemEvent.java,org/bukkit/event/enchantment/PrepareItemEnchantEvent.java,org/bukkit/event/enchantment/package-info.java	paper-api	3	310	rivet-api	4			org.bukkit.block,org.bukkit.enchantments,org.bukkit.entity,org.bukkit.event,org.bukkit.event.inventory,org.bukkit.inventory,org.bukkit.inventory.view	pending	0	
bukkit.tag	org.bukkit.tag	org/bukkit/tag/DamageTypeTags.java,org/bukkit/tag/package-info.java	paper-api	2	112	rivet-api	4			org.bukkit,org.bukkit.damage	pending	0	
bukkit.util.io	org.bukkit.util.io	org/bukkit/util/io/BukkitObjectInputStream.java,org/bukkit/util/io/BukkitObjectOutputStream.java,org/bukkit/util/io/Wrapper.java,org/bukkit/util/io/package-info.java	paper-api	4	151	rivet-api	4			org.bukkit.configuration.serialization	pending	0	
bukkit.util.noise	org.bukkit.util.noise	org/bukkit/util/noise/NoiseGenerator.java,org/bukkit/util/noise/OctaveGenerator.java,org/bukkit/util/noise/PerlinNoiseGenerator.java,org/bukkit/util/noise/PerlinOctaveGenerator.java,org/bukkit/util/noise/SimplexNoiseGenerator.java,org/bukkit/util/noise/SimplexOctaveGenerator.java,org/bukkit/util/noise/package-info.java	paper-api	7	1309	rivet-api	4			org.bukkit	pending	0	
ca.spottedleaf.dataconverter.minecraft	ca.spottedleaf.dataconverter.minecraft	ca/spottedleaf/dataconverter/minecraft/MCDataConverter.java,ca/spottedleaf/dataconverter/minecraft/MCVersionRegistry.java,ca/spottedleaf/dataconverter/minecraft/MCVersions.java	minecraft	3	1274	rivet-server	4			net.minecraft.nbt	pending	0	
ca.spottedleaf.dataconverter.minecraft.converters.chunk	ca.spottedleaf.dataconverter.minecraft.converters.chunk	ca/spottedleaf/dataconverter/minecraft/converters/chunk/ConverterAddBlendingData.java,ca/spottedleaf/dataconverter/minecraft/converters/chunk/ConverterFlattenChunk.java,ca/spottedleaf/dataconverter/minecraft/converters/chunk/ConverterRenameStatus.java	minecraft	3	1113	rivet-server	4			com.mojang.datafixers,net.minecraft.util.datafix	pending	0	
ca.spottedleaf.dataconverter.minecraft.converters.helpers	ca.spottedleaf.dataconverter.minecraft.converters.helpers	ca/spottedleaf/dataconverter/minecraft/converters/helpers/AddFlagIfAbsent.java,ca/spottedleaf/dataconverter/minecraft/converters/helpers/ConverterAbstractStringValueTypeRename.java,ca/spottedleaf/dataconverter/minecraft/converters/helpers/CopyHelper.java,ca/spottedleaf/dataconverter/minecraft/converters/helpers/HelperBlockFlatteningV1450.java,ca/spottedleaf/dataconverter/minecraft/converters/helpers/HelperItemNameV102.java,ca/spottedleaf/dataconverter/minecraft/converters/helpers/HelperSpawnEggNameV105.java,ca/spottedleaf/dataconverter/minecraft/converters/helpers/RenameHelper.java	minecraft	7	2680	rivet-server	4			net.minecraft.nbt	pending	0	
ca.spottedleaf.dataconverter.minecraft.converters.itemstack	ca.spottedleaf.dataconverter.minecraft.converters.itemstack	ca/spottedleaf/dataconverter/minecraft/converters/itemstack/ConverterEnchantmentsRename.java,ca/spottedleaf/dataconverter/minecraft/converters/itemstack/ConverterFlattenItemStack.java,ca/spottedleaf/dataconverter/minecraft/converters/itemstack/ConverterFlattenSpawnEgg.java,ca/spottedleaf/dataconverter/minecraft/converters/itemstack/ConverterItemStackToDataComponents.java	minecraft	4	1839	rivet-server	4			net.minecraft.util	pending	0	
ca.spottedleaf.dataconverter.minecraft.converters.particle	ca.spottedleaf.dataconverter.minecraft.converters.particle	ca/spottedleaf/dataconverter/minecraft/converters/particle/ConverterParticleToNBT.java	minecraft	1	270	rivet-server	4			com.mojang.brigadier,com.mojang.brigadier.exceptions,net.minecraft.nbt,net.minecraft.util	pending	0	
ca.spottedleaf.dataconverter.minecraft.util	ca.spottedleaf.dataconverter.minecraft.util	ca/spottedleaf/dataconverter/minecraft/util/ComponentUtils.java,ca/spottedleaf/dataconverter/minecraft/util/StringWalker.java,ca/spottedleaf/dataconverter/minecraft/util/Version.java	minecraft	3	181	rivet-server	4			net.minecraft,net.minecraft.util	pending	0	
ca.spottedleaf.dataconverter.minecraft.versions	ca.spottedleaf.dataconverter.minecraft.versions	ca/spottedleaf/dataconverter/minecraft/versions/V100.java,ca/spottedleaf/dataconverter/minecraft/versions/V101.java,ca/spottedleaf/dataconverter/minecraft/versions/V102.java,ca/spottedleaf/dataconverter/minecraft/versions/V1022.java,ca/spottedleaf/dataconverter/minecraft/versions/V105.java,ca/spottedleaf/dataconverter/minecraft/versions/V106.java,ca/spottedleaf/dataconverter/minecraft/versions/V107.java,ca/spottedleaf/dataconverter/minecraft/versions/V108.java,ca/spottedleaf/dataconverter/minecraft/versions/V109.java,ca/spottedleaf/dataconverter/minecraft/versions/V110.java,ca/spottedleaf/dataconverter/minecraft/versions/V111.java,ca/spottedleaf/dataconverter/minecraft/versions/V1125.java,ca/spottedleaf/dataconverter/minecraft/versions/V113.java,ca/spottedleaf/dataconverter/minecraft/versions/V1344.java,ca/spottedleaf/dataconverter/minecraft/versions/V135.java,ca/spottedleaf/dataconverter/minecraft/versions/V143.java,ca/spottedleaf/dataconverter/minecraft/versions/V1446.java,ca/spottedleaf/dataconverter/minecraft/versions/V1450.java,ca/spottedleaf/dataconverter/minecraft/versions/V1451.java,ca/spottedleaf/dataconverter/minecraft/versions/V1456.java,ca/spottedleaf/dataconverter/minecraft/versions/V1458.java,ca/spottedleaf/dataconverter/minecraft/versions/V1460.java,ca/spottedleaf/dataconverter/minecraft/versions/V1466.java,ca/spottedleaf/dataconverter/minecraft/versions/V147.java,ca/spottedleaf/dataconverter/minecraft/versions/V1470.java,ca/spottedleaf/dataconverter/minecraft/versions/V1474.java,ca/spottedleaf/dataconverter/minecraft/versions/V1475.java,ca/spottedleaf/dataconverter/minecraft/versions/V1480.java,ca/spottedleaf/dataconverter/minecraft/versions/V1483.java,ca/spottedleaf/dataconverter/minecraft/versions/V1484.java,ca/spottedleaf/dataconverter/minecraft/versions/V1486.java,ca/spottedleaf/dataconverter/minecraft/versions/V1487.java,ca/spottedleaf/dataconverter/minecraft/versions/V1488.java,ca/spottedleaf/dataconverter/minecraft/versions/V1490.java,ca/spottedleaf/dataconverter/minecraft/versions/V1492.java,ca/spottedleaf/dataconverter/minecraft/versions/V1494.java,ca/spottedleaf/dataconverter/minecraft/versions/V1496.java,ca/spottedleaf/dataconverter/minecraft/versions/V1500.java,ca/spottedleaf/dataconverter/minecraft/versions/V1501.java,ca/spottedleaf/dataconverter/minecraft/versions/V1502.java,ca/spottedleaf/dataconverter/minecraft/versions/V1506.java,ca/spottedleaf/dataconverter/minecraft/versions/V1510.java,ca/spottedleaf/dataconverter/minecraft/versions/V1514.java,ca/spottedleaf/dataconverter/minecraft/versions/V1515.java,ca/spottedleaf/dataconverter/minecraft/versions/V1624.java,ca/spottedleaf/dataconverter/minecraft/versions/V165.java,ca/spottedleaf/dataconverter/minecraft/versions/V1800.java,ca/spottedleaf/dataconverter/minecraft/versions/V1801.java,ca/spottedleaf/dataconverter/minecraft/versions/V1802.java,ca/spottedleaf/dataconverter/minecraft/versions/V1803.java,ca/spottedleaf/dataconverter/minecraft/versions/V1904.java,ca/spottedleaf/dataconverter/minecraft/versions/V1905.java,ca/spottedleaf/dataconverter/minecraft/versions/V1906.java,ca/spottedleaf/dataconverter/minecraft/versions/V1909.java,ca/spottedleaf/dataconverter/minecraft/versions/V1911.java,ca/spottedleaf/dataconverter/minecraft/versions/V1914.java,ca/spottedleaf/dataconverter/minecraft/versions/V1917.java,ca/spottedleaf/dataconverter/minecraft/versions/V1918.java,ca/spottedleaf/dataconverter/minecraft/versions/V1920.java,ca/spottedleaf/dataconverter/minecraft/versions/V1925.java,ca/spottedleaf/dataconverter/minecraft/versions/V1928.java,ca/spottedleaf/dataconverter/minecraft/versions/V1929.java,ca/spottedleaf/dataconverter/minecraft/versions/V1931.java,ca/spottedleaf/dataconverter/minecraft/versions/V1936.java,ca/spottedleaf/dataconverter/minecraft/versions/V1946.java,ca/spottedleaf/dataconverter/minecraft/versions/V1948.java,ca/spottedleaf/dataconverter/minecraft/versions/V1953.java,ca/spottedleaf/dataconverter/minecraft/versions/V1955.java,ca/spottedleaf/dataconverter/minecraft/versions/V1961.java,ca/spottedleaf/dataconverter/minecraft/versions/V1963.java,ca/spottedleaf/dataconverter/minecraft/versions/V2100.java,ca/spottedleaf/dataconverter/minecraft/versions/V2202.java,ca/spottedleaf/dataconverter/minecraft/versions/V2209.java,ca/spottedleaf/dataconverter/minecraft/versions/V2211.java,ca/spottedleaf/dataconverter/minecraft/versions/V2218.java,ca/spottedleaf/dataconverter/minecraft/versions/V2501.java,ca/spottedleaf/dataconverter/minecraft/versions/V2502.java,ca/spottedleaf/dataconverter/minecraft/versions/V2503.java,ca/spottedleaf/dataconverter/minecraft/versions/V2505.java,ca/spottedleaf/dataconverter/minecraft/versions/V2508.java,ca/spottedleaf/dataconverter/minecraft/versions/V2509.java,ca/spottedleaf/dataconverter/minecraft/versions/V2511.java,ca/spottedleaf/dataconverter/minecraft/versions/V2514.java,ca/spottedleaf/dataconverter/minecraft/versions/V2516.java,ca/spottedleaf/dataconverter/minecraft/versions/V2518.java,ca/spottedleaf/dataconverter/minecraft/versions/V2519.java,ca/spottedleaf/dataconverter/minecraft/versions/V2522.java,ca/spottedleaf/dataconverter/minecraft/versions/V2523.java,ca/spottedleaf/dataconverter/minecraft/versions/V2527.java,ca/spottedleaf/dataconverter/minecraft/versions/V2528.java,ca/spottedleaf/dataconverter/minecraft/versions/V2529.java,ca/spottedleaf/dataconverter/minecraft/versions/V2531.java,ca/spottedleaf/dataconverter/minecraft/versions/V2533.java,ca/spottedleaf/dataconverter/minecraft/versions/V2535.java,ca/spottedleaf/dataconverter/minecraft/versions/V2537.java,ca/spottedleaf/dataconverter/minecraft/versions/V2538.java,ca/spottedleaf/dataconverter/minecraft/versions/V2550.java,ca/spottedleaf/dataconverter/minecraft/versions/V2551.java,ca/spottedleaf/dataconverter/minecraft/versions/V2552.java,ca/spottedleaf/dataconverter/minecraft/versions/V2553.java,ca/spottedleaf/dataconverter/minecraft/versions/V2556.java,ca/spottedleaf/dataconverter/minecraft/versions/V2558.java,ca/spottedleaf/dataconverter/minecraft/versions/V2568.java,ca/spottedleaf/dataconverter/minecraft/versions/V2671.java,ca/spottedleaf/dataconverter/minecraft/versions/V2679.java,ca/spottedleaf/dataconverter/minecraft/versions/V2680.java,ca/spottedleaf/dataconverter/minecraft/versions/V2684.java,ca/spottedleaf/dataconverter/minecraft/versions/V2686.java,ca/spottedleaf/dataconverter/minecraft/versions/V2688.java,ca/spottedleaf/dataconverter/minecraft/versions/V2690.java,ca/spottedleaf/dataconverter/minecraft/versions/V2691.java,ca/spottedleaf/dataconverter/minecraft/versions/V2693.java,ca/spottedleaf/dataconverter/minecraft/versions/V2696.java,ca/spottedleaf/dataconverter/minecraft/versions/V2700.java,ca/spottedleaf/dataconverter/minecraft/versions/V2701.java,ca/spottedleaf/dataconverter/minecraft/versions/V2702.java,ca/spottedleaf/dataconverter/minecraft/versions/V2707.java,ca/spottedleaf/dataconverter/minecraft/versions/V2710.java,ca/spottedleaf/dataconverter/minecraft/versions/V2717.java,ca/spottedleaf/dataconverter/minecraft/versions/V2825.java,ca/spottedleaf/dataconverter/minecraft/versions/V2831.java,ca/spottedleaf/dataconverter/minecraft/versions/V2832.java,ca/spottedleaf/dataconverter/minecraft/versions/V2833.java,ca/spottedleaf/dataconverter/minecraft/versions/V2838.java,ca/spottedleaf/dataconverter/minecraft/versions/V2841.java,ca/spottedleaf/dataconverter/minecraft/versions/V2842.java,ca/spottedleaf/dataconverter/minecraft/versions/V2843.java,ca/spottedleaf/dataconverter/minecraft/versions/V2846.java,ca/spottedleaf/dataconverter/minecraft/versions/V2852.java,ca/spottedleaf/dataconverter/minecraft/versions/V2967.java,ca/spottedleaf/dataconverter/minecraft/versions/V2970.java,ca/spottedleaf/dataconverter/minecraft/versions/V3077.java,ca/spottedleaf/dataconverter/minecraft/versions/V3078.java,ca/spottedleaf/dataconverter/minecraft/versions/V3081.java,ca/spottedleaf/dataconverter/minecraft/versions/V3082.java,ca/spottedleaf/dataconverter/minecraft/versions/V3083.java,ca/spottedleaf/dataconverter/minecraft/versions/V3084.java,ca/spottedleaf/dataconverter/minecraft/versions/V3086.java,ca/spottedleaf/dataconverter/minecraft/versions/V3087.java,ca/spottedleaf/dataconverter/minecraft/versions/V3088.java,ca/spottedleaf/dataconverter/minecraft/versions/V3090.java,ca/spottedleaf/dataconverter/minecraft/versions/V3093.java,ca/spottedleaf/dataconverter/minecraft/versions/V3094.java,ca/spottedleaf/dataconverter/minecraft/versions/V3097.java,ca/spottedleaf/dataconverter/minecraft/versions/V3108.java,ca/spottedleaf/dataconverter/minecraft/versions/V3201.java,ca/spottedleaf/dataconverter/minecraft/versions/V3202.java,ca/spottedleaf/dataconverter/minecraft/versions/V3203.java,ca/spottedleaf/dataconverter/minecraft/versions/V3204.java,ca/spottedleaf/dataconverter/minecraft/versions/V3209.java,ca/spottedleaf/dataconverter/minecraft/versions/V3214.java,ca/spottedleaf/dataconverter/minecraft/versions/V3319.java,ca/spottedleaf/dataconverter/minecraft/versions/V3322.java,ca/spottedleaf/dataconverter/minecraft/versions/V3325.java,ca/spottedleaf/dataconverter/minecraft/versions/V3326.java,ca/spottedleaf/dataconverter/minecraft/versions/V3327.java,ca/spottedleaf/dataconverter/minecraft/versions/V3328.java,ca/spottedleaf/dataconverter/minecraft/versions/V3438.java,ca/spottedleaf/dataconverter/minecraft/versions/V3439.java,ca/spottedleaf/dataconverter/minecraft/versions/V3440.java,ca/spottedleaf/dataconverter/minecraft/versions/V3441.java,ca/spottedleaf/dataconverter/minecraft/versions/V3447.java,ca/spottedleaf/dataconverter/minecraft/versions/V3448.java,ca/spottedleaf/dataconverter/minecraft/versions/V3450.java,ca/spottedleaf/dataconverter/minecraft/versions/V3451.java,ca/spottedleaf/dataconverter/minecraft/versions/V3459.java,ca/spottedleaf/dataconverter/minecraft/versions/V3564.java,ca/spottedleaf/dataconverter/minecraft/versions/V3565.java,ca/spottedleaf/dataconverter/minecraft/versions/V3566.java,ca/spottedleaf/dataconverter/minecraft/versions/V3568.java,ca/spottedleaf/dataconverter/minecraft/versions/V3682.java,ca/spottedleaf/dataconverter/minecraft/versions/V3683.java,ca/spottedleaf/dataconverter/minecraft/versions/V3685.java,ca/spottedleaf/dataconverter/minecraft/versions/V3689.java,ca/spottedleaf/dataconverter/minecraft/versions/V3692.java,ca/spottedleaf/dataconverter/minecraft/versions/V3799.java,ca/spottedleaf/dataconverter/minecraft/versions/V3800.java,ca/spottedleaf/dataconverter/minecraft/versions/V3803.java,ca/spottedleaf/dataconverter/minecraft/versions/V3807.java,ca/spottedleaf/dataconverter/minecraft/versions/V3808.java,ca/spottedleaf/dataconverter/minecraft/versions/V3809.java,ca/spottedleaf/dataconverter/minecraft/versions/V3812.java,ca/spottedleaf/dataconverter/minecraft/versions/V3813.java,ca/spottedleaf/dataconverter/minecraft/versions/V3814.java,ca/spottedleaf/dataconverter/minecraft/versions/V3816.java,ca/spottedleaf/dataconverter/minecraft/versions/V3818.java,ca/spottedleaf/dataconverter/minecraft/versions/V3820.java,ca/spottedleaf/dataconverter/minecraft/versions/V3825.java,ca/spottedleaf/dataconverter/minecraft/versions/V3828.java,ca/spottedleaf/dataconverter/minecraft/versions/V3833.java,ca/spottedleaf/dataconverter/minecraft/versions/V3938.java,ca/spottedleaf/dataconverter/minecraft/versions/V3939.java,ca/spottedleaf/dataconverter/minecraft/versions/V3943.java,ca/spottedleaf/dataconverter/minecraft/versions/V3945.java,ca/spottedleaf/dataconverter/minecraft/versions/V4054.java,ca/spottedleaf/dataconverter/minecraft/versions/V4055.java,ca/spottedleaf/dataconverter/minecraft/versions/V4057.java,ca/spottedleaf/dataconverter/minecraft/versions/V4059.java,ca/spottedleaf/dataconverter/minecraft/versions/V4061.java,ca/spottedleaf/dataconverter/minecraft/versions/V4064.java,ca/spottedleaf/dataconverter/minecraft/versions/V4067.java,ca/spottedleaf/dataconverter/minecraft/versions/V4068.java,ca/spottedleaf/dataconverter/minecraft/versions/V4070.java,ca/spottedleaf/dataconverter/minecraft/versions/V4071.java,ca/spottedleaf/dataconverter/minecraft/versions/V4081.java,ca/spottedleaf/dataconverter/minecraft/versions/V4173.java,ca/spottedleaf/dataconverter/minecraft/versions/V4175.java,ca/spottedleaf/dataconverter/minecraft/versions/V4176.java,ca/spottedleaf/dataconverter/minecraft/versions/V4180.java,ca/spottedleaf/dataconverter/minecraft/versions/V4181.java,ca/spottedleaf/dataconverter/minecraft/versions/V4185.java,ca/spottedleaf/dataconverter/minecraft/versions/V4187.java,ca/spottedleaf/dataconverter/minecraft/versions/V4290.java,ca/spottedleaf/dataconverter/minecraft/versions/V4291.java,ca/spottedleaf/dataconverter/minecraft/versions/V4292.java,ca/spottedleaf/dataconverter/minecraft/versions/V4293.java,ca/spottedleaf/dataconverter/minecraft/versions/V4294.java,ca/spottedleaf/dataconverter/minecraft/versions/V4295.java,ca/spottedleaf/dataconverter/minecraft/versions/V4296.java,ca/spottedleaf/dataconverter/minecraft/versions/V4297.java,ca/spottedleaf/dataconverter/minecraft/versions/V4299.java,ca/spottedleaf/dataconverter/minecraft/versions/V4300.java,ca/spottedleaf/dataconverter/minecraft/versions/V4301.java,ca/spottedleaf/dataconverter/minecraft/versions/V4302.java,ca/spottedleaf/dataconverter/minecraft/versions/V4303.java,ca/spottedleaf/dataconverter/minecraft/versions/V4305.java,ca/spottedleaf/dataconverter/minecraft/versions/V4306.java,ca/spottedleaf/dataconverter/minecraft/versions/V4307.java,ca/spottedleaf/dataconverter/minecraft/versions/V4309.java,ca/spottedleaf/dataconverter/minecraft/versions/V4311.java,ca/spottedleaf/dataconverter/minecraft/versions/V4312.java,ca/spottedleaf/dataconverter/minecraft/versions/V4314.java,ca/spottedleaf/dataconverter/minecraft/versions/V4420.java,ca/spottedleaf/dataconverter/minecraft/versions/V4421.java,ca/spottedleaf/dataconverter/minecraft/versions/V4424.java,ca/spottedleaf/dataconverter/minecraft/versions/V4439.java,ca/spottedleaf/dataconverter/minecraft/versions/V4533.java,ca/spottedleaf/dataconverter/minecraft/versions/V4535.java,ca/spottedleaf/dataconverter/minecraft/versions/V4537.java,ca/spottedleaf/dataconverter/minecraft/versions/V4541.java,ca/spottedleaf/dataconverter/minecraft/versions/V4544.java,ca/spottedleaf/dataconverter/minecraft/versions/V4548.java,ca/spottedleaf/dataconverter/minecraft/versions/V4648.java,ca/spottedleaf/dataconverter/minecraft/versions/V4649.java,ca/spottedleaf/dataconverter/minecraft/versions/V4651.java,ca/spottedleaf/dataconverter/minecraft/versions/V4656.java,ca/spottedleaf/dataconverter/minecraft/versions/V4657.java,ca/spottedleaf/dataconverter/minecraft/versions/V4658.java,ca/spottedleaf/dataconverter/minecraft/versions/V4661.java,ca/spottedleaf/dataconverter/minecraft/versions/V4763.java,ca/spottedleaf/dataconverter/minecraft/versions/V4769.java,ca/spottedleaf/dataconverter/minecraft/versions/V4882.java,ca/spottedleaf/dataconverter/minecraft/versions/V4885.java,ca/spottedleaf/dataconverter/minecraft/versions/V4888.java,ca/spottedleaf/dataconverter/minecraft/versions/V4892.java,ca/spottedleaf/dataconverter/minecraft/versions/V501.java,ca/spottedleaf/dataconverter/minecraft/versions/V502.java,ca/spottedleaf/dataconverter/minecraft/versions/V505.java,ca/spottedleaf/dataconverter/minecraft/versions/V700.java,ca/spottedleaf/dataconverter/minecraft/versions/V701.java,ca/spottedleaf/dataconverter/minecraft/versions/V702.java,ca/spottedleaf/dataconverter/minecraft/versions/V703.java,ca/spottedleaf/dataconverter/minecraft/versions/V704.java,ca/spottedleaf/dataconverter/minecraft/versions/V705.java,ca/spottedleaf/dataconverter/minecraft/versions/V804.java,ca/spottedleaf/dataconverter/minecraft/versions/V806.java,ca/spottedleaf/dataconverter/minecraft/versions/V808.java,ca/spottedleaf/dataconverter/minecraft/versions/V813.java,ca/spottedleaf/dataconverter/minecraft/versions/V816.java,ca/spottedleaf/dataconverter/minecraft/versions/V820.java,ca/spottedleaf/dataconverter/minecraft/versions/V99.java	minecraft	271	17760	rivet-server	4		yes	com.mojang.brigadier.exceptions,com.mojang.datafixers,com.mojang.datafixers.util,com.mojang.serialization,net.minecraft.core,net.minecraft.core.registries,net.minecraft.nbt,net.minecraft.resources,net.minecraft.util,net.minecraft.util.datafix,net.minecraft.util.datafix.fixes,net.minecraft.world.item,net.minecraft.world.level.block,net.minecraft.world.level.block.entity	pending	0	
ca.spottedleaf.dataconverter.types.nbt	ca.spottedleaf.dataconverter.types.nbt	ca/spottedleaf/dataconverter/types/nbt/NBTListType.java,ca/spottedleaf/dataconverter/types/nbt/NBTMapType.java,ca/spottedleaf/dataconverter/types/nbt/NBTTypeUtil.java	minecraft	3	1152	rivet-server	4			net.minecraft.nbt	pending	0	
ca.spottedleaf.dataconverter.util	ca.spottedleaf.dataconverter.util	ca/spottedleaf/dataconverter/util/Int2IntArraySortedMap.java,ca/spottedleaf/dataconverter/util/Int2ObjectArraySortedMap.java,ca/spottedleaf/dataconverter/util/IntegerUtil.java,ca/spottedleaf/dataconverter/util/Long2IntArraySortedMap.java,ca/spottedleaf/dataconverter/util/Long2ObjectArraySortedMap.java,ca/spottedleaf/dataconverter/util/NamespaceUtil.java	minecraft	6	581	rivet-server	4			net.minecraft.resources	pending	0	
ca.spottedleaf.moonrise.common	ca.spottedleaf.moonrise.common	ca/spottedleaf/moonrise/common/PlatformHooks.java	paper-server	1	126	rivet-server	4			com.mojang.datafixers,net.minecraft.core,net.minecraft.nbt,net.minecraft.server.level,net.minecraft.world.entity,net.minecraft.world.level,net.minecraft.world.level.block.state,net.minecraft.world.level.chunk,net.minecraft.world.level.chunk.storage,net.minecraft.world.level.entity,net.minecraft.world.phys	pending	0	
ca.spottedleaf.moonrise.common.list	ca.spottedleaf.moonrise.common.list	ca/spottedleaf/moonrise/common/list/EntityList.java,ca/spottedleaf/moonrise/common/list/IntList.java,ca/spottedleaf/moonrise/common/list/IteratorSafeOrderedReferenceSet.java,ca/spottedleaf/moonrise/common/list/ReferenceList.java,ca/spottedleaf/moonrise/common/list/ShortList.java,ca/spottedleaf/moonrise/common/list/SortedList.java	paper-server	6	877	rivet-server	4			net.minecraft.world.entity	pending	0	
ca.spottedleaf.moonrise.common.misc	ca.spottedleaf.moonrise.common.misc	ca/spottedleaf/moonrise/common/misc/AllocatingRateLimiter.java,ca/spottedleaf/moonrise/common/misc/Delayed26WayDistancePropagator3D.java,ca/spottedleaf/moonrise/common/misc/Delayed8WayDistancePropagator2D.java,ca/spottedleaf/moonrise/common/misc/LazyRunnable.java,ca/spottedleaf/moonrise/common/misc/NearbyPlayers.java,ca/spottedleaf/moonrise/common/misc/PositionCountingAreaMap.java,ca/spottedleaf/moonrise/common/misc/SingleUserAreaMap.java,ca/spottedleaf/moonrise/common/misc/StaggeredRateLimiter.java	minecraft,paper-server	8	1921	rivet-server	4			net.minecraft.core,net.minecraft.server.level,net.minecraft.world.level	pending	0	
ca.spottedleaf.moonrise.common.util	ca.spottedleaf.moonrise.common.util	ca/spottedleaf/moonrise/common/util/ChunkSystemHooks.java,ca/spottedleaf/moonrise/common/util/CoordinateUtils.java,ca/spottedleaf/moonrise/common/util/EntityUtil.java,ca/spottedleaf/moonrise/common/util/FlatBitsetUtil.java,ca/spottedleaf/moonrise/common/util/JsonUtil.java,ca/spottedleaf/moonrise/common/util/MixinWorkarounds.java,ca/spottedleaf/moonrise/common/util/MoonriseCommon.java,ca/spottedleaf/moonrise/common/util/MoonriseConstants.java,ca/spottedleaf/moonrise/common/util/SimpleThreadUnsafeRandom.java,ca/spottedleaf/moonrise/common/util/ThreadUnsafeRandom.java,ca/spottedleaf/moonrise/common/util/TickThread.java,ca/spottedleaf/moonrise/common/util/WorldUtil.java	paper-server	12	988	rivet-server	4			net.minecraft.core,net.minecraft.server.level,net.minecraft.util,net.minecraft.world.entity,net.minecraft.world.level,net.minecraft.world.level.chunk,net.minecraft.world.level.chunk.status,net.minecraft.world.level.levelgen,net.minecraft.world.phys	pending	0	
ca.spottedleaf.moonrise.paper	ca.spottedleaf.moonrise.paper	ca/spottedleaf/moonrise/paper/PaperHooks.java	minecraft	1	311	rivet-server	4			com.mojang.datafixers,com.mojang.serialization,net.minecraft.core,net.minecraft.nbt,net.minecraft.server.level,net.minecraft.world.entity,net.minecraft.world.entity.boss.enderdragon,net.minecraft.world.level,net.minecraft.world.level.block.state,net.minecraft.world.level.chunk,net.minecraft.world.level.chunk.storage,net.minecraft.world.level.entity,net.minecraft.world.phys	pending	0	
ca.spottedleaf.moonrise.paper.util	ca.spottedleaf.moonrise.paper.util	ca/spottedleaf/moonrise/paper/util/BaseChunkSystemHooks.java	minecraft	1	170	rivet-server	4			net.minecraft.server.level,net.minecraft.world.level.chunk,net.minecraft.world.level.chunk.status	pending	0	
ca.spottedleaf.moonrise.patches.blockstate_propertyaccess.util	ca.spottedleaf.moonrise.patches.blockstate_propertyaccess.util	ca/spottedleaf/moonrise/patches/blockstate_propertyaccess/util/ZeroCollidingReferenceStateTable.java	minecraft	1	166	rivet-server	4			net.minecraft.world.level.block.state,net.minecraft.world.level.block.state.properties	pending	0	
ca.spottedleaf.moonrise.patches.chunk_system	ca.spottedleaf.moonrise.patches.chunk_system	ca/spottedleaf/moonrise/patches/chunk_system/ChunkSystemConverters.java,ca/spottedleaf/moonrise/patches/chunk_system/MoonriseChunkLoadCounter.java	minecraft	2	102	rivet-server	4			net.minecraft,net.minecraft.nbt,net.minecraft.server.level,net.minecraft.util.datafix.fixes,net.minecraft.world.level,net.minecraft.world.level.chunk.status	pending	0	
ca.spottedleaf.moonrise.patches.chunk_system.entity	ca.spottedleaf.moonrise.patches.chunk_system.entity	ca/spottedleaf/moonrise/patches/chunk_system/entity/ChunkSystemEntity.java	minecraft	1	45	rivet-server	4			net.minecraft.server.level,net.minecraft.world.entity,net.minecraft.world.entity.animal.happyghast,net.minecraft.world.entity.monster,net.minecraft.world.entity.vehicle.boat,net.minecraft.world.entity.vehicle.minecart	pending	0	
ca.spottedleaf.moonrise.patches.chunk_system.io	ca.spottedleaf.moonrise.patches.chunk_system.io	ca/spottedleaf/moonrise/patches/chunk_system/io/ChunkSystemRegionFileStorage.java,ca/spottedleaf/moonrise/patches/chunk_system/io/MoonriseRegionFileIO.java	minecraft	2	1527	rivet-server	4			net.minecraft.nbt,net.minecraft.server,net.minecraft.server.level,net.minecraft.world.level.chunk.storage	pending	0	
ca.spottedleaf.moonrise.patches.chunk_system.io.datacontroller	ca.spottedleaf.moonrise.patches.chunk_system.io.datacontroller	ca/spottedleaf/moonrise/patches/chunk_system/io/datacontroller/ChunkDataController.java,ca/spottedleaf/moonrise/patches/chunk_system/io/datacontroller/EntityDataController.java,ca/spottedleaf/moonrise/patches/chunk_system/io/datacontroller/PoiDataController.java	minecraft	3	163	rivet-server	4			net.minecraft.nbt,net.minecraft.server.level,net.minecraft.world.level,net.minecraft.world.level.chunk.storage	pending	0	
ca.spottedleaf.moonrise.patches.chunk_system.level	ca.spottedleaf.moonrise.patches.chunk_system.level	ca/spottedleaf/moonrise/patches/chunk_system/level/ChunkSystemLevel.java,ca/spottedleaf/moonrise/patches/chunk_system/level/ChunkSystemLevelReader.java,ca/spottedleaf/moonrise/patches/chunk_system/level/ChunkSystemServerLevel.java	minecraft	3	113	rivet-server	4			net.minecraft.core,net.minecraft.server.level,net.minecraft.world.level.chunk,net.minecraft.world.level.chunk.status	pending	0	
ca.spottedleaf.moonrise.patches.chunk_system.level.chunk	ca.spottedleaf.moonrise.patches.chunk_system.level.chunk	ca/spottedleaf/moonrise/patches/chunk_system/level/chunk/ChunkData.java,ca/spottedleaf/moonrise/patches/chunk_system/level/chunk/ChunkSystemChunkHolder.java,ca/spottedleaf/moonrise/patches/chunk_system/level/chunk/ChunkSystemChunkStatus.java,ca/spottedleaf/moonrise/patches/chunk_system/level/chunk/ChunkSystemDistanceManager.java,ca/spottedleaf/moonrise/patches/chunk_system/level/chunk/ChunkSystemLevelChunk.java	minecraft	5	98	rivet-server	4			net.minecraft.server.level,net.minecraft.world.level.chunk,net.minecraft.world.level.chunk.status	pending	0	
ca.spottedleaf.moonrise.patches.chunk_system.level.entity	ca.spottedleaf.moonrise.patches.chunk_system.level.entity	ca/spottedleaf/moonrise/patches/chunk_system/level/entity/ChunkEntitySlices.java,ca/spottedleaf/moonrise/patches/chunk_system/level/entity/EntityLookup.java	minecraft	2	1612	rivet-server	4			net.minecraft.core,net.minecraft.nbt,net.minecraft.server.level,net.minecraft.util,net.minecraft.world.entity,net.minecraft.world.entity.boss.enderdragon,net.minecraft.world.level,net.minecraft.world.level.chunk,net.minecraft.world.level.chunk.storage,net.minecraft.world.level.entity,net.minecraft.world.level.storage,net.minecraft.world.phys	pending	0	
ca.spottedleaf.moonrise.patches.chunk_system.level.entity.client	ca.spottedleaf.moonrise.patches.chunk_system.level.entity.client	ca/spottedleaf/moonrise/patches/chunk_system/level/entity/client/ClientEntityLookup.java	minecraft	1	128	rivet-server	4			net.minecraft.server.level,net.minecraft.world.entity,net.minecraft.world.level,net.minecraft.world.level.entity	pending	0	
ca.spottedleaf.moonrise.patches.chunk_system.level.entity.dfl	ca.spottedleaf.moonrise.patches.chunk_system.level.entity.dfl	ca/spottedleaf/moonrise/patches/chunk_system/level/entity/dfl/DefaultEntityLookup.java	minecraft	1	114	rivet-server	4			net.minecraft.server.level,net.minecraft.world.entity,net.minecraft.world.level,net.minecraft.world.level.entity	pending	0	
ca.spottedleaf.moonrise.patches.chunk_system.level.entity.server	ca.spottedleaf.moonrise.patches.chunk_system.level.entity.server	ca/spottedleaf/moonrise/patches/chunk_system/level/entity/server/ServerEntityLookup.java	minecraft	1	167	rivet-server	4			net.minecraft.server.level,net.minecraft.world.entity,net.minecraft.world.entity.projectile.throwableitemprojectile,net.minecraft.world.level.entity	pending	0	
ca.spottedleaf.moonrise.patches.chunk_system.level.poi	ca.spottedleaf.moonrise.patches.chunk_system.level.poi	ca/spottedleaf/moonrise/patches/chunk_system/level/poi/ChunkSystemPoiManager.java,ca/spottedleaf/moonrise/patches/chunk_system/level/poi/ChunkSystemPoiSection.java,ca/spottedleaf/moonrise/patches/chunk_system/level/poi/PoiChunk.java	minecraft	3	233	rivet-server	4			com.mojang.serialization,net.minecraft,net.minecraft.nbt,net.minecraft.resources,net.minecraft.server.level,net.minecraft.world.entity.ai.village.poi,net.minecraft.world.level.chunk	pending	0	
ca.spottedleaf.moonrise.patches.chunk_system.level.storage	ca.spottedleaf.moonrise.patches.chunk_system.level.storage	ca/spottedleaf/moonrise/patches/chunk_system/level/storage/ChunkSystemSectionStorage.java	minecraft	1	13	rivet-server	4			net.minecraft.nbt,net.minecraft.world.level.chunk.storage	pending	0	
ca.spottedleaf.moonrise.patches.chunk_system.player	ca.spottedleaf.moonrise.patches.chunk_system.player	ca/spottedleaf/moonrise/patches/chunk_system/player/ChunkSystemServerPlayer.java,ca/spottedleaf/moonrise/patches/chunk_system/player/RegionizedPlayerChunkLoader.java	minecraft	2	1119	rivet-server	4			net.minecraft.network.protocol,net.minecraft.network.protocol.game,net.minecraft.server.level,net.minecraft.server.network,net.minecraft.world.level,net.minecraft.world.level.chunk,net.minecraft.world.level.chunk.status,net.minecraft.world.level.gamerules,net.minecraft.world.level.levelgen	pending	0	
ca.spottedleaf.moonrise.patches.chunk_system.scheduling	ca.spottedleaf.moonrise.patches.chunk_system.scheduling	ca/spottedleaf/moonrise/patches/chunk_system/scheduling/ChunkHolderManager.java,ca/spottedleaf/moonrise/patches/chunk_system/scheduling/ChunkTaskScheduler.java,ca/spottedleaf/moonrise/patches/chunk_system/scheduling/NewChunkHolder.java,ca/spottedleaf/moonrise/patches/chunk_system/scheduling/PriorityHolder.java,ca/spottedleaf/moonrise/patches/chunk_system/scheduling/ThreadedTicketLevelPropagator.java	minecraft	5	6060	rivet-server	4			net.minecraft,net.minecraft.nbt,net.minecraft.server,net.minecraft.server.level,net.minecraft.util,net.minecraft.world.entity,net.minecraft.world.level,net.minecraft.world.level.chunk,net.minecraft.world.level.chunk.status,net.minecraft.world.level.chunk.storage,net.minecraft.world.phys	pending	0	
ca.spottedleaf.moonrise.patches.chunk_system.scheduling.task	ca.spottedleaf.moonrise.patches.chunk_system.scheduling.task	ca/spottedleaf/moonrise/patches/chunk_system/scheduling/task/ChunkFullTask.java,ca/spottedleaf/moonrise/patches/chunk_system/scheduling/task/ChunkLightTask.java,ca/spottedleaf/moonrise/patches/chunk_system/scheduling/task/ChunkLoadTask.java,ca/spottedleaf/moonrise/patches/chunk_system/scheduling/task/ChunkProgressionTask.java,ca/spottedleaf/moonrise/patches/chunk_system/scheduling/task/ChunkUpgradeGenericStatusTask.java,ca/spottedleaf/moonrise/patches/chunk_system/scheduling/task/GenericDataLoadTask.java	minecraft	6	1816	rivet-server	4			net.minecraft.core.registries,net.minecraft.nbt,net.minecraft.server.level,net.minecraft.util,net.minecraft.world.level,net.minecraft.world.level.chunk,net.minecraft.world.level.chunk.status,net.minecraft.world.level.chunk.storage,net.minecraft.world.level.levelgen.blending	pending	0	
ca.spottedleaf.moonrise.patches.chunk_system.status	ca.spottedleaf.moonrise.patches.chunk_system.status	ca/spottedleaf/moonrise/patches/chunk_system/status/ChunkSystemChunkStep.java	minecraft	1	9	rivet-server	4			net.minecraft.world.level.chunk.status	pending	0	
ca.spottedleaf.moonrise.patches.chunk_system.storage	ca.spottedleaf.moonrise.patches.chunk_system.storage	ca/spottedleaf/moonrise/patches/chunk_system/storage/ChunkSystemChunkBuffer.java,ca/spottedleaf/moonrise/patches/chunk_system/storage/ChunkSystemRegionFile.java,ca/spottedleaf/moonrise/patches/chunk_system/storage/ChunkSystemSimpleRegionStorage.java	minecraft	3	33	rivet-server	4			net.minecraft.nbt,net.minecraft.world.level,net.minecraft.world.level.chunk.storage	pending	0	
ca.spottedleaf.moonrise.patches.chunk_system.ticket	ca.spottedleaf.moonrise.patches.chunk_system.ticket	ca/spottedleaf/moonrise/patches/chunk_system/ticket/ChunkSystemTicket.java,ca/spottedleaf/moonrise/patches/chunk_system/ticket/ChunkSystemTicketStorage.java,ca/spottedleaf/moonrise/patches/chunk_system/ticket/ChunkSystemTicketType.java	minecraft	3	65	rivet-server	4			net.minecraft.server.level	pending	0	
ca.spottedleaf.moonrise.patches.chunk_system.util	ca.spottedleaf.moonrise.patches.chunk_system.util	ca/spottedleaf/moonrise/patches/chunk_system/util/ChunkSystemSortedArraySet.java,ca/spottedleaf/moonrise/patches/chunk_system/util/ParallelSearchRadiusIteration.java	minecraft	2	375	rivet-server	4			net.minecraft.util	pending	0	
ca.spottedleaf.moonrise.patches.chunk_system.util.stream	ca.spottedleaf.moonrise.patches.chunk_system.util.stream	ca/spottedleaf/moonrise/patches/chunk_system/util/stream/ExternalChunkStreamMarker.java,ca/spottedleaf/moonrise/patches/chunk_system/util/stream/TicketSet.java	minecraft	2	296	rivet-server	4			net.minecraft.server.level	pending	0	
ca.spottedleaf.moonrise.patches.chunk_system.world	ca.spottedleaf.moonrise.patches.chunk_system.world	ca/spottedleaf/moonrise/patches/chunk_system/world/ChunkSystemEntityGetter.java,ca/spottedleaf/moonrise/patches/chunk_system/world/ChunkSystemServerChunkCache.java	minecraft	2	23	rivet-server	4			net.minecraft.world.entity,net.minecraft.world.level.chunk,net.minecraft.world.phys	pending	0	
ca.spottedleaf.moonrise.patches.chunk_tick_iteration	ca.spottedleaf.moonrise.patches.chunk_tick_iteration	ca/spottedleaf/moonrise/patches/chunk_tick_iteration/ChunkTickConstants.java,ca/spottedleaf/moonrise/patches/chunk_tick_iteration/ChunkTickDistanceManager.java,ca/spottedleaf/moonrise/patches/chunk_tick_iteration/ChunkTickServerLevel.java	minecraft	3	52	rivet-server	4			net.minecraft.core,net.minecraft.server.level,net.minecraft.world.level.chunk	pending	0	
ca.spottedleaf.moonrise.patches.collisions	ca.spottedleaf.moonrise.patches.collisions	ca/spottedleaf/moonrise/patches/collisions/CollisionUtil.java,ca/spottedleaf/moonrise/patches/collisions/ExplosionBlockCache.java	minecraft	2	2227	rivet-server	4			net.minecraft.core,net.minecraft.util,net.minecraft.world.entity,net.minecraft.world.entity.vehicle.minecart,net.minecraft.world.item,net.minecraft.world.level,net.minecraft.world.level.block,net.minecraft.world.level.block.state,net.minecraft.world.level.border,net.minecraft.world.level.chunk,net.minecraft.world.level.chunk.status,net.minecraft.world.level.material,net.minecraft.world.phys,net.minecraft.world.phys.shapes	pending	0	
ca.spottedleaf.moonrise.patches.collisions.block	ca.spottedleaf.moonrise.patches.collisions.block	ca/spottedleaf/moonrise/patches/collisions/block/CollisionBlockState.java	minecraft	1	29	rivet-server	4			net.minecraft.world.phys.shapes	pending	0	
ca.spottedleaf.moonrise.patches.collisions.shape	ca.spottedleaf.moonrise.patches.collisions.shape	ca/spottedleaf/moonrise/patches/collisions/shape/CachedShapeData.java,ca/spottedleaf/moonrise/patches/collisions/shape/CachedToAABBs.java,ca/spottedleaf/moonrise/patches/collisions/shape/CollisionDiscreteVoxelShape.java,ca/spottedleaf/moonrise/patches/collisions/shape/CollisionVoxelShape.java,ca/spottedleaf/moonrise/patches/collisions/shape/MergedORCache.java	minecraft	5	106	rivet-server	4			net.minecraft.core,net.minecraft.world.phys,net.minecraft.world.phys.shapes	pending	0	
ca.spottedleaf.moonrise.patches.collisions.util	ca.spottedleaf.moonrise.patches.collisions.util	ca/spottedleaf/moonrise/patches/collisions/util/CollisionDirection.java,ca/spottedleaf/moonrise/patches/collisions/util/FluidOcclusionCacheKey.java	minecraft	2	16	rivet-server	4			net.minecraft.core,net.minecraft.world.level.block.state	pending	0	
ca.spottedleaf.moonrise.patches.entity_tracker	ca.spottedleaf.moonrise.patches.entity_tracker	ca/spottedleaf/moonrise/patches/entity_tracker/EntityTrackerEntity.java,ca/spottedleaf/moonrise/patches/entity_tracker/EntityTrackerTrackedEntity.java	minecraft	2	26	rivet-server	4			net.minecraft.server.level	pending	0	
ca.spottedleaf.moonrise.patches.getblock	ca.spottedleaf.moonrise.patches.getblock	ca/spottedleaf/moonrise/patches/getblock/GetBlockChunk.java	minecraft	1	9	rivet-server	4			net.minecraft.world.level.block.state	pending	0	
ca.spottedleaf.moonrise.patches.poi_lookup	ca.spottedleaf.moonrise.patches.poi_lookup	ca/spottedleaf/moonrise/patches/poi_lookup/PoiAccess.java	minecraft	1	798	rivet-server	4			com.mojang.datafixers.util,net.minecraft.core,net.minecraft.util,net.minecraft.world.entity.ai.village.poi	pending	0	
ca.spottedleaf.moonrise.patches.starlight.light	ca.spottedleaf.moonrise.patches.starlight.light	ca/spottedleaf/moonrise/patches/starlight/light/BlockStarLightEngine.java,ca/spottedleaf/moonrise/patches/starlight/light/SWMRNibbleArray.java,ca/spottedleaf/moonrise/patches/starlight/light/SkyStarLightEngine.java,ca/spottedleaf/moonrise/patches/starlight/light/StarLightEngine.java,ca/spottedleaf/moonrise/patches/starlight/light/StarLightInterface.java,ca/spottedleaf/moonrise/patches/starlight/light/StarLightLightingProvider.java	minecraft	6	3825	rivet-server	4			net.minecraft.core,net.minecraft.server.level,net.minecraft.world.level,net.minecraft.world.level.block,net.minecraft.world.level.block.state,net.minecraft.world.level.chunk,net.minecraft.world.level.chunk.status,net.minecraft.world.level.lighting,net.minecraft.world.phys.shapes	pending	0	
ca.spottedleaf.moonrise.patches.starlight.util	ca.spottedleaf.moonrise.patches.starlight.util	ca/spottedleaf/moonrise/patches/starlight/util/SaveUtil.java	minecraft	1	197	rivet-server	4			net.minecraft.nbt,net.minecraft.server.level,net.minecraft.world.level,net.minecraft.world.level.chunk,net.minecraft.world.level.chunk.status	pending	0	
co.aikar.timings	co.aikar.timings	co/aikar/timings/FullServerTickHandler.java,co/aikar/timings/NullTimingHandler.java,co/aikar/timings/TimedEventExecutor.java,co/aikar/timings/Timing.java,co/aikar/timings/TimingData.java,co/aikar/timings/TimingHandler.java,co/aikar/timings/TimingHistory.java,co/aikar/timings/TimingHistoryEntry.java,co/aikar/timings/TimingIdentifier.java,co/aikar/timings/Timings.java,co/aikar/timings/TimingsCommand.java,co/aikar/timings/TimingsManager.java,co/aikar/timings/TimingsReportListener.java,co/aikar/timings/UnsafeTimingHandler.java	paper-api	14	2019	rivet-server	4			org.bukkit,org.bukkit.block,org.bukkit.command,org.bukkit.command.defaults,org.bukkit.entity,org.bukkit.event,org.bukkit.plugin,org.bukkit.plugin.java,org.bukkit.util	pending	0	
com.destroystokyo.paper.block	com.destroystokyo.paper.block	com/destroystokyo/paper/block/BlockSoundGroup.java,com/destroystokyo/paper/block/CraftBlockSoundGroup.java,com/destroystokyo/paper/block/TargetBlockInfo.java	paper-api,paper-server	3	170	rivet-api	4			net.minecraft.world.level.block,org.bukkit,org.bukkit.block,org.bukkit.craftbukkit	pending	0	
com.destroystokyo.paper.entity.ai	com.destroystokyo.paper.entity.ai	com/destroystokyo/paper/entity/ai/Goal.java,com/destroystokyo/paper/entity/ai/GoalKey.java,com/destroystokyo/paper/entity/ai/GoalType.java,com/destroystokyo/paper/entity/ai/MobGoalHelper.java,com/destroystokyo/paper/entity/ai/MobGoals.java,com/destroystokyo/paper/entity/ai/PaperCustomGoal.java,com/destroystokyo/paper/entity/ai/PaperGoal.java,com/destroystokyo/paper/entity/ai/PaperMobGoals.java	paper-api,paper-server	8	843	rivet-api	4			com.destroystokyo.paper.entity,io.papermc.paper.entity,net.minecraft.util,net.minecraft.world.entity.ai.goal,net.minecraft.world.entity.monster,org.bukkit,org.bukkit.craftbukkit.entity,org.bukkit.entity	pending	0	
com.destroystokyo.paper.event.block	com.destroystokyo.paper.event.block	com/destroystokyo/paper/event/block/AnvilDamagedEvent.java,com/destroystokyo/paper/event/block/BeaconEffectEvent.java,com/destroystokyo/paper/event/block/BlockDestroyEvent.java,com/destroystokyo/paper/event/block/TNTPrimeEvent.java	paper-api	4	482	rivet-api	4			org.bukkit,org.bukkit.block,org.bukkit.block.data,org.bukkit.enchantments,org.bukkit.entity,org.bukkit.event,org.bukkit.event.block,org.bukkit.event.inventory,org.bukkit.inventory,org.bukkit.potion	pending	0	
com.destroystokyo.paper.event.brigadier	com.destroystokyo.paper.event.brigadier	com/destroystokyo/paper/event/brigadier/AsyncPlayerSendCommandsEvent.java,com/destroystokyo/paper/event/brigadier/AsyncPlayerSendSuggestionsEvent.java,com/destroystokyo/paper/event/brigadier/CommandRegisteredEvent.java	paper-api	3	325	rivet-api	4			com.destroystokyo.paper.brigadier,com.mojang.brigadier.suggestion,com.mojang.brigadier.tree,io.papermc.paper.command.brigadier,org.bukkit,org.bukkit.command,org.bukkit.entity,org.bukkit.event,org.bukkit.event.player,org.bukkit.event.server	pending	0	
com.destroystokyo.paper.event.inventory	com.destroystokyo.paper.event.inventory	com/destroystokyo/paper/event/inventory/PrepareGrindstoneEvent.java,com/destroystokyo/paper/event/inventory/PrepareResultEvent.java	paper-api	2	73	rivet-api	4			org.bukkit,org.bukkit.event.inventory,org.bukkit.inventory	pending	0	
com.destroystokyo.paper.gui	com.destroystokyo.paper.gui	com/destroystokyo/paper/gui/GraphColor.java,com/destroystokyo/paper/gui/GraphData.java,com/destroystokyo/paper/gui/GuiStatsComponent.java,com/destroystokyo/paper/gui/RAMDetails.java,com/destroystokyo/paper/gui/RAMGraph.java	paper-server	5	368	rivet-api	4			net.minecraft.server,net.minecraft.util	pending	0	
com.destroystokyo.paper.proxy	com.destroystokyo.paper.proxy	com/destroystokyo/paper/proxy/VelocityProxy.java	paper-server	1	89	rivet-api	4			io.papermc.paper.configuration,net.minecraft.network,net.minecraft.network.protocol.login.custom,net.minecraft.resources,net.minecraft.world.entity.player	pending	0	
com.mojang.math	com.mojang.math	com/mojang/math/Axis.java,com/mojang/math/Constants.java,com/mojang/math/Divisor.java,com/mojang/math/GivensParameters.java,com/mojang/math/MatrixUtil.java,com/mojang/math/OctahedralGroup.java,com/mojang/math/Quadrant.java,com/mojang/math/SymmetricGroup3.java,com/mojang/math/Transformation.java,com/mojang/math/package-info.java	minecraft	10	882	rivet-server	4			com.mojang.serialization,net.minecraft.core,net.minecraft.util	pending	0	
mc.gametest	net.minecraft.gametest	net/minecraft/gametest/Main.java,net/minecraft/gametest/package-info.java	minecraft	2	15	rivet-oracle	4			net.minecraft,net.minecraft.gametest.framework	pending	0	
mc.nbt.io	net.minecraft.nbt	net/minecraft/nbt/NbtIo.java	minecraft	1	211	rivet-nbt	4			net.minecraft,net.minecraft.nbt,net.minecraft.util	done	1	
mc.nbt.text	net.minecraft.nbt	net/minecraft/nbt/TextComponentTagVisitor.java	minecraft	1	423	rivet-nbt	4			net.minecraft,net.minecraft.nbt,net.minecraft.network.chat	done	1	
mc.nbt.visitors	net.minecraft.nbt.visitors	net/minecraft/nbt/visitors/CollectFields.java,net/minecraft/nbt/visitors/CollectToTag.java,net/minecraft/nbt/visitors/FieldSelector.java,net/minecraft/nbt/visitors/FieldTree.java,net/minecraft/nbt/visitors/SkipAll.java,net/minecraft/nbt/visitors/SkipFields.java,net/minecraft/nbt/visitors/package-info.java	minecraft	7	485	rivet-nbt	4			net.minecraft.nbt	done	1	
org.spigotmc.event.player	org.spigotmc.event.player	org/spigotmc/event/player/PlayerSpawnLocationEvent.java,org/spigotmc/event/player/package-info.java	paper-api	2	72	rivet-server	4			org.bukkit,org.bukkit.entity,org.bukkit.event,org.bukkit.event.player	pending	0	
paper.advancement	io.papermc.paper.advancement	io/papermc/paper/advancement/AdvancementDisplay.java,io/papermc/paper/advancement/PaperAdvancementDisplay.java	paper-api,paper-server	2	229	rivet-api	4			io.papermc.paper.adventure,net.minecraft.advancements,org.bukkit,org.bukkit.craftbukkit.inventory,org.bukkit.craftbukkit.util,org.bukkit.inventory	pending	0	
paper.antixray	io.papermc.paper.antixray	io/papermc/paper/antixray/BitStorageReader.java,io/papermc/paper/antixray/BitStorageWriter.java,io/papermc/paper/antixray/ChunkPacketBlockController.java,io/papermc/paper/antixray/ChunkPacketBlockControllerAntiXray.java,io/papermc/paper/antixray/ChunkPacketInfo.java,io/papermc/paper/antixray/ChunkPacketInfoAntiXray.java	paper-server	6	962	rivet-api	4			io.papermc.paper.configuration,io.papermc.paper.configuration.type,net.minecraft.core,net.minecraft.core.registries,net.minecraft.network.protocol.game,net.minecraft.server,net.minecraft.server.level,net.minecraft.world.level,net.minecraft.world.level.biome,net.minecraft.world.level.block,net.minecraft.world.level.block.state,net.minecraft.world.level.chunk,org.bukkit	pending	0	
paper.ban	io.papermc.paper.ban	io/papermc/paper/ban/BanListType.java,io/papermc/paper/ban/BanListTypeImpl.java	paper-api	2	39	rivet-api	4			org.bukkit,org.bukkit.ban	pending	0	
paper.block.fluid	io.papermc.paper.block.fluid	io/papermc/paper/block/fluid/FluidData.java,io/papermc/paper/block/fluid/PaperFluidData.java,io/papermc/paper/block/fluid/package-info.java	paper-api,paper-server	3	162	rivet-api	4	129	yes	io.papermc.paper.block.fluid.type,net.minecraft.world.level.material,org.bukkit,org.bukkit.craftbukkit,org.bukkit.craftbukkit.util,org.bukkit.util	pending	0	
paper.block.fluid.type	io.papermc.paper.block.fluid.type	io/papermc/paper/block/fluid/type/FallingFluidData.java,io/papermc/paper/block/fluid/type/FlowingFluidData.java,io/papermc/paper/block/fluid/type/PaperFallingFluidData.java,io/papermc/paper/block/fluid/type/PaperFlowingFluidData.java	paper-api,paper-server	4	55	rivet-api	4	129	yes	io.papermc.paper.block.fluid,net.minecraft.world.level.material	pending	0	
paper.brigadier	io.papermc.paper.brigadier	io/papermc/paper/brigadier/NullCommandSender.java,io/papermc/paper/brigadier/PaperBrigadier.java,io/papermc/paper/brigadier/TagParseCommandSyntaxException.java	paper-api,paper-server	3	214	rivet-api	4			com.mojang.brigadier,com.mojang.brigadier.exceptions,io.papermc.paper.command.brigadier,net.minecraft.network.chat,org.bukkit,org.bukkit.command,org.bukkit.permissions,org.bukkit.plugin	pending	0	
paper.commands	io.papermc.paper.commands	io/papermc/paper/commands/DelegatingCommandSource.java,io/papermc/paper/commands/FeedbackForwardingSender.java,io/papermc/paper/commands/PaperCommandBlockHolder.java	paper-server	3	185	rivet-api	4			io.papermc.paper.adventure,io.papermc.paper.command,net.minecraft.commands,net.minecraft.network.chat,net.minecraft.server.level,net.minecraft.server.permissions,net.minecraft.world.level,net.minecraft.world.phys,org.bukkit.command,org.bukkit.craftbukkit,org.bukkit.craftbukkit.command	pending	0	
paper.console	io.papermc.paper.console	io/papermc/paper/console/BrigadierCommandCompleter.java,io/papermc/paper/console/BrigadierCommandHighlighter.java,io/papermc/paper/console/BrigadierCompletionMatcher.java,io/papermc/paper/console/BrigadierConsoleParser.java	paper-server	4	296	rivet-api	4			com.destroystokyo.paper.event.server,com.mojang.brigadier,com.mojang.brigadier.suggestion,com.mojang.brigadier.tree,io.papermc.paper.adventure,net.minecraft.commands,net.minecraft.network.chat,net.minecraft.server.dedicated	pending	0	
paper.entity.activation	io.papermc.paper.entity.activation	io/papermc/paper/entity/activation/ActivationRange.java,io/papermc/paper/entity/activation/ActivationType.java	minecraft,paper-server	2	385	rivet-api	4			net.minecraft.core,net.minecraft.server,net.minecraft.world.entity,net.minecraft.world.entity.ai,net.minecraft.world.entity.ambient,net.minecraft.world.entity.animal,net.minecraft.world.entity.animal.bee,net.minecraft.world.entity.animal.equine,net.minecraft.world.entity.animal.fish,net.minecraft.world.entity.animal.nautilus,net.minecraft.world.entity.animal.sheep,net.minecraft.world.entity.boss.enderdragon,net.minecraft.world.entity.boss.wither,net.minecraft.world.entity.item,net.minecraft.world.entity.monster,net.minecraft.world.entity.monster.illager,net.minecraft.world.entity.npc.villager,net.minecraft.world.entity.player,net.minecraft.world.entity.projectile,net.minecraft.world.entity.projectile.arrow,net.minecraft.world.entity.projectile.hurtingprojectile,net.minecraft.world.entity.raid,net.minecraft.world.entity.schedule,net.minecraft.world.entity.vehicle.boat,net.minecraft.world.entity.vehicle.minecart,net.minecraft.world.level,net.minecraft.world.phys,org.spigotmc	pending	0	
paper.event.inventory	io.papermc.paper.event.inventory	io/papermc/paper/event/inventory/ItemCraftedEvent.java,io/papermc/paper/event/inventory/PaperInventoryMoveItemEvent.java	minecraft,paper-api	2	82	rivet-api	4			org.bukkit.entity,org.bukkit.event,org.bukkit.event.inventory,org.bukkit.inventory	pending	0	
paper.event.packet	io.papermc.paper.event.packet	io/papermc/paper/event/packet/ClientTickEndEvent.java,io/papermc/paper/event/packet/PlayerChunkLoadEvent.java,io/papermc/paper/event/packet/PlayerChunkUnloadEvent.java,io/papermc/paper/event/packet/UncheckedSignChangeEvent.java	paper-api	4	209	rivet-api	4			io.papermc.paper.math,org.bukkit,org.bukkit.block.sign,org.bukkit.entity,org.bukkit.event,org.bukkit.event.player,org.bukkit.event.world	pending	0	
paper.event.world	io.papermc.paper.event.world	io/papermc/paper/event/world/PaperWorldGameRuleChangeEvent.java,io/papermc/paper/event/world/StructuresLocateEvent.java,io/papermc/paper/event/world/WorldDifficultyChangeEvent.java,io/papermc/paper/event/world/WorldGameRuleChangeEvent.java	paper-api,paper-server	4	349	rivet-api	4			io.papermc.paper.command.brigadier,io.papermc.paper.math,org.bukkit,org.bukkit.command,org.bukkit.craftbukkit,org.bukkit.event,org.bukkit.event.world,org.bukkit.generator.structure	pending	0	
paper.event.world.border	io.papermc.paper.event.world.border	io/papermc/paper/event/world/border/WorldBorderBoundsChangeEvent.java,io/papermc/paper/event/world/border/WorldBorderBoundsChangeFinishEvent.java,io/papermc/paper/event/world/border/WorldBorderCenterChangeEvent.java,io/papermc/paper/event/world/border/WorldBorderEvent.java	paper-api	4	308	rivet-api	4			io.papermc.paper.util,org.bukkit,org.bukkit.event,org.bukkit.event.world	pending	0	
paper.inventory	io.papermc.paper.inventory	io/papermc/paper/inventory/BrewingSimpleContainerData.java,io/papermc/paper/inventory/ItemRarity.java,io/papermc/paper/inventory/PaperInventoryCustomHolderContainer.java	paper-api,paper-server	3	184	rivet-api	4			io.papermc.paper.adventure,net.minecraft.world,net.minecraft.world.entity.player,net.minecraft.world.inventory,net.minecraft.world.item,net.minecraft.world.level.block.entity,org.bukkit,org.bukkit.craftbukkit.entity,org.bukkit.entity,org.bukkit.event.inventory,org.bukkit.inventory	pending	0	
paper.inventory.recipe	io.papermc.paper.inventory.recipe	io/papermc/paper/inventory/recipe/ItemOrExact.java,io/papermc/paper/inventory/recipe/StackedContentsExtrasMap.java	minecraft	2	132	rivet-api	4			net.minecraft.core,net.minecraft.core.component,net.minecraft.world.entity.player,net.minecraft.world.item,net.minecraft.world.item.crafting	pending	0	
paper.logging	io.papermc.paper.logging	io/papermc/paper/logging/SysoutCatcher.java	paper-server	1	94	rivet-api	4			org.bukkit,org.bukkit.plugin.java	pending	0	
paper.redstone	io.papermc.paper.redstone	io/papermc/paper/redstone/RedstoneWireTurbo.java	minecraft	1	949	rivet-api	4			net.minecraft.core,net.minecraft.world.item,net.minecraft.world.level,net.minecraft.world.level.block,net.minecraft.world.level.block.state,org.bukkit.craftbukkit.event	pending	0	
paper.threadedregions	io.papermc.paper.threadedregions	io/papermc/paper/threadedregions/EntityScheduler.java,io/papermc/paper/threadedregions/RegionizedServerInitEvent.java,io/papermc/paper/threadedregions/TickRegions.java	minecraft,paper-api,paper-server	3	339	rivet-api	4			net.minecraft.world.entity,org.bukkit.craftbukkit.entity,org.bukkit.event,org.bukkit.event.server	pending	0	
paper.threadedregions.scheduler	io.papermc.paper.threadedregions.scheduler	io/papermc/paper/threadedregions/scheduler/AsyncScheduler.java,io/papermc/paper/threadedregions/scheduler/EntityScheduler.java,io/papermc/paper/threadedregions/scheduler/FallbackRegionScheduler.java,io/papermc/paper/threadedregions/scheduler/FoliaAsyncScheduler.java,io/papermc/paper/threadedregions/scheduler/FoliaEntityScheduler.java,io/papermc/paper/threadedregions/scheduler/FoliaGlobalRegionScheduler.java,io/papermc/paper/threadedregions/scheduler/GlobalRegionScheduler.java,io/papermc/paper/threadedregions/scheduler/RegionScheduler.java,io/papermc/paper/threadedregions/scheduler/ScheduledTask.java	paper-api,paper-server	9	1342	rivet-api	4			net.minecraft.world.entity,org.bukkit,org.bukkit.craftbukkit.entity,org.bukkit.entity,org.bukkit.plugin	pending	0	
paper.world.worldgen	io.papermc.paper.world.worldgen	io/papermc/paper/world/worldgen/OptionallyFlatBedrockConditionSource.java	paper-server	1	80	rivet-api	4			com.mojang.serialization,net.minecraft.core,net.minecraft.core.registries,net.minecraft.resources,net.minecraft.util,net.minecraft.world.level.levelgen	pending	0	
com.destroystokyo.paper.console	com.destroystokyo.paper.console	com/destroystokyo/paper/console/PaperConsole.java,com/destroystokyo/paper/console/TerminalConsoleCommandSender.java	paper-server	2	79	rivet-api	5			io.papermc.paper.configuration,io.papermc.paper.console,io.papermc.paper.util,net.minecraft.server.dedicated,org.bukkit.craftbukkit.command	pending	0	
mc.nbt.utils	net.minecraft.nbt	net/minecraft/nbt/NbtUtils.java	minecraft	1	560	rivet-nbt	5			com.mojang.brigadier.exceptions,com.mojang.serialization,mc.nbt.snbt,mc.nbt.text,net.minecraft,net.minecraft.core,net.minecraft.core.registries,net.minecraft.nbt,net.minecraft.network.chat,net.minecraft.resources,net.minecraft.util,net.minecraft.world.level.block,net.minecraft.world.level.block.state,net.minecraft.world.level.block.state.properties,net.minecraft.world.level.material,net.minecraft.world.level.storage	done	1	uses snbt (SnbtPrinterTagVisitor, TagParser) and text (TextComponentTagVisitor); those are unit-id deps (shared java_package)
